# Blender 5.2.0 LTS
# www.blender.org
mtllib SmallGuy.obj .mtl
o Object_86
v 0.016072 0.248706 0.073365
v 0.019753 0.243956 0.072083
v 0.046460 0.296860 0.062779
v 0.013337 0.254125 0.074318
v 0.011653 0.260005 0.074905
v 0.011085 0.266120 0.075103
v 0.011654 0.272235 0.074905
v 0.013338 0.278115 0.074318
v 0.016074 0.283534 0.073365
v 0.019755 0.288283 0.072083
v 0.024241 0.292181 0.070520
v 0.029358 0.295077 0.068737
v 0.034911 0.296861 0.066803
v 0.040686 0.297463 0.064791
v 0.057130 0.292180 0.059062
v 0.052013 0.295076 0.060845
v 0.061615 0.288281 0.057499
v 0.065296 0.283531 0.056217
v 0.068031 0.278112 0.055264
v 0.069715 0.272232 0.054677
v 0.070283 0.266117 0.054479
v 0.069714 0.260002 0.054677
v 0.068030 0.254123 0.055264
v 0.065294 0.248704 0.056217
v 0.061613 0.243954 0.057499
v 0.057127 0.240056 0.059062
v 0.052010 0.237160 0.060845
v 0.046457 0.235377 0.062779
v 0.040682 0.234775 0.064791
v 0.034908 0.235377 0.066803
v 0.029355 0.237161 0.068737
v 0.024238 0.240058 0.070520
v -0.016557 0.291665 0.068203
v -0.014904 0.293415 0.068779
v -0.021727 0.296159 0.066402
v -0.012314 0.286190 0.069681
v -0.010371 0.287565 0.070358
v -0.009162 0.279944 0.070780
v -0.007002 0.280891 0.071532
v -0.007220 0.273166 0.071456
v -0.004928 0.273649 0.072255
v -0.006565 0.266118 0.071685
v -0.004228 0.266117 0.072499
v -0.004929 0.258586 0.072255
v -0.007221 0.259069 0.071456
v -0.009163 0.252292 0.070780
v -0.007004 0.251345 0.071532
v -0.012316 0.246046 0.069681
v -0.010373 0.244671 0.070358
v -0.016559 0.240571 0.068203
v -0.014907 0.238821 0.068779
v -0.021730 0.236078 0.066402
v -0.020432 0.234021 0.066854
v -0.027629 0.232740 0.064347
v -0.026734 0.230453 0.064658
v -0.034029 0.230684 0.062117
v -0.033573 0.228257 0.062276
v -0.040685 0.227516 0.059798
v -0.040685 0.229991 0.059798
v -0.047797 0.228258 0.057320
v -0.047341 0.230685 0.057479
v -0.053741 0.232741 0.055249
v -0.054636 0.230455 0.054937
v -0.060938 0.234023 0.052742
v -0.059640 0.236080 0.053194
v -0.066462 0.238824 0.050817
v -0.064810 0.240574 0.051393
v -0.070996 0.244674 0.049237
v -0.069052 0.246049 0.049914
v -0.074364 0.251348 0.048064
v -0.072205 0.252295 0.048816
v -0.076438 0.258590 0.047341
v -0.074146 0.259073 0.048140
v -0.074801 0.266121 0.047911
v -0.077138 0.266121 0.047097
v -0.076437 0.273652 0.047341
v -0.074145 0.273170 0.048140
v -0.074362 0.280894 0.048064
v -0.072203 0.279947 0.048816
v -0.070993 0.287568 0.049237
v -0.069050 0.286193 0.049914
v -0.066459 0.293418 0.050817
v -0.064807 0.291668 0.051393
v -0.059636 0.296160 0.053194
v -0.060935 0.298218 0.052742
v -0.053738 0.299499 0.055249
v -0.054632 0.301785 0.054937
v -0.047793 0.303982 0.057320
v -0.047337 0.301554 0.057479
v -0.040681 0.304723 0.059798
v -0.040681 0.302248 0.059798
v -0.034025 0.301554 0.062117
v -0.033569 0.303981 0.062276
v -0.026730 0.301784 0.064658
v -0.027625 0.299497 0.064347
v -0.020428 0.298216 0.066854
v -0.057129 0.240059 0.059061
v -0.052012 0.237162 0.060844
v -0.046456 0.296862 0.062779
v -0.061614 0.243957 0.057499
v -0.065295 0.248707 0.056216
v -0.068030 0.254126 0.055263
v -0.069714 0.260006 0.054676
v -0.070283 0.266121 0.054478
v -0.069713 0.272236 0.054676
v -0.068029 0.278116 0.055263
v -0.065293 0.283535 0.056216
v -0.061612 0.288284 0.057499
v -0.057126 0.292182 0.059061
v -0.052009 0.295078 0.060844
v -0.034907 0.296861 0.066803
v -0.040681 0.297464 0.064791
v -0.029354 0.295077 0.068737
v -0.024237 0.292180 0.070520
v -0.019752 0.288282 0.072083
v -0.016071 0.283532 0.073365
v -0.013336 0.278113 0.074318
v -0.011652 0.272233 0.074905
v -0.011084 0.266118 0.075103
v -0.011653 0.260003 0.074905
v -0.013337 0.254124 0.074318
v -0.016073 0.248705 0.073365
v -0.019754 0.243955 0.072083
v -0.024240 0.240057 0.070520
v -0.029357 0.237161 0.068737
v -0.034910 0.235378 0.066802
v -0.040685 0.234776 0.064791
v -0.046459 0.235378 0.062779
v 0.054637 0.301784 0.054938
v 0.053742 0.299497 0.055250
v 0.060939 0.298216 0.052742
v 0.047342 0.301554 0.057479
v 0.047798 0.303981 0.057321
v 0.040686 0.302248 0.059798
v 0.040686 0.304723 0.059798
v 0.034030 0.301554 0.062117
v 0.033574 0.303982 0.062276
v 0.026735 0.301785 0.064659
v 0.027630 0.299499 0.064347
v 0.020432 0.298218 0.066855
v 0.021731 0.296160 0.066402
v 0.016560 0.291668 0.068203
v 0.014908 0.293418 0.068779
v 0.012317 0.286193 0.069682
v 0.010374 0.287568 0.070359
v 0.009164 0.279947 0.070780
v 0.007005 0.280894 0.071532
v 0.004930 0.273652 0.072255
v 0.007222 0.273169 0.071457
v 0.004229 0.266121 0.072499
v 0.006566 0.266121 0.071685
v 0.007221 0.259073 0.071457
v 0.004929 0.258590 0.072255
v 0.009162 0.252295 0.070780
v 0.007003 0.251348 0.071532
v 0.010372 0.244674 0.070359
v 0.012315 0.246049 0.069682
v 0.016558 0.240574 0.068203
v 0.014905 0.238824 0.068779
v 0.021728 0.236080 0.066402
v 0.020429 0.234022 0.066854
v 0.027626 0.232741 0.064347
v 0.026731 0.230455 0.064659
v 0.034026 0.230685 0.062117
v 0.033570 0.228258 0.062276
v 0.040682 0.227516 0.059798
v 0.040682 0.229990 0.059798
v 0.047794 0.228257 0.057320
v 0.047338 0.230684 0.057479
v 0.053739 0.232740 0.055250
v 0.054633 0.230453 0.054938
v 0.060936 0.234020 0.052742
v 0.059637 0.236078 0.053194
v 0.066460 0.238821 0.050817
v 0.064808 0.240571 0.051393
v 0.069051 0.246046 0.049915
v 0.070994 0.244671 0.049238
v 0.072204 0.252292 0.048817
v 0.074363 0.251345 0.048064
v 0.076438 0.258586 0.047342
v 0.074146 0.259069 0.048140
v 0.077139 0.266117 0.047098
v 0.074802 0.266117 0.047912
v 0.076439 0.273649 0.047342
v 0.074147 0.273166 0.048140
v 0.074365 0.280891 0.048064
v 0.072206 0.279944 0.048817
v 0.070997 0.287565 0.049238
v 0.069053 0.286190 0.049915
v 0.066463 0.293415 0.050818
v 0.064811 0.291665 0.051393
v 0.059641 0.296158 0.053195
v -0.008696 0.178945 0.043686
v 0.001889 0.185578 0.041388
v 0.042274 0.142184 0.058771
v 0.018610 0.127355 0.063910
v 0.065276 0.062797 0.000000
v 0.049388 0.062797 -0.049388
v 0.000000 0.062797 -0.065276
v 0.000000 0.056331 0.000000
v -0.049388 0.062797 -0.049388
v 0.049388 0.062797 0.049388
v 0.000000 0.062797 0.065276
v -0.065276 0.062797 -0.000000
v -0.049388 0.062797 0.049388
v -0.049388 0.062797 0.049388
v -0.045127 0.093819 0.045127
v 0.000000 0.062797 0.065276
v -0.065276 0.062797 -0.000000
v -0.059645 0.093819 -0.000000
v -0.053117 0.124840 -0.000000
v -0.040188 0.124840 0.040188
v 0.000000 0.093819 0.059645
v 0.049388 0.062797 0.049388
v 0.045127 0.093819 0.045127
v 0.065276 0.062797 0.000000
v 0.059645 0.093819 0.000000
v 0.049388 0.062797 -0.049388
v 0.045127 0.093819 -0.045127
v 0.000000 0.062797 -0.065276
v 0.000000 0.093819 -0.059645
v 0.040188 0.124840 -0.040188
v 0.000000 0.124840 -0.053116
v 0.053117 0.124840 0.000000
v 0.040188 0.124840 0.040188
v -0.000000 0.124840 0.053116
v 0.034198 0.155862 -0.034198
v 0.000000 0.155862 -0.045199
v 0.045200 0.155862 0.000000
v 0.034198 0.155862 0.034198
v 0.000000 0.155862 0.045200
v -0.034198 0.155862 0.034198
v -0.045200 0.155862 -0.000000
v -0.034198 0.155862 -0.034198
v -0.040188 0.124840 -0.040188
v -0.045127 0.093819 -0.045127
v -0.049388 0.062797 -0.049388
v 0.000000 0.124840 -0.053116
v 0.000000 0.093819 -0.059645
v 0.000000 0.062797 -0.065276
v 0.028050 0.186883 -0.028050
v 0.000000 0.186883 -0.037073
v 0.037074 0.186883 0.000000
v 0.028050 0.186883 0.028050
v 0.000000 0.186883 0.037073
v -0.028050 0.186884 0.028050
v -0.037073 0.186883 -0.000000
v -0.028050 0.186883 -0.028050
v 0.000000 0.186883 -0.037073
v 0.000000 0.155862 -0.045199
v -0.028050 0.186884 0.028050
v -0.037073 0.186883 -0.000000
v 0.000000 0.189802 0.000000
v 0.000000 0.186883 0.037073
v 0.037074 0.186883 0.000000
v 0.028050 0.186883 -0.028050
v 0.000000 0.186883 -0.037073
v -0.028050 0.186883 -0.028050
v 0.028050 0.186883 0.028050
v 0.028535 0.072536 -0.024649
v 0.028535 0.001778 -0.018921
v 0.043475 0.001778 -0.014940
v 0.047998 0.072536 -0.019463
v 0.047456 0.001778 -0.000000
v 0.053183 0.072536 0.000000
v 0.043475 0.001778 0.014940
v 0.047998 0.072536 0.019463
v 0.028535 0.001778 0.018921
v 0.028535 0.072536 0.024649
v 0.013594 0.001778 0.014941
v 0.009071 0.072536 0.019463
v 0.009614 0.001778 0.000000
v 0.003886 0.072536 0.000000
v 0.013594 0.001778 -0.014940
v 0.009071 0.072536 -0.019463
v 0.028535 0.001778 -0.018921
v 0.028535 0.072536 -0.024649
v -0.009071 0.072536 -0.019463
v -0.028535 0.072536 -0.024649
v -0.028535 0.001778 -0.018921
v -0.013594 0.001778 -0.014940
v -0.003886 0.072536 0.000000
v -0.009614 0.001778 0.000000
v -0.009071 0.072536 0.019463
v -0.013594 0.001778 0.014940
v -0.028535 0.072536 0.024649
v -0.028535 0.001778 0.018921
v -0.047998 0.072536 0.019463
v -0.043475 0.001778 0.014940
v -0.053183 0.072535 -0.000000
v -0.047456 0.001778 0.000000
v -0.047998 0.072536 -0.019463
v -0.043475 0.001778 -0.014940
v -0.028535 0.072536 -0.024649
v -0.028535 0.001778 -0.018921
v 0.028535 0.001778 0.018921
v 0.043475 0.001778 0.014940
v 0.047456 0.001778 -0.000000
v 0.028535 0.001778 0.000000
v 0.013594 0.001778 0.014941
v 0.009614 0.001778 0.000000
v 0.028535 0.001778 -0.018921
v 0.013594 0.001778 -0.014940
v 0.043475 0.001778 -0.014940
v -0.028535 0.001778 0.000000
v -0.028535 0.001778 -0.018921
v -0.043475 0.001778 -0.014940
v -0.047456 0.001778 0.000000
v -0.009614 0.001778 0.000000
v -0.013594 0.001778 -0.014940
v -0.013594 0.001778 0.014940
v -0.028535 0.001778 0.018921
v -0.043475 0.001778 0.014940
v 0.042274 0.142184 0.058771
v 0.042274 0.139557 0.051190
v 0.018610 0.124728 0.056329
v 0.018610 0.127355 0.063910
v -0.008696 0.178945 0.043686
v -0.008696 0.177770 0.040296
v 0.001889 0.184403 0.037998
v 0.001889 0.185578 0.041388
v -0.008696 0.177770 0.040296
v -0.008696 0.178945 0.043686
v 0.018610 0.127355 0.063910
v 0.018610 0.124728 0.056329
v 0.001889 0.184403 0.037998
v -0.008696 0.177770 0.040296
v 0.018610 0.124728 0.056329
v 0.042274 0.139557 0.051190
v 0.001889 0.185578 0.041388
v 0.001889 0.184403 0.037998
v 0.042274 0.139557 0.051190
v 0.042274 0.142184 0.058771
v -0.078919 0.063331 -0.099031
v -0.078919 0.063331 -0.114147
v -0.247505 0.073371 -0.112967
v -0.247505 0.073371 -0.100213
v -0.212788 0.260225 -0.114148
v -0.259397 0.090861 -0.112967
v -0.256424 0.086488 -0.114950
v -0.177359 0.208117 -0.153334
v -0.253451 0.082116 -0.112967
v -0.119397 0.360782 -0.116743
v -0.141931 0.156009 -0.170346
v -0.250478 0.077743 -0.114950
v -0.075800 0.296660 -0.169388
v 0.008460 0.410647 -0.114146
v 0.194990 0.374215 -0.112964
v 0.192017 0.378588 -0.114947
v 0.142328 0.213753 -0.114146
v 0.110823 0.260092 -0.153333
v 0.044677 0.119461 -0.116742
v 0.006237 0.176000 -0.169387
v -0.078919 0.063331 -0.114147
v -0.110425 0.109669 -0.153334
v -0.247505 0.073371 -0.112967
v -0.032203 0.232538 -0.192242
v 0.043889 0.358539 -0.153333
v 0.183098 0.391706 -0.112964
v 0.186071 0.387333 -0.114947
v 0.079317 0.306431 -0.170345
v 0.189044 0.382961 -0.112964
v -0.176369 0.166672 -0.044969
v -0.183638 0.166138 -0.047552
v -0.169035 0.165726 -0.042705
v -0.155296 0.159593 -0.039467
v -0.161920 0.163336 -0.040847
v -0.165764 0.090154 -0.058985
v -0.206745 0.150428 -0.058985
v -0.196879 0.160766 -0.053269
v -0.202343 0.156135 -0.056183
v -0.190563 0.164144 -0.050354
v -0.158839 0.092149 -0.056183
v -0.152523 0.095526 -0.053268
v -0.147059 0.100157 -0.050354
v -0.142657 0.105864 -0.047551
v -0.138321 0.134627 -0.039466
v -0.144511 0.148672 -0.038329
v -0.149417 0.154642 -0.038616
v -0.140764 0.141914 -0.038616
v -0.137671 0.119594 -0.042705
v -0.139487 0.112427 -0.044969
v -0.137277 0.127090 -0.040847
v -0.187482 0.092957 -0.065690
v -0.180367 0.090566 -0.063832
v -0.194106 0.096699 -0.067070
v -0.173033 0.089620 -0.061568
v -0.211081 0.121666 -0.067070
v -0.211732 0.136698 -0.063832
v -0.209915 0.143865 -0.061568
v -0.212125 0.129202 -0.065690
v -0.199985 0.101650 -0.067920
v -0.204892 0.107620 -0.068207
v -0.208638 0.114378 -0.067920
v 0.008460 0.410647 -0.099030
v 0.183098 0.391706 -0.100211
v 0.186071 0.387333 -0.098227
v -0.247505 0.073371 -0.100213
v -0.250478 0.077743 -0.098230
v -0.078919 0.063331 -0.099031
v -0.110425 0.109669 -0.059845
v 0.044677 0.119461 -0.096435
v 0.006237 0.175999 -0.043790
v 0.142328 0.213753 -0.099030
v 0.110822 0.260092 -0.059843
v 0.194990 0.374215 -0.100211
v 0.192017 0.378588 -0.098227
v 0.079317 0.306431 -0.042831
v 0.189044 0.382960 -0.100211
v 0.043888 0.358539 -0.059843
v -0.119397 0.360782 -0.096435
v -0.256424 0.086488 -0.098230
v -0.259397 0.090861 -0.100213
v -0.177359 0.208117 -0.059845
v -0.212788 0.260225 -0.099032
v -0.075800 0.296660 -0.043790
v -0.032204 0.232538 -0.020936
v -0.141931 0.156008 -0.042833
v -0.253451 0.082116 -0.100213
v -0.149417 0.154642 -0.174563
v -0.144510 0.148672 -0.174850
v -0.155296 0.159593 -0.173713
v -0.161920 0.163336 -0.172332
v -0.169035 0.165726 -0.170474
v -0.196879 0.160766 -0.159911
v -0.190563 0.164144 -0.162826
v -0.183637 0.166138 -0.165628
v -0.176368 0.166672 -0.168211
v -0.137276 0.127090 -0.172332
v -0.137670 0.119594 -0.170474
v -0.138321 0.134627 -0.173713
v -0.140763 0.141914 -0.174563
v -0.152522 0.095526 -0.159911
v -0.211731 0.136698 -0.149348
v -0.202343 0.156135 -0.156997
v -0.206744 0.150428 -0.154195
v -0.209915 0.143865 -0.151612
v -0.139487 0.112427 -0.168210
v -0.142657 0.105864 -0.165628
v -0.147058 0.100157 -0.162825
v -0.158838 0.092149 -0.156997
v -0.165764 0.090154 -0.154194
v -0.173033 0.089620 -0.151612
v -0.180366 0.090566 -0.149348
v -0.204892 0.107620 -0.144973
v -0.208638 0.114378 -0.145260
v -0.211081 0.121666 -0.146110
v -0.212125 0.129202 -0.147490
v -0.199985 0.101651 -0.145260
v -0.194106 0.096699 -0.146110
v -0.187482 0.092957 -0.147490
v 0.142328 0.213753 -0.099030
v 0.142328 0.213753 -0.114146
v 0.044677 0.119461 -0.116742
v 0.044677 0.119461 -0.096435
v -0.078919 0.063331 -0.114147
v -0.078919 0.063331 -0.099031
v -0.212788 0.260225 -0.099032
v -0.212788 0.260225 -0.114148
v -0.119397 0.360782 -0.116743
v -0.119397 0.360782 -0.096435
v 0.008460 0.410647 -0.114146
v 0.008460 0.410647 -0.099030
v -0.164574 0.171231 -0.045005
v -0.162720 0.172492 -0.050485
v -0.171375 0.175400 -0.052745
v -0.173230 0.174139 -0.047265
v -0.180296 0.176551 -0.055499
v -0.182151 0.175290 -0.050019
v -0.189139 0.175901 -0.058641
v -0.190993 0.174640 -0.053161
v -0.197564 0.173475 -0.062050
v -0.199418 0.172214 -0.056570
v -0.205247 0.169366 -0.065596
v -0.207102 0.168105 -0.060116
v -0.141141 0.101318 -0.053161
v -0.139287 0.102579 -0.058641
v -0.135431 0.110563 -0.055499
v -0.137285 0.109302 -0.050019
v -0.133221 0.119282 -0.052745
v -0.135075 0.118021 -0.047265
v -0.132742 0.128400 -0.050485
v -0.134596 0.127139 -0.045005
v -0.134012 0.137568 -0.048806
v -0.135867 0.136307 -0.043326
v -0.136984 0.146433 -0.047772
v -0.138838 0.145172 -0.042292
v -0.141541 0.154654 -0.047423
v -0.143396 0.153393 -0.041943
v -0.147511 0.161916 -0.047772
v -0.149365 0.160655 -0.042292
v -0.154662 0.167939 -0.048806
v -0.156516 0.166678 -0.043326
v -0.210879 0.096193 -0.077939
v -0.209025 0.097453 -0.083419
v -0.201873 0.091430 -0.082385
v -0.203728 0.090169 -0.076905
v -0.193815 0.086877 -0.080706
v -0.195669 0.085616 -0.075226
v -0.185159 0.083969 -0.078446
v -0.187014 0.082709 -0.072966
v -0.176239 0.082818 -0.075692
v -0.178093 0.081558 -0.070212
v -0.167396 0.083468 -0.072550
v -0.169250 0.082207 -0.067070
v -0.158971 0.085894 -0.069141
v -0.160826 0.084633 -0.063661
v -0.151288 0.090003 -0.065595
v -0.153142 0.088742 -0.060115
v -0.144641 0.095637 -0.062050
v -0.146496 0.094376 -0.056570
v -0.207102 0.168105 -0.060116
v -0.205247 0.169366 -0.065596
v -0.211893 0.163732 -0.069141
v -0.213748 0.162471 -0.063661
v -0.217248 0.156790 -0.072550
v -0.219102 0.155529 -0.067070
v -0.221104 0.148806 -0.075692
v -0.222959 0.147545 -0.070212
v -0.223314 0.140088 -0.078446
v -0.225169 0.138827 -0.072966
v -0.223793 0.130969 -0.080706
v -0.225647 0.129708 -0.075226
v -0.222523 0.121801 -0.082385
v -0.224377 0.120540 -0.076905
v -0.219551 0.112936 -0.083419
v -0.221406 0.111676 -0.077939
v -0.214994 0.104715 -0.083768
v -0.216848 0.103454 -0.078289
v -0.092634 0.017460 -0.106589
v -0.092228 0.022771 -0.119127
v -0.106314 0.023846 -0.115128
v -0.112911 0.024350 -0.106589
v -0.071546 0.021192 -0.106589
v -0.078143 0.021695 -0.115128
v -0.078143 0.021695 -0.098051
v -0.092229 0.022771 -0.094052
v -0.106314 0.023846 -0.098051
v -0.199418 0.172214 -0.156609
v -0.198464 0.170051 -0.156434
v -0.205768 0.166145 -0.153064
v -0.190993 0.174640 -0.160018
v -0.190456 0.172357 -0.159675
v -0.182150 0.175290 -0.163160
v -0.182050 0.172974 -0.162661
v -0.173229 0.174139 -0.165914
v -0.173570 0.171880 -0.165279
v -0.164574 0.171231 -0.168174
v -0.165342 0.169116 -0.167427
v -0.156516 0.166678 -0.169853
v -0.157682 0.164788 -0.169024
v -0.149365 0.160655 -0.170887
v -0.150884 0.159062 -0.170007
v -0.143395 0.153393 -0.171236
v -0.145210 0.152160 -0.170338
v -0.138837 0.145172 -0.170887
v -0.140877 0.144344 -0.170007
v -0.135866 0.136307 -0.169853
v -0.138053 0.135918 -0.169024
v -0.134596 0.127139 -0.168174
v -0.136845 0.127203 -0.167427
v -0.135075 0.118021 -0.165914
v -0.137301 0.118535 -0.165279
v -0.137285 0.109302 -0.163160
v -0.139401 0.110247 -0.162661
v -0.141141 0.101318 -0.160018
v -0.143067 0.102658 -0.159674
v -0.146495 0.094376 -0.156609
v -0.148157 0.096058 -0.156434
v -0.153142 0.088742 -0.153064
v -0.154475 0.090703 -0.153064
v -0.160825 0.084633 -0.149519
v -0.161779 0.086797 -0.149694
v -0.169250 0.082207 -0.146110
v -0.169787 0.084491 -0.146453
v -0.178093 0.081557 -0.142968
v -0.178193 0.083873 -0.143467
v -0.187014 0.082709 -0.140214
v -0.186673 0.084967 -0.140849
v -0.195669 0.085616 -0.137954
v -0.194901 0.087732 -0.138701
v -0.203728 0.090169 -0.136275
v -0.202561 0.092059 -0.137104
v -0.210879 0.096193 -0.135241
v -0.209359 0.097785 -0.136121
v -0.216848 0.103454 -0.134891
v -0.215033 0.104688 -0.135789
v -0.221406 0.111675 -0.135241
v -0.219366 0.112503 -0.136121
v -0.224377 0.120540 -0.136275
v -0.222190 0.120930 -0.137105
v -0.225647 0.129708 -0.137954
v -0.223398 0.129645 -0.138701
v -0.225168 0.138827 -0.140214
v -0.222942 0.138313 -0.140849
v -0.222958 0.147545 -0.142968
v -0.220842 0.146601 -0.143467
v -0.219102 0.155529 -0.146110
v -0.217176 0.154190 -0.146453
v -0.213747 0.162471 -0.149519
v -0.212086 0.160789 -0.149694
v -0.207101 0.168105 -0.153064
v 0.250312 0.424615 -0.100210
v 0.250312 0.424615 -0.112964
v 0.270815 0.389429 -0.114947
v 0.270815 0.389429 -0.098227
v 0.291318 0.354242 -0.112964
v 0.291318 0.354242 -0.100210
v -0.161920 0.163336 -0.040847
v -0.160396 0.164372 -0.045352
v -0.167511 0.166763 -0.047210
v -0.169035 0.165726 -0.042705
v -0.174844 0.167709 -0.049474
v -0.176369 0.166672 -0.044969
v -0.182113 0.167175 -0.052056
v -0.183638 0.166138 -0.047552
v -0.189039 0.165180 -0.054859
v -0.190563 0.164144 -0.050354
v -0.195355 0.161803 -0.057773
v -0.196879 0.160766 -0.053269
v -0.142657 0.105864 -0.047551
v -0.141133 0.106901 -0.052056
v -0.137963 0.113464 -0.049473
v -0.139487 0.112427 -0.044969
v -0.136146 0.120631 -0.047210
v -0.137671 0.119594 -0.042705
v -0.135752 0.128127 -0.045352
v -0.137277 0.127090 -0.040847
v -0.136797 0.135663 -0.043971
v -0.138321 0.134627 -0.039466
v -0.139239 0.142951 -0.043121
v -0.140764 0.141914 -0.038616
v -0.142986 0.149709 -0.042834
v -0.144511 0.148672 -0.038329
v -0.147893 0.155678 -0.043121
v -0.149417 0.154642 -0.038616
v -0.153772 0.160630 -0.043971
v -0.155296 0.159593 -0.039467
v -0.199985 0.101650 -0.067920
v -0.198461 0.102687 -0.072425
v -0.192582 0.097736 -0.071575
v -0.194106 0.096699 -0.067070
v -0.185958 0.093993 -0.070194
v -0.187482 0.092957 -0.065690
v -0.178842 0.091603 -0.068336
v -0.180367 0.090566 -0.063832
v -0.171509 0.090656 -0.066073
v -0.173033 0.089620 -0.061568
v -0.164240 0.091191 -0.063490
v -0.165764 0.090154 -0.058985
v -0.157314 0.093185 -0.060688
v -0.158839 0.092149 -0.056183
v -0.150998 0.096563 -0.057773
v -0.152523 0.095526 -0.053268
v -0.145534 0.101194 -0.054859
v -0.147059 0.100157 -0.050354
v -0.196879 0.160766 -0.053269
v -0.195355 0.161803 -0.057773
v -0.200819 0.157171 -0.060688
v -0.202343 0.156135 -0.056183
v -0.205220 0.151465 -0.063490
v -0.206745 0.150428 -0.058985
v -0.208390 0.144901 -0.066073
v -0.209915 0.143865 -0.061568
v -0.210207 0.137734 -0.068337
v -0.211732 0.136698 -0.063832
v -0.210601 0.130239 -0.070194
v -0.212125 0.129202 -0.065690
v -0.209556 0.122702 -0.071575
v -0.211081 0.121666 -0.067070
v -0.207114 0.115415 -0.072425
v -0.208638 0.114378 -0.067920
v -0.203367 0.108657 -0.072712
v -0.204892 0.107620 -0.068207
v -0.190563 0.164144 -0.162826
v -0.196879 0.160766 -0.159911
v -0.195355 0.161803 -0.155407
v -0.189039 0.165180 -0.158321
v -0.183637 0.166138 -0.165628
v -0.182113 0.167175 -0.161123
v -0.176368 0.166672 -0.168211
v -0.174844 0.167709 -0.163706
v -0.169035 0.165726 -0.170474
v -0.167511 0.166763 -0.165970
v -0.161920 0.163336 -0.172332
v -0.160395 0.164372 -0.167827
v -0.155296 0.159593 -0.173713
v -0.153771 0.160629 -0.169208
v -0.149417 0.154642 -0.174563
v -0.147893 0.155678 -0.170058
v -0.144510 0.148672 -0.174850
v -0.142986 0.149709 -0.170345
v -0.140763 0.141914 -0.174563
v -0.139239 0.142951 -0.170058
v -0.138321 0.134627 -0.173713
v -0.136796 0.135663 -0.169208
v -0.137276 0.127090 -0.172332
v -0.135752 0.128127 -0.167827
v -0.137670 0.119594 -0.170474
v -0.136146 0.120631 -0.165970
v -0.139487 0.112427 -0.168210
v -0.137963 0.113464 -0.163706
v -0.142657 0.105864 -0.165628
v -0.141133 0.106901 -0.161123
v -0.147058 0.100157 -0.162825
v -0.145534 0.101194 -0.158321
v -0.152522 0.095526 -0.159911
v -0.150998 0.096562 -0.155406
v -0.158838 0.092149 -0.156997
v -0.157314 0.093185 -0.152492
v -0.165764 0.090154 -0.154194
v -0.164240 0.091191 -0.149689
v -0.173033 0.089620 -0.151612
v -0.171509 0.090656 -0.147107
v -0.180366 0.090566 -0.149348
v -0.178842 0.091603 -0.144843
v -0.187482 0.092957 -0.147490
v -0.185957 0.093993 -0.142985
v -0.194106 0.096699 -0.146110
v -0.192582 0.097736 -0.141605
v -0.199985 0.101651 -0.145260
v -0.198460 0.102687 -0.140755
v -0.204892 0.107620 -0.144973
v -0.203367 0.108657 -0.140468
v -0.208638 0.114378 -0.145260
v -0.207114 0.115415 -0.140755
v -0.211081 0.121666 -0.146110
v -0.209556 0.122702 -0.141605
v -0.212125 0.129202 -0.147490
v -0.210601 0.130239 -0.142985
v -0.211731 0.136698 -0.149348
v -0.210207 0.137734 -0.144843
v -0.209915 0.143865 -0.151612
v -0.208390 0.144901 -0.147107
v -0.206744 0.150428 -0.154195
v -0.205220 0.151465 -0.149690
v -0.202343 0.156135 -0.156997
v -0.200818 0.157171 -0.152492
v -0.196879 0.160766 -0.159911
v -0.195355 0.161803 -0.155407
v -0.199418 0.172214 -0.156609
v -0.207101 0.168105 -0.153064
v -0.205247 0.169366 -0.147584
v -0.197563 0.173475 -0.151129
v -0.190993 0.174640 -0.160018
v -0.189138 0.175901 -0.154538
v -0.182150 0.175290 -0.163160
v -0.180296 0.176551 -0.157680
v -0.173229 0.174139 -0.165914
v -0.171375 0.175400 -0.160434
v -0.164574 0.171231 -0.168174
v -0.162719 0.172492 -0.162694
v -0.156516 0.166678 -0.169853
v -0.154661 0.167939 -0.164373
v -0.149365 0.160655 -0.170887
v -0.147510 0.161916 -0.165407
v -0.143395 0.153393 -0.171236
v -0.141541 0.154654 -0.165756
v -0.138837 0.145172 -0.170887
v -0.136983 0.146433 -0.165407
v -0.135866 0.136307 -0.169853
v -0.134012 0.137568 -0.164373
v -0.134596 0.127139 -0.168174
v -0.132741 0.128400 -0.162694
v -0.135075 0.118021 -0.165914
v -0.133221 0.119281 -0.160434
v -0.137285 0.109302 -0.163160
v -0.135431 0.110563 -0.157680
v -0.141141 0.101318 -0.160018
v -0.139287 0.102579 -0.154538
v -0.146495 0.094376 -0.156609
v -0.144641 0.095637 -0.151129
v -0.153142 0.088742 -0.153064
v -0.151288 0.090003 -0.147584
v -0.160825 0.084633 -0.149519
v -0.158971 0.085894 -0.144039
v -0.169250 0.082207 -0.146110
v -0.167396 0.083468 -0.140629
v -0.178093 0.081557 -0.142968
v -0.176238 0.082818 -0.137488
v -0.187014 0.082709 -0.140214
v -0.185159 0.083969 -0.134734
v -0.195669 0.085616 -0.137954
v -0.193815 0.086877 -0.132474
v -0.203728 0.090169 -0.136275
v -0.201873 0.091430 -0.130795
v -0.210879 0.096193 -0.135241
v -0.209024 0.097453 -0.129761
v -0.216848 0.103454 -0.134891
v -0.214994 0.104715 -0.129411
v -0.221406 0.111675 -0.135241
v -0.219551 0.112936 -0.129761
v -0.224377 0.120540 -0.136275
v -0.222522 0.121801 -0.130795
v -0.225647 0.129708 -0.137954
v -0.223793 0.130969 -0.132474
v -0.225168 0.138827 -0.140214
v -0.223314 0.140088 -0.134734
v -0.222958 0.147545 -0.142968
v -0.221104 0.148806 -0.137488
v -0.219102 0.155529 -0.146110
v -0.217247 0.156790 -0.140630
v -0.213747 0.162471 -0.149519
v -0.211893 0.163732 -0.144039
v -0.207101 0.168105 -0.153064
v -0.205247 0.169366 -0.147584
v -0.225169 0.138827 -0.072966
v -0.225647 0.129708 -0.075226
v -0.223398 0.129645 -0.074479
v -0.222943 0.138313 -0.072331
v -0.222959 0.147545 -0.070212
v -0.220842 0.146601 -0.069713
v -0.219102 0.155529 -0.067070
v -0.217176 0.154190 -0.066727
v -0.213748 0.162471 -0.063661
v -0.212086 0.160789 -0.063486
v -0.207102 0.168105 -0.060116
v -0.205768 0.166145 -0.060116
v -0.199418 0.172214 -0.056570
v -0.198465 0.170051 -0.056746
v -0.190993 0.174640 -0.053161
v -0.190456 0.172357 -0.053505
v -0.182151 0.175290 -0.050019
v -0.182050 0.172974 -0.050518
v -0.173230 0.174139 -0.047265
v -0.173571 0.171880 -0.047900
v -0.164574 0.171231 -0.045005
v -0.165342 0.169116 -0.045752
v -0.156516 0.166678 -0.043326
v -0.157682 0.164788 -0.044156
v -0.149365 0.160655 -0.042292
v -0.150884 0.159062 -0.043173
v -0.143396 0.153393 -0.041943
v -0.145210 0.152160 -0.042841
v -0.138838 0.145172 -0.042292
v -0.140878 0.144344 -0.043172
v -0.135867 0.136307 -0.043326
v -0.138053 0.135918 -0.044155
v -0.134596 0.127139 -0.045005
v -0.136846 0.127203 -0.045752
v -0.135075 0.118021 -0.047265
v -0.137301 0.118535 -0.047900
v -0.137285 0.109302 -0.050019
v -0.139402 0.110247 -0.050518
v -0.141141 0.101318 -0.053161
v -0.143068 0.102658 -0.053505
v -0.146496 0.094376 -0.056570
v -0.148157 0.096058 -0.056745
v -0.153142 0.088742 -0.060115
v -0.154476 0.090703 -0.060115
v -0.160826 0.084633 -0.063661
v -0.161779 0.086797 -0.063486
v -0.169250 0.082207 -0.067070
v -0.169788 0.084491 -0.066726
v -0.178093 0.081558 -0.070212
v -0.178193 0.083873 -0.069713
v -0.187014 0.082709 -0.072966
v -0.186673 0.084967 -0.072331
v -0.195669 0.085616 -0.075226
v -0.194901 0.087732 -0.074479
v -0.203728 0.090169 -0.076905
v -0.202562 0.092060 -0.076075
v -0.210879 0.096193 -0.077939
v -0.209359 0.097785 -0.077059
v -0.216848 0.103454 -0.078289
v -0.215033 0.104688 -0.077391
v -0.221406 0.111676 -0.077939
v -0.219366 0.112503 -0.077059
v -0.224377 0.120540 -0.076905
v -0.222191 0.120930 -0.076075
v -0.066956 0.081817 -0.119103
v -0.087599 0.083394 -0.124964
v -0.092228 0.022771 -0.119127
v -0.078143 0.021695 -0.115128
v -0.057288 0.081079 -0.106589
v -0.071546 0.021192 -0.106589
v -0.066956 0.081817 -0.094075
v -0.078143 0.021695 -0.098051
v -0.087599 0.083394 -0.088214
v -0.092229 0.022771 -0.094052
v -0.108243 0.084970 -0.094075
v -0.106314 0.023846 -0.098051
v -0.117911 0.085708 -0.106589
v -0.112911 0.024350 -0.106589
v -0.108243 0.084970 -0.119103
v -0.106314 0.023846 -0.115128
v -0.087599 0.083394 -0.124964
v -0.092228 0.022771 -0.119127
v 0.114872 0.128179 -0.106588
v 0.109440 0.124402 -0.115127
v 0.097842 0.116337 -0.119126
v 0.100883 0.111964 -0.106588
v 0.109440 0.124402 -0.098049
v 0.097842 0.116337 -0.094050
v 0.080812 0.104496 -0.106588
v 0.086243 0.108273 -0.098050
v 0.086243 0.108273 -0.115127
v 0.008460 0.410647 -0.099030
v 0.008460 0.410647 -0.114146
v 0.183098 0.391706 -0.112964
v 0.183098 0.391706 -0.100211
v 0.291318 0.354242 -0.112964
v 0.194990 0.374215 -0.112964
v 0.194990 0.374215 -0.100211
v 0.291318 0.354242 -0.100210
v 0.199949 0.488627 -0.100210
v 0.183098 0.391706 -0.100211
v 0.183098 0.391706 -0.112964
v 0.199949 0.488627 -0.112964
v 0.199949 0.488627 -0.112964
v 0.183098 0.391706 -0.112964
v 0.186071 0.387333 -0.114947
v 0.225130 0.456622 -0.114947
v 0.189044 0.382961 -0.112964
v 0.250312 0.424615 -0.112964
v 0.192017 0.378588 -0.114947
v 0.270815 0.389429 -0.114947
v 0.194990 0.374215 -0.112964
v 0.291318 0.354242 -0.112964
v -0.259397 0.090861 -0.112967
v -0.259397 0.090861 -0.100213
v -0.256424 0.086488 -0.098230
v -0.256424 0.086488 -0.114950
v -0.253451 0.082116 -0.100213
v -0.253451 0.082116 -0.112967
v -0.250478 0.077743 -0.098230
v -0.250478 0.077743 -0.114950
v -0.247505 0.073371 -0.100213
v -0.247505 0.073371 -0.112967
v 0.199949 0.488627 -0.100210
v 0.199949 0.488627 -0.112964
v 0.225130 0.456622 -0.114947
v 0.225130 0.456622 -0.098227
v 0.250312 0.424615 -0.112964
v 0.250312 0.424615 -0.100210
v -0.222142 0.224998 -0.111564
v -0.222142 0.224998 -0.101616
v -0.217869 0.218714 -0.101616
v -0.217869 0.218714 -0.111564
v -0.219839 0.268532 -0.111564
v -0.222142 0.224998 -0.111564
v -0.217869 0.218714 -0.111564
v -0.208633 0.255573 -0.111564
v -0.131461 0.379528 -0.111563
v -0.116931 0.358088 -0.111563
v 0.007239 0.443262 -0.111562
v 0.011735 0.406117 -0.111562
v 0.100851 0.441111 -0.111562
v 0.105422 0.393679 -0.111562
v 0.007239 0.443262 -0.101614
v 0.100851 0.441110 -0.101614
v 0.105422 0.393679 -0.101614
v 0.011735 0.406117 -0.101614
v -0.131461 0.379528 -0.101615
v -0.116931 0.358088 -0.101615
v -0.219839 0.268532 -0.101616
v -0.208633 0.255573 -0.101616
v -0.222142 0.224998 -0.101616
v -0.217869 0.218714 -0.101616
v 0.100851 0.441110 -0.101614
v 0.100851 0.441111 -0.111562
v 0.105422 0.393679 -0.111562
v 0.105422 0.393679 -0.101614
v -0.222142 0.224998 -0.101616
v -0.222142 0.224998 -0.111564
v -0.219839 0.268532 -0.111564
v -0.219839 0.268532 -0.101616
v 0.007239 0.443262 -0.101614
v 0.007239 0.443262 -0.111562
v 0.100851 0.441111 -0.111562
v 0.100851 0.441110 -0.101614
v -0.131461 0.379528 -0.101615
v -0.131461 0.379528 -0.111563
v 0.007239 0.443262 -0.111562
v 0.007239 0.443262 -0.101614
v -0.219839 0.268532 -0.101616
v -0.219839 0.268532 -0.111564
v -0.131461 0.379528 -0.111563
v -0.131461 0.379528 -0.101615
v 0.080131 0.178074 -0.119102
v 0.063132 0.166255 -0.124963
v 0.097842 0.116337 -0.119126
v 0.109440 0.124402 -0.115127
v 0.088092 0.183610 -0.106588
v 0.114872 0.128179 -0.106588
v 0.080131 0.178074 -0.094074
v 0.109440 0.124402 -0.098049
v 0.063132 0.166255 -0.088213
v 0.097842 0.116337 -0.094050
v 0.046134 0.154436 -0.094074
v 0.086243 0.108273 -0.098050
v 0.038173 0.148900 -0.106588
v 0.080812 0.104496 -0.106588
v 0.046134 0.154436 -0.119102
v 0.086243 0.108273 -0.115127
v 0.063132 0.166255 -0.124963
v 0.097842 0.116337 -0.119126
v -0.259397 0.090861 -0.100213
v -0.259397 0.090861 -0.112967
v -0.212788 0.260225 -0.114148
v -0.212788 0.260225 -0.099032
v 0.194990 0.374215 -0.100211
v 0.194990 0.374215 -0.112964
v 0.142328 0.213753 -0.114146
v 0.142328 0.213753 -0.099030
v 0.291318 0.354242 -0.100210
v 0.194990 0.374215 -0.100211
v 0.192017 0.378588 -0.098227
v 0.270815 0.389429 -0.098227
v 0.189044 0.382960 -0.100211
v 0.250312 0.424615 -0.100210
v 0.186071 0.387333 -0.098227
v 0.225130 0.456622 -0.098227
v 0.183098 0.391706 -0.100211
v 0.199949 0.488627 -0.100210
v 0.015484 0.336961 -0.000466
v 0.025950 0.332070 0.012846
v 0.013858 0.348667 0.000720
v 0.039773 0.320125 0.019111
v 0.030220 0.341106 0.011418
v 0.006517 0.350368 0.004480
v 0.042448 0.316771 0.025194
v 0.038411 0.337373 0.030638
v 0.012750 0.351236 0.025846
v -0.003682 0.351220 0.000095
v -0.004475 0.349849 0.027178
v 0.022417 0.344409 0.044581
v -0.002760 0.336495 0.052156
v 0.029944 0.337129 0.056655
v 0.013858 0.326318 0.068207
v 0.044018 0.330676 0.064544
v 0.033237 0.316794 0.079422
v 0.060327 0.322270 0.065906
v 0.056495 0.307996 0.080103
v 0.077922 0.311802 0.059859
v 0.079205 0.301252 0.069075
v 0.096930 0.298777 0.040192
v 0.097785 0.296684 0.041698
v 0.042220 0.333131 0.038286
v 0.050949 0.329538 0.042601
v 0.060831 0.323121 0.045402
v 0.074430 0.313118 0.046116
v 0.049253 0.313653 0.028009
v 0.057483 0.309583 0.032125
v 0.070957 0.303926 0.037092
v 0.094661 0.297116 0.035870
v 0.095640 0.299113 0.037751
v 0.070603 0.295105 0.040405
v 0.070957 0.303926 0.037092
v 0.057483 0.309583 0.032125
v 0.054112 0.297580 0.037260
v 0.072282 0.289632 0.049475
v 0.052065 0.290546 0.050982
v 0.074549 0.285459 0.059104
v 0.050627 0.285220 0.065593
v 0.077363 0.288158 0.067677
v 0.051716 0.289425 0.078367
v 0.025660 0.296718 0.077114
v 0.004800 0.307719 0.064962
v -0.002762 0.318146 0.047193
v 0.097618 0.293956 0.041295
v 0.096631 0.293236 0.039518
v 0.095804 0.294032 0.037896
v 0.094942 0.295026 0.036432
v 0.094661 0.297116 0.035870
v 0.049253 0.313653 0.028009
v 0.042284 0.301308 0.033259
v 0.034809 0.295164 0.047814
v 0.027845 0.290933 0.063359
v 0.009738 0.300701 0.053191
v -0.000859 0.310870 0.037509
v -0.004051 0.329887 0.018190
v -0.002723 0.335367 0.022220
v 0.001142 0.337343 -0.001017
v -0.003327 0.339954 -0.000280
v 0.042448 0.316771 0.025194
v 0.032912 0.306202 0.028715
v 0.021103 0.302465 0.040479
v 0.013622 0.310082 0.028466
v 0.006758 0.327705 0.014896
v 0.006280 0.335638 -0.001262
v 0.039773 0.320125 0.019111
v 0.028383 0.311356 0.020355
v 0.017713 0.327067 0.012156
v 0.011501 0.334777 -0.001333
v 0.025950 0.332070 0.012846
v 0.015484 0.336961 -0.000466
v 0.089587 0.275881 0.046978
v 0.085584 0.256469 0.029512
v 0.051261 0.266279 0.030127
v 0.058160 0.284822 0.047441
v 0.053911 0.271179 0.012703
v 0.084966 0.262265 0.012084
v 0.121943 0.260893 0.022408
v 0.122312 0.277783 0.038071
v 0.118046 0.301913 0.035893
v 0.093079 0.303686 0.043331
v 0.068748 0.310591 0.043648
v 0.093831 0.321623 0.021432
v 0.076052 0.326693 0.021716
v 0.112078 0.317463 0.017699
v 0.136030 0.315112 0.008868
v 0.143895 0.305848 0.020070
v 0.150867 0.290965 0.020436
v 0.152259 0.280124 0.009458
v 0.118141 0.265871 0.007610
v 0.086489 0.280384 0.000436
v 0.061053 0.287703 0.000988
v 0.038222 0.300808 0.000101
v 0.028891 0.287756 0.010167
v 0.024514 0.284458 0.025445
v 0.075093 0.322051 -0.004170
v 0.091230 0.317399 -0.004524
v 0.108304 0.313751 -0.004701
v 0.132489 0.312273 -0.005964
v 0.166930 0.315596 -0.010191
v 0.167746 0.316262 -0.007509
v 0.169527 0.314973 -0.005810
v 0.171150 0.312732 -0.005947
v 0.171523 0.310855 -0.008034
v 0.147705 0.282782 -0.000102
v 0.113743 0.281545 -0.001755
v 0.047799 0.315027 -0.007901
v 0.068562 0.305448 -0.008389
v 0.055297 0.328883 -0.003997
v 0.075093 0.322051 -0.004170
v 0.088412 0.299707 -0.008856
v 0.091230 0.317399 -0.004524
v 0.109726 0.298319 -0.009049
v 0.141482 0.292170 -0.005527
v 0.170371 0.311142 -0.009879
v 0.108304 0.313751 -0.004701
v 0.135593 0.302404 -0.009531
v 0.169078 0.312470 -0.010602
v 0.132489 0.312273 -0.005964
v 0.167763 0.313802 -0.011079
v 0.166930 0.315596 -0.010191
v 0.025637 0.326325 -0.007852
v 0.017926 0.315739 -0.001852
v 0.010225 0.306178 0.005690
v 0.005872 0.304245 0.017372
v 0.031643 0.300357 0.040862
v 0.010448 0.317007 0.029053
v 0.044573 0.321343 0.037836
v 0.020519 0.332978 0.026763
v 0.054742 0.333708 0.018825
v 0.029400 0.341785 0.012394
v 0.055297 0.328883 -0.003997
v 0.031160 0.337260 -0.004843
v 0.004665 0.341650 -0.006806
v 0.002256 0.346401 -0.000356
v -0.002337 0.339598 0.011838
v -0.006721 0.329421 0.013634
v -0.007686 0.320988 0.007109
v -0.004783 0.321944 0.000100
v -0.000979 0.327810 -0.004544
v 0.002594 0.334449 -0.008288
v 0.004665 0.341650 -0.006806
v 0.031160 0.337260 -0.004843
v 0.171150 0.312732 -0.005947
v 0.170371 0.311142 -0.009879
v 0.171523 0.310855 -0.008034
v 0.169078 0.312470 -0.010602
v 0.169527 0.314973 -0.005810
v 0.167746 0.316262 -0.007509
v 0.167763 0.313802 -0.011079
v 0.166930 0.315596 -0.010191
v -0.192890 0.309395 -0.025901
v -0.191987 0.309067 -0.027484
v -0.192263 0.311262 -0.024617
v -0.190868 0.309766 -0.028322
v -0.190679 0.312817 -0.024990
v -0.189170 0.313235 -0.026619
v -0.189695 0.310499 -0.028970
v -0.188722 0.312025 -0.028636
v 0.011664 0.311541 -0.027622
v 0.015157 0.294356 -0.040942
v -0.007103 0.310410 -0.027617
v -0.008195 0.326701 -0.011416
v 0.002330 0.327715 -0.010926
v -0.018723 0.327125 -0.012318
v -0.025831 0.311182 -0.028988
v -0.025497 0.332923 -0.015341
v -0.006786 0.293549 -0.040436
v 0.015235 0.275802 -0.054031
v 0.029179 0.283091 -0.064034
v 0.026122 0.264269 -0.077605
v 0.018603 0.278796 -0.095433
v 0.014840 0.261691 -0.106237
v -0.004430 0.267202 -0.112009
v -0.005153 0.284616 -0.103603
v -0.003077 0.249221 -0.124975
v -0.008155 0.349469 -0.021728
v -0.006410 0.343609 -0.055307
v 0.004813 0.345141 -0.018670
v 0.016388 0.336864 -0.048565
v -0.005746 0.325036 -0.079496
v 0.020785 0.318304 -0.070551
v -0.005511 0.303873 -0.094204
v 0.020860 0.297734 -0.084889
v 0.029182 0.302362 -0.050532
v 0.023702 0.320259 -0.034208
v 0.009123 0.333889 -0.013073
v 0.013564 0.256881 -0.069194
v 0.021123 0.247325 -0.094256
v 0.009651 0.244988 -0.122199
v -0.000682 0.228832 -0.150153
v 0.001958 0.227875 -0.149805
v 0.013988 0.233738 -0.117005
v 0.002906 0.225189 -0.149252
v 0.007331 0.227801 -0.114749
v 0.001401 0.223625 -0.149060
v -0.002950 0.226862 -0.115039
v -0.000556 0.223440 -0.149229
v -0.013230 0.227114 -0.116033
v -0.002526 0.223489 -0.149321
v -0.019932 0.232598 -0.119116
v -0.004095 0.224947 -0.149717
v -0.015744 0.244139 -0.123782
v -0.003271 0.227693 -0.150152
v -0.003077 0.249221 -0.124975
v -0.000682 0.228832 -0.150153
v -0.030567 0.245968 -0.096843
v -0.020650 0.239031 -0.090379
v -0.037708 0.263496 -0.079895
v -0.004848 0.238704 -0.088899
v -0.025613 0.256404 -0.070603
v -0.041747 0.283127 -0.065885
v -0.028355 0.275823 -0.055171
v -0.042169 0.302564 -0.052266
v -0.006047 0.255898 -0.068928
v 0.010978 0.239858 -0.088788
v -0.006588 0.275048 -0.053487
v -0.028674 0.294481 -0.042009
v -0.037520 0.319671 -0.036436
v -0.029501 0.336423 -0.050238
v -0.032719 0.318454 -0.071853
v -0.032339 0.297761 -0.086276
v -0.029293 0.278214 -0.097144
v -0.023879 0.260679 -0.108178
v -0.004430 0.267202 -0.112009
v -0.005153 0.284616 -0.103603
v -0.005511 0.303873 -0.094204
v -0.005746 0.325036 -0.079496
v -0.006410 0.343609 -0.055307
v -0.008155 0.349469 -0.021728
v -0.021142 0.344412 -0.020369
v -0.045359 0.328029 -0.011022
v -0.019730 0.346168 -0.011794
v -0.019584 0.353172 -0.003687
v -0.058655 0.334953 -0.004580
v -0.015512 0.352014 0.007019
v -0.072238 0.314901 -0.011892
v -0.077427 0.326541 0.007425
v -0.093324 0.305008 -0.014125
v -0.041752 0.335755 0.021644
v -0.010307 0.343922 0.012859
v -0.031319 0.322791 0.031083
v -0.071687 0.321993 0.031361
v -0.099958 0.317720 0.007872
v -0.109142 0.299934 -0.016162
v -0.115443 0.312780 0.005952
v -0.126144 0.298176 -0.017778
v -0.130888 0.309296 0.001629
v -0.152074 0.301629 -0.021522
v -0.154965 0.308979 -0.008480
v -0.188722 0.312025 -0.028636
v -0.189170 0.313235 -0.026619
v -0.164262 0.304911 0.004160
v -0.190679 0.312817 -0.024990
v -0.173783 0.292439 0.008187
v -0.192263 0.311262 -0.024617
v -0.177131 0.279615 0.000675
v -0.172237 0.278644 -0.008824
v -0.144855 0.258867 0.007065
v -0.150529 0.259476 0.021977
v -0.149192 0.280259 0.031515
v -0.140727 0.301495 0.022638
v -0.119895 0.303405 0.032208
v -0.097887 0.310164 0.034914
v -0.059120 0.304564 0.043866
v -0.023495 0.307737 0.025441
v -0.047877 0.285586 0.036457
v -0.025233 0.305305 0.013285
v -0.114790 0.254137 0.036310
v -0.119674 0.278410 0.045376
v -0.088673 0.287757 0.049216
v -0.078298 0.265088 0.040918
v -0.048512 0.283486 0.020375
v -0.076957 0.263880 0.022737
v -0.055572 0.291638 0.004809
v -0.081131 0.275187 0.004982
v -0.110856 0.253643 0.018416
v -0.108773 0.266726 0.001426
v -0.137184 0.269854 -0.005926
v -0.164507 0.284729 -0.016145
v -0.031659 0.310827 0.001613
v -0.038546 0.317760 -0.008958
v -0.063434 0.301494 -0.009300
v -0.086168 0.288360 -0.011100
v -0.107341 0.281729 -0.013843
v -0.129849 0.282543 -0.017346
v -0.156939 0.292009 -0.022370
v -0.126144 0.298176 -0.017778
v -0.152074 0.301629 -0.021522
v -0.192890 0.309395 -0.025901
v -0.191987 0.309067 -0.027484
v -0.190868 0.309766 -0.028322
v -0.189695 0.310499 -0.028970
v -0.188722 0.312025 -0.028636
v -0.109142 0.299934 -0.016162
v -0.093324 0.305008 -0.014125
v -0.072238 0.314901 -0.011892
v -0.045359 0.328029 -0.011022
v -0.019730 0.346168 -0.011794
v -0.016718 0.339541 -0.010214
v -0.013006 0.335347 -0.003957
v -0.009398 0.332167 0.002860
v -0.007544 0.334091 0.009963
v -0.176558 0.202299 -0.041539
v -0.175790 0.201551 -0.042915
v -0.176889 0.204527 -0.041549
v -0.175295 0.201993 -0.044281
v -0.176428 0.205999 -0.043071
v -0.175565 0.205947 -0.045071
v -0.174784 0.202593 -0.045544
v -0.174771 0.204163 -0.046273
v -0.056644 0.248860 0.016062
v -0.038281 0.279059 0.014412
v -0.038103 0.280909 -0.008292
v -0.055653 0.252154 -0.011603
v -0.040078 0.284562 -0.030678
v -0.057248 0.257619 -0.038875
v -0.068794 0.256094 0.034858
v -0.048116 0.285305 0.029880
v -0.092670 0.229244 0.032173
v -0.080273 0.221218 0.012271
v -0.077732 0.226294 -0.016602
v -0.077674 0.233900 -0.045007
v -0.093836 0.277755 0.027203
v -0.069435 0.302088 0.023489
v -0.115462 0.255931 0.024884
v -0.135191 0.237113 0.014272
v -0.120386 0.209297 0.019196
v -0.110063 0.201552 0.001277
v -0.105684 0.207606 -0.023795
v -0.103167 0.216228 -0.048334
v -0.104680 0.291435 -0.004780
v -0.079328 0.311997 -0.002839
v -0.123683 0.273770 -0.008163
v -0.137802 0.256461 -0.013770
v -0.153211 0.234688 -0.024229
v -0.155158 0.220310 -0.007050
v -0.149512 0.200136 -0.005276
v -0.143082 0.194697 -0.017256
v -0.138468 0.199354 -0.033079
v -0.134899 0.205903 -0.048449
v -0.175295 0.201993 -0.044281
v -0.174784 0.202593 -0.045544
v -0.175790 0.201551 -0.042915
v -0.176558 0.202299 -0.041539
v -0.176889 0.204527 -0.041549
v -0.176428 0.205999 -0.043071
v -0.175565 0.205947 -0.045071
v -0.145229 0.234039 -0.045146
v -0.126841 0.254945 -0.046115
v -0.112328 0.271356 -0.044802
v -0.094583 0.288435 -0.039668
v -0.071636 0.308812 -0.031477
v -0.109231 0.233059 -0.061247
v -0.088472 0.249795 -0.060673
v -0.136254 0.218371 -0.056035
v -0.174771 0.204163 -0.046273
v -0.145229 0.234039 -0.045146
v -0.175565 0.205947 -0.045071
v -0.126841 0.254945 -0.046115
v -0.112328 0.271356 -0.044802
v -0.094583 0.288435 -0.039668
v -0.069769 0.270306 -0.054233
v -0.071636 0.308812 -0.031477
v -0.051034 0.294255 -0.043379
v -0.043944 0.329959 -0.021888
v -0.030845 0.318297 -0.030274
v -0.013263 0.344981 -0.012860
v -0.007867 0.336977 -0.017549
v -0.023719 0.310804 -0.021456
v -0.004883 0.331815 -0.012702
v -0.022301 0.308337 -0.006066
v -0.004330 0.330258 -0.004455
v -0.048600 0.332951 -0.002037
v -0.042094 0.325711 0.016127
v -0.028382 0.312635 0.020444
v -0.022212 0.307342 0.009553
v -0.004280 0.329788 0.003940
v -0.006853 0.333619 0.010077
v -0.012503 0.342461 0.007850
v -0.015155 0.347174 -0.001999
v -0.043944 0.329959 -0.021888
v -0.013263 0.344981 -0.012860
v 0.037641 0.268706 -0.038904
v 0.044656 0.246283 -0.049498
v 0.024537 0.269102 -0.048448
v 0.017714 0.291456 -0.038498
v 0.029225 0.291338 -0.029932
v 0.007172 0.292659 -0.048160
v 0.058295 0.250610 -0.049230
v 0.063358 0.230405 -0.064140
v 0.051034 0.272974 -0.038652
v 0.040963 0.295826 -0.029363
v 0.035917 0.310406 -0.059146
v 0.045811 0.288006 -0.072838
v 0.045656 0.305644 -0.043585
v 0.056683 0.282896 -0.055174
v 0.063789 0.261604 -0.065623
v 0.067376 0.242685 -0.077150
v 0.068153 0.225316 -0.092831
v 0.066421 0.214582 -0.085907
v 0.051376 0.225891 -0.064781
v 0.031135 0.247149 -0.058997
v 0.012591 0.270561 -0.059306
v 0.004753 0.297990 -0.059287
v 0.052414 0.267685 -0.083201
v 0.056565 0.249821 -0.091713
v 0.059905 0.231632 -0.101510
v 0.065477 0.209291 -0.119232
v 0.067341 0.207785 -0.117765
v 0.067173 0.205091 -0.116786
v 0.058307 0.210736 -0.086946
v 0.039100 0.227209 -0.072862
v 0.018789 0.249114 -0.069820
v 0.010063 0.276010 -0.072023
v 0.018521 0.307270 -0.066016
v 0.025960 0.285176 -0.080208
v 0.035917 0.310406 -0.059146
v 0.016006 0.255236 -0.082460
v 0.027828 0.229698 -0.082027
v 0.049611 0.211993 -0.092086
v 0.065352 0.203998 -0.117202
v 0.045811 0.288006 -0.072838
v 0.032058 0.265079 -0.090571
v 0.024808 0.236628 -0.092382
v 0.041576 0.214266 -0.097868
v 0.063663 0.204277 -0.118182
v 0.052414 0.267685 -0.083201
v 0.038456 0.247368 -0.098369
v 0.038845 0.220410 -0.103944
v 0.062014 0.204792 -0.119105
v 0.056565 0.249821 -0.091713
v 0.047487 0.229702 -0.106363
v 0.061245 0.206492 -0.120179
v 0.059905 0.231632 -0.101510
v 0.062916 0.208841 -0.120303
v 0.065477 0.209291 -0.119232
v -0.013712 0.305736 0.079257
v -0.014220 0.301161 0.072335
v -0.017492 0.316610 0.056457
v -0.017259 0.322264 0.062386
v -0.003191 0.310346 0.081286
v -0.006780 0.326082 0.064991
v -0.016411 0.334198 0.037948
v -0.009180 0.336308 0.050659
v -0.016568 0.328363 0.033687
v -0.011643 0.323094 0.030157
v -0.011903 0.312050 0.050839
v -0.008978 0.298380 0.065265
v -0.006236 0.284255 0.082818
v -0.005317 0.287261 0.089561
v 0.003636 0.292350 0.090907
v 0.011985 0.294001 0.084102
v 0.007265 0.309623 0.074909
v 0.004238 0.323180 0.060332
v 0.000826 0.333888 0.048233
v -0.004624 0.346294 0.027231
v 0.002829 0.346175 0.022075
v -0.011441 0.345724 0.020580
v -0.012647 0.342531 0.017694
v -0.008868 0.337528 0.016138
v -0.004460 0.333236 0.014820
v -0.005907 0.318464 0.027062
v -0.005402 0.308158 0.045766
v -0.002797 0.296224 0.058783
v -0.002339 0.283557 0.075674
v 0.006582 0.267652 0.086342
v 0.007892 0.269068 0.091501
v 0.013897 0.273590 0.092287
v 0.008484 0.268492 0.080829
v 0.024567 0.252957 0.078608
v 0.002439 0.283405 0.069059
v 0.005183 0.297482 0.056892
v 0.002749 0.308258 0.044733
v 0.001325 0.317798 0.026964
v 0.001335 0.332385 0.015322
v -0.000735 0.343680 -0.002002
v -0.002977 0.343815 -0.002191
v -0.004885 0.344261 -0.002355
v -0.006359 0.345105 -0.001685
v 0.009081 0.285792 0.066764
v 0.011118 0.269735 0.075729
v 0.024971 0.253573 0.076726
v 0.015457 0.272557 0.073775
v 0.025433 0.254442 0.074942
v 0.026888 0.256029 0.074161
v -0.006704 0.349244 0.000289
v -0.002506 0.351457 0.001139
v 0.001378 0.349136 0.000510
v 0.005594 0.338537 0.019056
v 0.000858 0.345870 -0.001092
v 0.001335 0.332385 0.015322
v -0.000735 0.343680 -0.002002
v 0.018832 0.276589 0.086941
v 0.019619 0.276223 0.078955
v 0.014449 0.291228 0.073747
v 0.011008 0.304144 0.064459
v 0.008415 0.315609 0.051658
v 0.006401 0.324905 0.032518
v 0.001325 0.317798 0.026964
v 0.002749 0.308258 0.044733
v 0.005183 0.297482 0.056892
v 0.009081 0.285792 0.066764
v 0.015457 0.272557 0.073775
v 0.026888 0.256029 0.074161
v 0.028622 0.257366 0.076216
v 0.028727 0.256973 0.079086
v 0.027412 0.255330 0.080985
v 0.025341 0.253346 0.080670
v 0.001958 0.227875 -0.149805
v 0.001401 0.223625 -0.149060
v 0.002906 0.225189 -0.149252
v -0.000556 0.223440 -0.149229
v -0.000682 0.228832 -0.150153
v -0.003271 0.227693 -0.150152
v -0.002526 0.223489 -0.149321
v -0.004095 0.224947 -0.149717
v -0.103143 0.293959 0.038896
v -0.102137 0.293224 0.037135
v -0.103313 0.296676 0.039292
v -0.101298 0.294015 0.035512
v -0.102546 0.298596 0.037872
v -0.101191 0.298638 0.035066
v -0.100411 0.295019 0.034035
v -0.100224 0.296675 0.033524
v 0.028687 0.233452 0.060470
v 0.051962 0.235166 0.049323
v 0.045636 0.217774 0.043958
v 0.027116 0.212094 0.049618
v 0.029744 0.264179 0.062331
v 0.054468 0.264002 0.051035
v 0.000000 0.264335 0.065205
v 0.000000 0.231965 0.063813
v 0.000000 0.209267 0.052339
v 0.027540 0.295406 0.057828
v 0.050037 0.293384 0.047279
v 0.000000 0.297139 0.060924
v -0.027540 0.295406 0.057827
v -0.029744 0.264180 0.062330
v -0.028686 0.233452 0.060469
v -0.027116 0.212094 0.049618
v 0.025123 0.319031 0.046128
v 0.042752 0.312534 0.041137
v 0.000000 0.322233 0.048537
v -0.025122 0.319031 0.046128
v -0.042751 0.312535 0.041136
v -0.050037 0.293384 0.047278
v -0.054467 0.264002 0.051034
v -0.051962 0.235166 0.049322
v -0.045636 0.217774 0.043958
v -0.052370 0.212094 0.026875
v -0.066144 0.233453 0.028354
v -0.069804 0.264180 0.029195
v -0.063501 0.295406 0.027127
v -0.048519 0.319031 0.024902
v -0.026129 0.332472 0.025874
v 0.000001 0.336888 0.026944
v 0.026130 0.332472 0.025875
v 0.027252 0.336888 0.000001
v 0.051361 0.322232 0.000001
v 0.048520 0.319031 0.024902
v 0.067956 0.297139 0.000001
v -0.074904 0.264335 0.000000
v -0.067955 0.297139 0.000000
v -0.051360 0.322233 0.000000
v -0.027251 0.336888 0.000000
v 0.000001 0.341606 0.000001
v 0.063502 0.295406 0.027128
v 0.074904 0.264335 0.000001
v 0.069805 0.264179 0.029195
v 0.070969 0.231965 0.000001
v 0.066145 0.233452 0.028355
v 0.055754 0.209267 0.000001
v 0.052370 0.212094 0.026876
v 0.030526 0.198289 0.000000
v 0.028959 0.201576 0.028399
v 0.000000 0.195483 0.000000
v 0.000000 0.198289 0.029686
v -0.030526 0.198289 0.000000
v -0.028959 0.201577 0.028399
v -0.055754 0.209267 0.000000
v -0.070969 0.231965 -0.000000
v -0.049389 0.331930 -0.018078
v -0.012369 0.348474 -0.000523
v -0.015097 0.345132 0.009864
v -0.052900 0.327075 0.002088
v -0.012197 0.336387 0.015411
v -0.076392 0.304473 -0.030259
v -0.043689 0.314297 0.014189
v -0.007559 0.331544 0.011619
v -0.079478 0.300308 -0.003153
v -0.092599 0.274204 -0.036223
v -0.094968 0.271714 -0.006692
v -0.064271 0.288379 0.014020
v -0.033264 0.307386 0.008142
v -0.003714 0.330770 0.004171
v -0.025714 0.306239 -0.005890
v -0.000263 0.331104 -0.003499
v -0.019368 0.306584 -0.020545
v -0.000071 0.335658 -0.009708
v -0.020944 0.312989 -0.032780
v -0.006016 0.344585 -0.008946
v -0.035858 0.326090 -0.033090
v -0.012369 0.348474 -0.000523
v -0.049389 0.331930 -0.018078
v -0.057526 0.298427 -0.049472
v -0.076392 0.304473 -0.030259
v -0.072107 0.268044 -0.056861
v -0.031205 0.280115 -0.031079
v -0.039201 0.280200 -0.011648
v -0.035010 0.285883 -0.047778
v -0.046650 0.257102 -0.054606
v -0.059064 0.229339 -0.054020
v -0.082329 0.239448 -0.056095
v -0.074214 0.204686 -0.047701
v -0.091171 0.213954 -0.049243
v -0.092778 0.183819 -0.038311
v -0.101735 0.190375 -0.039188
v -0.115311 0.164490 -0.029008
v -0.117090 0.166083 -0.029236
v -0.092599 0.274204 -0.036223
v -0.100627 0.246119 -0.037135
v -0.104325 0.220554 -0.034784
v -0.108547 0.195005 -0.031015
v -0.118342 0.167117 -0.027635
v -0.075312 0.204524 -0.020198
v -0.081912 0.207466 -0.006309
v -0.061190 0.228168 -0.017875
v -0.070437 0.230927 0.000466
v -0.093037 0.213080 -0.000980
v -0.085615 0.236872 0.007408
v -0.060398 0.255881 0.004739
v -0.077124 0.261994 0.012294
v -0.049157 0.281653 0.006804
v -0.049870 0.253828 -0.015263
v -0.041658 0.252872 -0.036411
v -0.054125 0.226291 -0.037285
v -0.070391 0.202317 -0.034919
v -0.090616 0.182173 -0.030914
v -0.093078 0.183732 -0.022707
v -0.096527 0.185786 -0.014997
v -0.102635 0.189830 -0.011939
v -0.109083 0.194854 -0.019428
v -0.105316 0.220259 -0.014198
v -0.102254 0.245099 -0.010024
v -0.114814 0.163970 -0.027290
v -0.115297 0.164235 -0.025832
v -0.115811 0.164690 -0.024439
v -0.117143 0.165808 -0.023778
v -0.118454 0.167065 -0.025355
v -0.118342 0.167117 -0.027635
v -0.108547 0.195005 -0.031015
v -0.104325 0.220554 -0.034784
v -0.100627 0.246119 -0.037135
v -0.103313 0.296676 0.039292
v -0.102546 0.298596 0.037872
v -0.084746 0.301247 0.069058
v -0.083430 0.311770 0.059947
v -0.101191 0.298638 0.035066
v -0.062017 0.307996 0.080102
v -0.100224 0.296675 0.033524
v -0.089578 0.313619 0.031675
v -0.065788 0.322282 0.065947
v -0.038760 0.316794 0.079421
v -0.031183 0.296718 0.077114
v -0.057238 0.289425 0.078366
v -0.082903 0.288164 0.067667
v -0.103143 0.293959 0.038896
v -0.076109 0.303159 0.037155
v -0.100411 0.295019 0.034035
v -0.073165 0.320998 0.029452
v -0.049522 0.330679 0.064547
v -0.019381 0.326318 0.068207
v -0.010323 0.307719 0.064962
v -0.015260 0.300701 0.053191
v -0.033367 0.290933 0.063358
v -0.056150 0.285220 0.065593
v -0.080070 0.285459 0.059111
v -0.102137 0.293224 0.037135
v -0.002762 0.318146 0.047193
v -0.004663 0.310869 0.037510
v -0.019145 0.310082 0.028466
v -0.026625 0.302465 0.040479
v -0.040331 0.295164 0.047814
v -0.057588 0.290546 0.050981
v -0.077770 0.289639 0.049468
v -0.101298 0.294015 0.035512
v -0.012221 0.327705 0.014896
v -0.001411 0.329898 0.018175
v -0.002723 0.335367 0.022220
v -0.003327 0.339954 -0.000280
v -0.006602 0.337412 -0.001034
v -0.011801 0.335639 -0.001263
v -0.002760 0.336495 0.052156
v -0.035459 0.337146 0.056618
v -0.063612 0.325439 0.026605
v -0.062601 0.308858 0.032143
v -0.076068 0.295110 0.040405
v -0.101298 0.294015 0.035512
v -0.077770 0.289639 0.049468
v -0.059634 0.297581 0.037259
v -0.057588 0.290546 0.050981
v -0.047806 0.301308 0.033258
v -0.040331 0.295164 0.047814
v -0.038434 0.306202 0.028714
v -0.026625 0.302465 0.040479
v -0.033898 0.311340 0.020368
v -0.044927 0.319977 0.018889
v -0.047575 0.316271 0.025075
v -0.042510 0.335297 0.020008
v -0.023145 0.327051 0.012169
v -0.032076 0.332305 0.012072
v -0.033056 0.341312 0.014175
v -0.018266 0.351225 0.025864
v -0.027935 0.344422 0.044547
v -0.052921 0.330391 0.023204
v -0.054417 0.313018 0.028002
v -0.016989 0.334769 -0.001331
v -0.021121 0.337071 -0.000424
v -0.024253 0.349264 0.004885
v -0.016318 0.349975 0.005255
v -0.003682 0.351220 0.000095
v -0.004475 0.349849 0.027178
v -0.019145 0.310082 0.028466
v -0.012221 0.327705 0.014896
v -0.011801 0.335639 -0.001263
v 0.085426 0.276254 -0.157590
v 0.083966 0.273629 -0.159381
v 0.085461 0.274231 -0.158668
v 0.082525 0.274119 -0.159573
v 0.083747 0.277673 -0.157289
v 0.081598 0.277734 -0.157896
v 0.081139 0.274691 -0.159598
v 0.080351 0.276156 -0.159095
v 0.008311 0.329065 -0.046926
v -0.002064 0.319696 -0.042584
v 0.000363 0.314384 -0.034099
v 0.008924 0.313282 -0.026380
v 0.018178 0.313281 -0.019415
v 0.027328 0.317870 -0.018351
v 0.030323 0.327702 -0.028784
v 0.022064 0.332314 -0.040894
v 0.010485 0.346576 -0.009021
v 0.003976 0.350604 -0.017330
v 0.009226 0.337951 -0.002638
v 0.002841 0.333826 -0.004019
v -0.003885 0.333787 -0.009093
v -0.010200 0.334745 -0.014588
v -0.012494 0.339478 -0.020248
v -0.005793 0.347720 -0.022218
v 0.003976 0.350604 -0.017330
v 0.022064 0.332314 -0.040894
v 0.061471 0.262297 -0.137672
v 0.057047 0.272095 -0.137325
v 0.040793 0.275773 -0.119020
v 0.081139 0.274691 -0.159598
v 0.080351 0.276156 -0.159095
v 0.082525 0.274119 -0.159573
v 0.081598 0.277734 -0.157896
v 0.066429 0.283026 -0.132091
v 0.057035 0.292391 -0.116896
v 0.050679 0.303453 -0.104991
v 0.081807 0.282340 -0.127308
v 0.083747 0.277673 -0.157289
v 0.080431 0.291319 -0.108846
v 0.078007 0.302590 -0.094396
v 0.071717 0.318542 -0.077076
v 0.044110 0.318213 -0.089624
v 0.058969 0.339735 -0.055577
v 0.029637 0.286002 -0.102033
v 0.045843 0.261120 -0.114262
v 0.072067 0.256660 -0.135367
v 0.083966 0.273629 -0.159381
v 0.034666 0.337065 -0.069491
v 0.035530 0.359926 -0.030382
v 0.021477 0.301950 -0.084340
v 0.033786 0.270891 -0.091171
v 0.061173 0.252456 -0.107382
v 0.083315 0.252483 -0.132783
v 0.085461 0.274231 -0.158668
v 0.024504 0.288716 -0.070072
v 0.050703 0.262042 -0.079521
v 0.077631 0.245872 -0.100687
v 0.092806 0.255927 -0.129268
v 0.085426 0.276254 -0.157590
v 0.093254 0.270898 -0.126048
v 0.083747 0.277673 -0.157289
v 0.081807 0.282340 -0.127308
v 0.095821 0.273767 -0.100239
v 0.080431 0.291319 -0.108846
v 0.093795 0.284473 -0.077498
v 0.078007 0.302590 -0.094396
v 0.086225 0.303169 -0.055350
v 0.071717 0.318542 -0.077076
v 0.071246 0.327633 -0.033361
v 0.092531 0.250923 -0.096851
v 0.087116 0.260720 -0.065445
v 0.069137 0.255343 -0.068699
v 0.040926 0.281563 -0.055478
v 0.016432 0.309597 -0.051350
v 0.014175 0.320914 -0.065551
v 0.005314 0.337400 -0.045591
v 0.018648 0.354588 -0.044980
v -0.006356 0.357712 -0.027910
v -0.008771 0.344395 -0.032312
v -0.010320 0.356585 -0.028671
v -0.008066 0.342679 -0.033373
v -0.025859 0.336402 -0.044271
v -0.028600 0.327296 -0.033976
v 0.007764 0.327546 -0.034548
v -0.005803 0.337539 -0.016630
v -0.011640 0.335385 -0.017248
v 0.030665 0.304766 -0.036061
v 0.018133 0.324935 -0.020785
v -0.000693 0.336363 -0.007111
v -0.017162 0.334386 -0.007163
v -0.038257 0.325383 -0.021107
v -0.051706 0.306532 -0.036419
v 0.059029 0.276403 -0.042018
v 0.046406 0.301873 -0.021777
v 0.029348 0.324263 -0.007495
v 0.004558 0.336536 0.002517
v -0.022554 0.334877 0.003256
v -0.048563 0.325318 -0.008690
v -0.066350 0.304383 -0.023512
v -0.079274 0.279456 -0.043337
v 0.077614 0.281923 -0.038703
v 0.063006 0.308393 -0.017426
v 0.040638 0.332267 -0.001276
v 0.008198 0.343088 0.009149
v -0.024839 0.342154 0.010575
v -0.058448 0.333312 -0.002679
v -0.072574 0.313861 -0.009173
v -0.096781 0.285010 -0.040650
v -0.106355 0.263479 -0.066815
v -0.112236 0.286242 -0.079124
v -0.114185 0.275062 -0.101688
v -0.104147 0.305160 -0.056655
v -0.088349 0.329202 -0.034286
v -0.061681 0.350814 -0.012302
v -0.023451 0.355849 0.006559
v 0.006547 0.356363 0.005631
v 0.045036 0.350586 -0.011743
v 0.058969 0.339735 -0.055577
v 0.035530 0.359926 -0.030382
v 0.000280 0.362513 -0.006016
v -0.016819 0.361987 -0.006024
v -0.052461 0.359061 -0.029651
v -0.076343 0.339984 -0.054618
v -0.089659 0.319275 -0.076859
v -0.096291 0.303341 -0.095209
v -0.098668 0.292075 -0.110102
v -0.099464 0.282825 -0.127905
v -0.110949 0.271511 -0.126658
v -0.100937 0.277670 -0.157308
v -0.102620 0.276252 -0.157607
v -0.110498 0.256507 -0.129511
v -0.102654 0.274226 -0.158677
v -0.100975 0.252958 -0.132711
v -0.101165 0.273623 -0.159379
v -0.089692 0.257013 -0.135117
v -0.099724 0.274108 -0.159572
v -0.079053 0.262532 -0.137291
v -0.098336 0.274677 -0.159597
v -0.074604 0.272270 -0.137065
v -0.097544 0.276137 -0.159100
v -0.084031 0.283337 -0.132321
v -0.098784 0.277722 -0.157912
v -0.099464 0.282825 -0.127905
v -0.100937 0.277670 -0.157308
v -0.059307 0.276380 -0.118211
v -0.075331 0.292856 -0.117198
v -0.098668 0.292075 -0.110102
v -0.079874 0.253792 -0.106846
v -0.096335 0.247539 -0.100670
v -0.070693 0.264262 -0.079150
v -0.053907 0.272495 -0.089950
v -0.064507 0.262095 -0.113300
v -0.049415 0.286892 -0.100565
v -0.069520 0.303827 -0.104488
v -0.096291 0.303341 -0.095209
v -0.045876 0.290316 -0.068874
v -0.042425 0.302703 -0.082332
v -0.063321 0.318403 -0.087976
v -0.089659 0.319275 -0.076859
v -0.035585 0.320946 -0.063402
v -0.053864 0.336662 -0.067217
v -0.076343 0.339984 -0.054618
v -0.037207 0.353191 -0.043462
v -0.052461 0.359061 -0.029651
v -0.016819 0.361987 -0.006024
v -0.111136 0.252662 -0.097579
v -0.088902 0.258106 -0.069232
v -0.061830 0.283948 -0.055521
v -0.038247 0.310517 -0.050347
v 0.000280 0.362513 -0.006016
v 0.067341 0.207785 -0.117765
v 0.065352 0.203998 -0.117202
v 0.067173 0.205091 -0.116786
v 0.063663 0.204277 -0.118182
v 0.065477 0.209291 -0.119232
v 0.062916 0.208841 -0.120303
v 0.062014 0.204792 -0.119105
v 0.061245 0.206492 -0.120179
v 0.051963 0.235166 -0.051961
v 0.054468 0.264002 -0.054466
v 0.028687 0.233452 -0.066144
v 0.029744 0.264180 -0.069803
v 0.000001 0.231965 -0.070968
v 0.050038 0.293384 -0.050036
v 0.000000 0.209267 -0.055753
v -0.027115 0.212094 -0.052369
v 0.027116 0.212094 -0.052369
v 0.045636 0.217774 -0.045635
v 0.052370 0.212094 -0.027115
v 0.066145 0.233452 -0.028685
v 0.028959 0.201577 -0.028958
v 0.000000 0.198289 -0.030525
v -0.028958 0.201577 -0.028958
v -0.045636 0.217774 -0.045636
v -0.028686 0.233453 -0.066144
v 0.000001 0.264335 -0.074903
v 0.027541 0.295406 -0.063501
v 0.042753 0.312534 -0.042751
v 0.025123 0.319031 -0.048518
v 0.000001 0.297139 -0.067954
v -0.029743 0.264180 -0.069804
v -0.051962 0.235166 -0.051962
v -0.052369 0.212094 -0.027116
v -0.030526 0.198289 0.000000
v 0.000000 0.195483 0.000000
v 0.030526 0.198289 0.000000
v 0.055754 0.209267 0.000001
v 0.070969 0.231965 0.000001
v -0.066144 0.233453 -0.028686
v -0.054467 0.264002 -0.054467
v -0.027539 0.295406 -0.063501
v 0.000001 0.322233 -0.051359
v 0.000001 0.336888 -0.027251
v 0.026130 0.332472 -0.026129
v 0.048520 0.319031 -0.025121
v 0.063502 0.295406 -0.027539
v 0.069805 0.264179 -0.029743
v -0.069804 0.264180 -0.029744
v -0.050037 0.293384 -0.050037
v -0.025121 0.319031 -0.048519
v -0.026129 0.332472 -0.026129
v -0.063501 0.295406 -0.027540
v -0.042751 0.312535 -0.042751
v -0.048519 0.319031 -0.025122
v 0.074904 0.264335 0.000001
v 0.067956 0.297139 0.000001
v 0.051361 0.322232 0.000001
v 0.027252 0.336888 0.000001
v 0.000001 0.341606 0.000001
v -0.027251 0.336888 0.000000
v -0.051360 0.322233 0.000000
v -0.067955 0.297139 0.000000
v -0.074904 0.264335 0.000000
v -0.070969 0.231965 -0.000000
v -0.055754 0.209267 0.000000
v 0.151127 0.206494 -0.054059
v 0.151068 0.203660 -0.053912
v 0.122240 0.203443 -0.017279
v 0.126641 0.220998 -0.020765
v 0.150155 0.208208 -0.056038
v 0.123053 0.232169 -0.036333
v 0.115611 0.197813 -0.026642
v 0.150141 0.202611 -0.055527
v 0.084908 0.208689 -0.005088
v 0.096970 0.216253 0.008660
v 0.111530 0.239157 -0.000324
v 0.111634 0.253496 -0.027333
v 0.149306 0.203027 -0.057256
v 0.110063 0.200666 -0.040086
v 0.078234 0.212164 -0.027207
v 0.054598 0.234654 -0.018602
v 0.060696 0.232322 0.007877
v 0.076144 0.239567 0.023342
v 0.099306 0.259684 0.010435
v 0.104048 0.271568 -0.022847
v 0.105414 0.205196 -0.053364
v 0.148426 0.203648 -0.058868
v 0.073483 0.217794 -0.049347
v 0.051185 0.238938 -0.045301
v 0.036705 0.264488 -0.040296
v 0.038965 0.261985 -0.013834
v 0.044018 0.261148 0.012360
v 0.059513 0.267699 0.027393
v 0.084653 0.283495 0.014004
v 0.091383 0.291864 -0.019205
v 0.105660 0.215582 -0.060957
v 0.148047 0.205492 -0.059850
v 0.078458 0.231011 -0.063209
v 0.060734 0.250283 -0.062930
v 0.047650 0.273122 -0.058045
v 0.035647 0.297563 -0.048563
v 0.026432 0.290150 -0.033612
v 0.027935 0.288698 -0.011388
v 0.031684 0.288833 0.010626
v 0.044203 0.295421 0.023414
v 0.064933 0.309353 0.012241
v 0.070875 0.315866 -0.015667
v 0.020818 0.319436 -0.035619
v 0.015754 0.312380 -0.025248
v 0.016851 0.311292 -0.009736
v 0.019162 0.311778 0.005671
v 0.026397 0.318455 0.014955
v 0.038185 0.331938 0.007497
v 0.041279 0.337816 -0.011911
v -0.002065 0.328539 -0.015779
v -0.001231 0.327757 -0.007450
v -0.000160 0.328175 0.000876
v 0.002130 0.333122 0.006290
v 0.005116 0.342731 0.002644
v 0.005314 0.346861 -0.007780
v 0.148869 0.207891 -0.058505
v 0.150155 0.208208 -0.056038
v 0.123053 0.232169 -0.036333
v 0.114189 0.230052 -0.053506
v 0.097679 0.250220 -0.054237
v 0.087757 0.267713 -0.054312
v 0.075763 0.287567 -0.050120
v 0.058531 0.310966 -0.041749
v 0.034010 0.332678 -0.030393
v 0.002751 0.343183 -0.018061
v -0.001028 0.333723 -0.021355
v 0.005314 0.346861 -0.007780
v 0.041279 0.337816 -0.011911
v 0.070875 0.315866 -0.015667
v 0.091383 0.291864 -0.019205
v 0.104048 0.271568 -0.022847
v 0.111634 0.253496 -0.027333
v -0.117143 0.165808 -0.023778
v -0.115811 0.164690 -0.024439
v -0.118454 0.167065 -0.025355
v -0.115297 0.164235 -0.025832
v -0.118342 0.167117 -0.027635
v -0.117090 0.166083 -0.029236
v -0.114814 0.163970 -0.027290
v -0.115311 0.164490 -0.029008
v -0.068340 0.205091 -0.116787
v -0.066519 0.203998 -0.117203
v -0.068508 0.207785 -0.117766
v -0.064830 0.204278 -0.118183
v -0.066645 0.209291 -0.119233
v -0.064084 0.208842 -0.120304
v -0.063181 0.204792 -0.119105
v -0.062412 0.206492 -0.120180
v -0.102654 0.274226 -0.158677
v -0.101165 0.273623 -0.159379
v -0.102620 0.276252 -0.157607
v -0.099724 0.274108 -0.159572
v -0.100937 0.277670 -0.157308
v -0.098784 0.277722 -0.157912
v -0.098336 0.274677 -0.159597
v -0.097544 0.276137 -0.159100
v -0.066645 0.209291 -0.119233
v -0.061072 0.231633 -0.101511
v -0.069320 0.225316 -0.092832
v -0.068508 0.207785 -0.117766
v -0.068543 0.242685 -0.077151
v -0.057732 0.249821 -0.091714
v -0.064525 0.230405 -0.064140
v -0.067588 0.214583 -0.085908
v -0.068340 0.205091 -0.116787
v -0.066519 0.203998 -0.117203
v -0.059475 0.210737 -0.086947
v -0.052544 0.225891 -0.064782
v -0.045824 0.246283 -0.049498
v -0.059462 0.250610 -0.049230
v -0.064957 0.261604 -0.065623
v -0.053581 0.267686 -0.083202
v -0.057851 0.282896 -0.055174
v -0.046978 0.288007 -0.072838
v -0.052201 0.272974 -0.038653
v -0.038809 0.268706 -0.038905
v -0.025704 0.269102 -0.048448
v -0.032303 0.247149 -0.058998
v -0.040267 0.227209 -0.072862
v -0.050779 0.211993 -0.092087
v -0.064830 0.204278 -0.118183
v -0.046824 0.305644 -0.043585
v -0.037085 0.310406 -0.059146
v -0.042131 0.295826 -0.029363
v -0.030392 0.291338 -0.029932
v -0.018882 0.291456 -0.038498
v -0.008340 0.292659 -0.048160
v -0.013758 0.270561 -0.059306
v -0.019957 0.249114 -0.069820
v -0.028996 0.229698 -0.082027
v -0.042744 0.214266 -0.097869
v -0.063181 0.204792 -0.119105
v -0.025975 0.236628 -0.092383
v -0.040013 0.220410 -0.103945
v -0.062412 0.206492 -0.120180
v -0.023232 0.332314 -0.040894
v -0.031490 0.327702 -0.028784
v -0.028495 0.317870 -0.018351
v -0.019345 0.313281 -0.019415
v -0.010091 0.313282 -0.026380
v -0.001530 0.314384 -0.034099
v 0.000896 0.319696 -0.042584
v -0.005920 0.297990 -0.059287
v -0.011230 0.276010 -0.072023
v -0.017173 0.255236 -0.082461
v -0.011653 0.346576 -0.009021
v -0.005143 0.350604 -0.017330
v -0.010393 0.337952 -0.002638
v -0.004009 0.333826 -0.004019
v 0.002717 0.333787 -0.009093
v 0.009033 0.334745 -0.014588
v 0.011327 0.339478 -0.020247
v 0.004626 0.347720 -0.022218
v -0.009478 0.329065 -0.046926
v -0.019688 0.307270 -0.066016
v -0.027127 0.285176 -0.080208
v -0.005143 0.350604 -0.017330
v -0.023232 0.332314 -0.040894
v -0.037085 0.310406 -0.059146
v -0.046978 0.288007 -0.072838
v -0.033226 0.265079 -0.090572
v -0.053581 0.267686 -0.083202
v -0.039623 0.247368 -0.098369
v -0.057732 0.249821 -0.091714
v -0.048654 0.229703 -0.106364
v -0.061072 0.231633 -0.101511
v -0.064084 0.208842 -0.120304
v -0.066645 0.209291 -0.119233
v 0.027412 0.255330 0.080985
v 0.024567 0.252957 0.078608
v 0.025341 0.253346 0.080670
v 0.024971 0.253573 0.076726
v 0.028727 0.256973 0.079086
v 0.028622 0.257366 0.076216
v 0.025433 0.254442 0.074942
v 0.026888 0.256029 0.074161
v 0.151127 0.206494 -0.054059
v 0.150141 0.202611 -0.055527
v 0.151068 0.203660 -0.053912
v 0.149306 0.203027 -0.057256
v 0.150155 0.208208 -0.056038
v 0.148869 0.207891 -0.058505
v 0.148426 0.203648 -0.058868
v 0.148047 0.205492 -0.059850
v 0.097785 0.296684 0.041698
v 0.096631 0.293236 0.039518
v 0.097618 0.293956 0.041295
v 0.095804 0.294032 0.037896
v 0.096930 0.298777 0.040192
v 0.095640 0.299113 0.037751
v 0.094942 0.295026 0.036432
v 0.094661 0.297116 0.035870
v 0.018386 0.222945 0.060743
v 0.018386 0.224303 0.060743
v 0.012257 0.222945 0.060743
v -0.012257 0.225664 0.060743
v -0.018386 0.225664 0.060743
v -0.018386 0.224305 0.060743
v -0.012257 0.224305 0.060743
v -0.006128 0.225663 0.060743
v -0.006128 0.224305 0.060743
v 0.000000 0.225663 0.060743
v 0.000000 0.224304 0.060743
v 0.006129 0.225663 0.060743
v 0.006129 0.224304 0.060743
v 0.012258 0.225663 0.060743
v 0.012258 0.224304 0.060743
v 0.018386 0.225662 0.060743
v 0.006129 0.222945 0.060743
v -0.018386 0.222947 0.060743
v -0.012257 0.222946 0.060743
v -0.006128 0.222946 0.060743
v 0.000000 0.222946 0.060743
v -0.000684 0.214696 0.060277
v 0.000877 0.214696 0.060277
v -0.000647 0.222804 0.060277
v 0.000850 0.222804 0.060277
v -0.000004 0.223529 0.060277
v 0.005374 0.223529 0.060277
v 0.005243 0.222804 0.060277
v 0.009698 0.222804 0.060277
v 0.010751 0.223528 0.060277
v 0.012223 0.216153 0.060277
v 0.010994 0.215884 0.060277
v 0.012925 0.208779 0.060277
v 0.011672 0.208706 0.060277
v 0.011574 0.201754 0.060277
v 0.012804 0.201404 0.060277
v 0.010038 0.195426 0.060277
v 0.011014 0.194029 0.060277
v 0.005506 0.192661 0.060277
v 0.005247 0.194237 0.060277
v -0.000001 0.193661 0.060277
v -0.000002 0.192057 0.060277
v -0.005509 0.192662 0.060277
v -0.005249 0.194237 0.060277
v -0.010040 0.195427 0.060277
v -0.011017 0.194030 0.060277
v -0.012806 0.201405 0.060277
v -0.011575 0.201755 0.060277
v -0.012926 0.208780 0.060277
v -0.011673 0.208708 0.060277
v -0.010989 0.215886 0.060277
v -0.012219 0.216155 0.060277
v -0.009705 0.222805 0.060277
v -0.010759 0.223530 0.060277
v -0.005381 0.223529 0.060277
v -0.005250 0.222804 0.060277
vn 0.3290 -0.0000 0.9443
vn -0.3290 -0.0000 0.9443
vn 0.0200 -0.3557 -0.9344
vn -0.0801 0.9967 0.0149
vn -0.0000 1.0000 -0.0000
vn -0.0149 0.9967 0.0801
vn 0.0652 0.9957 0.0652
vn -0.0652 0.9957 -0.0652
vn 0.0149 0.9967 -0.0801
vn 0.0801 0.9967 -0.0149
vn 0.6941 -0.1907 -0.6941
vn 0.6922 -0.2043 -0.6922
vn -0.0000 -0.1786 -0.9839
vn 0.9839 -0.1786 -0.0000
vn 0.9814 -0.1918 -0.0000
vn 0.9742 -0.2257 -0.0000
vn 0.6864 -0.2401 -0.6864
vn -0.0000 -0.1918 -0.9814
vn -0.6941 -0.1907 -0.6941
vn -0.6922 -0.2043 -0.6922
vn -0.9839 -0.1786 -0.0000
vn -0.9814 -0.1918 -0.0000
vn -0.6941 -0.1907 0.6941
vn -0.6922 -0.2043 0.6922
vn -0.0000 -0.1786 0.9839
vn -0.0000 -0.1918 0.9814
vn -0.6864 -0.2401 0.6864
vn -0.0001 -0.2257 0.9742
vn -0.9742 -0.2257 -0.0000
vn -0.6864 -0.2401 -0.6864
vn -0.0000 -0.2257 -0.9742
vn -0.6816 -0.2664 0.6816
vn -0.0000 -0.2502 0.9682
vn -0.9682 -0.2502 -0.0000
vn -0.6816 -0.2664 -0.6816
vn -0.0000 -0.2502 -0.9682
vn 0.6816 -0.2664 -0.6816
vn 0.9682 -0.2502 -0.0000
vn 0.6816 -0.2664 0.6816
vn 0.6864 -0.2401 0.6864
vn 0.6922 -0.2043 0.6922
vn 0.6941 -0.1907 0.6941
vn -0.0000 -0.2258 0.9742
vn -0.6809 -0.2699 0.6809
vn -0.0001 -0.2534 0.9674
vn -0.9674 -0.2534 -0.0000
vn -0.6809 -0.2699 -0.6809
vn -0.0000 -0.2534 -0.9674
vn 0.6809 -0.2699 -0.6809
vn 0.9674 -0.2534 -0.0000
vn 0.6809 -0.2699 0.6809
vn 0.0001 -0.2534 0.9674
vn 0.0001 -0.2502 0.9682
vn 0.0519 -0.9973 -0.0519
vn 0.0637 -0.9979 0.0119
vn -0.0000 -1.0000 -0.0000
vn -0.0119 -0.9979 -0.0637
vn -0.0637 -0.9979 -0.0119
vn -0.0519 -0.9973 0.0519
vn 0.0119 -0.9979 0.0637
vn -0.0000 0.0807 0.9967
vn -0.0001 0.0807 0.9967
vn -0.7042 0.0900 0.7042
vn -0.9967 0.0807 -0.0000
vn -0.7042 0.0900 -0.7042
vn -0.0000 0.0807 -0.9967
vn 0.7042 0.0900 -0.7042
vn 0.9967 0.0807 -0.0000
vn 0.7042 0.0900 0.7042
vn 0.0001 0.0807 0.9967
vn -0.5527 0.7874 -0.2728
vn -0.5527 0.7874 -0.2729
vn 0.5527 -0.7874 0.2729
vn 0.8969 0.4179 -0.1448
vn 0.0200 0.2987 0.9541
vn -0.7563 -0.6181 0.2142
vn 0.0594 0.9982 -0.0000
vn 0.4865 -0.2872 0.8251
vn 0.4315 -0.1125 0.8951
vn 0.1457 0.1791 0.9730
vn 0.4480 -0.1671 0.8783
vn 0.2849 0.1095 0.9523
vn 0.3179 -0.4566 0.8309
vn 0.2144 0.1597 0.9636
vn 0.3253 0.2183 0.9201
vn 0.2454 -0.3507 0.9038
vn 0.0835 -0.5710 0.8167
vn -0.4123 0.1287 0.9019
vn -0.1516 -0.1696 0.9738
vn -0.5037 0.3294 0.7986
vn -0.4629 0.2044 0.8625
vn -0.3458 0.4959 0.7965
vn -0.2677 0.3826 0.8843
vn -0.1170 0.6027 0.7893
vn -0.0190 0.5059 0.8624
vn 0.1129 0.5172 0.8484
vn -0.0087 0.0124 0.9999
vn -0.0100 -0.4786 0.8780
vn -0.1238 -0.5138 0.8489
vn -0.3301 -0.2213 0.9176
vn -0.2331 -0.1319 0.9635
vn -0.2896 -0.1131 0.9504
vn -0.3132 -0.2131 0.9255
vn -0.3132 -0.2130 0.9255
vn -0.3132 -0.2129 0.9255
vn -0.3131 -0.2127 0.9256
vn -0.3131 -0.2131 0.9255
vn -0.3133 -0.2127 0.9255
vn -0.3131 -0.2130 0.9255
vn -0.3133 -0.2129 0.9255
vn -0.3134 -0.2129 0.9255
vn -0.3134 -0.2129 0.9254
vn -0.3131 -0.2129 0.9255
vn 0.0882 -0.5581 -0.8251
vn -0.0541 -0.4427 -0.8950
vn -0.2202 -0.0697 -0.9730
vn 0.0320 0.4308 -0.9019
vn 0.2134 0.0785 -0.9738
vn -0.1210 0.5895 -0.7986
vn -0.0198 0.5056 -0.8625
vn -0.3340 0.5040 -0.7965
vn -0.2573 0.3896 -0.8843
vn -0.5175 0.3305 -0.7893
vn -0.4634 0.2037 -0.8624
vn -0.5225 0.0853 -0.8484
vn -0.3227 -0.2222 -0.9201
vn -0.2273 -0.1406 -0.9636
vn -0.2066 -0.2247 -0.9523
vn -0.0094 -0.4781 -0.8783
vn 0.3077 -0.4635 -0.8309
vn 0.3272 0.2256 -0.9176
vn 0.5233 -0.0739 -0.8489
vn 0.4487 -0.1667 -0.8780
vn 0.5003 -0.2876 -0.8167
vn 0.2359 -0.3571 -0.9038
vn -0.0084 0.0126 -0.9999
vn 0.2084 0.1682 -0.9635
vn 0.2117 0.2277 -0.9504
vn -0.3132 -0.2129 -0.9255
vn -0.3132 -0.2130 -0.9255
vn -0.3127 -0.2130 -0.9257
vn -0.3133 -0.2129 -0.9255
vn -0.3131 -0.2130 -0.9255
vn -0.3137 -0.2121 -0.9256
vn -0.3131 -0.2131 -0.9255
vn -0.3136 -0.2129 -0.9254
vn -0.3131 -0.2129 -0.9255
vn -0.6946 0.7194 -0.0000
vn -0.5622 0.8270 -0.0000
vn -0.4135 0.9105 -0.0000
vn 0.7327 -0.6805 -0.0000
vn 0.5622 -0.8270 -0.0000
vn 0.3634 -0.9317 -0.0000
vn 0.3240 0.8921 0.3149
vn 0.1436 0.9527 0.2678
vn -0.0423 0.9767 0.2104
vn -0.2265 0.9632 0.1449
vn -0.4021 0.9126 0.0739
vn 0.8123 -0.5649 0.1449
vn 0.8927 -0.3985 0.2104
vn 0.9388 -0.2168 0.2678
vn 0.9487 -0.0268 0.3149
vn 0.9223 0.1643 0.3499
vn 0.8604 0.3490 0.3714
vn 0.7654 0.5204 0.3787
vn 0.6410 0.6717 0.3714
vn 0.6410 0.6717 0.3715
vn 0.4919 0.7972 0.3499
vn -0.6410 -0.6717 -0.3715
vn -0.4919 -0.7972 -0.3499
vn -0.3240 -0.8921 -0.3149
vn -0.1436 -0.9527 -0.2678
vn 0.0423 -0.9767 -0.2104
vn 0.2266 -0.9632 -0.1449
vn 0.4021 -0.9126 -0.0739
vn 0.7008 -0.7096 0.0739
vn -0.5623 0.8270 -0.0000
vn -0.7008 0.7096 -0.0739
vn -0.8123 0.5649 -0.1449
vn -0.8927 0.3985 -0.2104
vn -0.9388 0.2168 -0.2678
vn -0.9487 0.0268 -0.3149
vn -0.9223 -0.1643 -0.3499
vn -0.8603 -0.3490 -0.3715
vn -0.7654 -0.5204 -0.3787
vn 0.0761 0.9971 -0.0000
vn 0.0320 0.9349 0.3534
vn 0.2714 0.9271 0.2586
vn 0.2738 0.9614 -0.0267
vn -0.1247 0.9918 0.0267
vn -0.1275 0.9575 -0.2587
vn 0.1103 0.9289 -0.3534
vn -0.3131 -0.2129 -0.9256
vn -0.8640 -0.5035 -0.0000
vn -0.2266 0.9631 0.1450
vn 0.8603 0.3491 0.3714
vn -0.5623 0.8269 -0.0000
vn -0.7007 0.7096 -0.0739
vn -0.8604 -0.3490 -0.3714
vn -0.4021 0.9126 -0.0739
vn -0.2266 0.9631 -0.1450
vn -0.0423 0.9767 -0.2104
vn 0.1436 0.9527 -0.2678
vn 0.3240 0.8921 -0.3149
vn 0.4919 0.7972 -0.3499
vn 0.6410 0.6717 -0.3714
vn 0.7654 0.5204 -0.3787
vn 0.8603 0.3491 -0.3714
vn 0.9223 0.1643 -0.3499
vn 0.9488 -0.0268 -0.3149
vn 0.9388 -0.2168 -0.2678
vn 0.8927 -0.3985 -0.2104
vn 0.8123 -0.5649 -0.1449
vn 0.7008 -0.7096 -0.0738
vn 0.4021 -0.9126 0.0739
vn 0.2266 -0.9632 0.1449
vn 0.0423 -0.9767 0.2104
vn -0.1436 -0.9527 0.2678
vn -0.3240 -0.8921 0.3149
vn -0.4919 -0.7972 0.3499
vn -0.6410 -0.6717 0.3714
vn -0.7654 -0.5204 0.3787
vn -0.8604 -0.3490 0.3714
vn -0.9223 -0.1643 0.3499
vn -0.9488 0.0268 0.3149
vn -0.9388 0.2168 0.2678
vn -0.8927 0.3985 0.2104
vn -0.8123 0.5649 0.1449
vn -0.7007 0.7096 0.0739
vn -0.7008 0.7096 0.0739
vn -0.5622 0.8270 -0.0001
vn -0.2265 0.9632 -0.1449
vn 0.8604 0.3490 -0.3714
vn 0.8603 0.3490 -0.3714
vn 0.9487 -0.0268 -0.3149
vn 0.7007 -0.7096 -0.0739
vn 0.7008 -0.7096 -0.0739
vn -0.8603 -0.3490 0.3714
vn -0.9487 0.0268 0.3149
vn -0.3134 -0.2132 0.9254
vn -0.5538 0.1571 0.8177
vn 0.0072 0.0953 0.9954
vn -0.5367 0.1547 0.8295
vn -0.9728 0.2316 -0.0000
vn -0.5537 0.1571 -0.8177
vn -0.5367 0.1547 -0.8295
vn 0.0073 0.0953 -0.9954
vn 0.5712 0.0712 -0.8177
vn 0.5539 0.0714 -0.8295
vn 0.9967 0.0812 -0.0000
vn 0.5712 0.0712 0.8177
vn 0.5539 0.0714 0.8295
vn 0.0073 0.0953 0.9954
vn -0.7232 0.6901 0.0267
vn -0.5709 0.8210 -0.0000
vn -0.5658 0.7450 0.3534
vn -0.7037 0.6617 -0.2587
vn -0.5014 0.7898 -0.3534
vn -0.3951 0.9183 -0.0267
vn -0.3753 0.8901 0.2587
vn -0.1078 -0.9942 -0.0000
vn 0.2030 0.9792 -0.0000
vn 0.9852 -0.1713 -0.0000
vn 0.0665 -0.0286 0.9974
vn 0.4675 -0.0813 0.8802
vn -0.0967 0.1035 0.9899
vn 0.0121 0.0021 0.9999
vn -0.0224 -0.0770 0.9968
vn -0.0053 -0.0120 0.9999
vn 0.0798 -0.0084 0.9968
vn 0.0096 0.0272 0.9996
vn -0.0416 0.3302 0.9430
vn 0.0133 0.0640 0.9979
vn 0.8270 0.5623 -0.0000
vn 0.8269 0.5623 -0.0000
vn 0.8270 0.5622 -0.0000
vn -0.7859 -0.6183 -0.0000
vn -0.0000 -0.0000 1.0000
vn -0.0000 -0.0000 -1.0000
vn -0.9954 -0.0959 -0.0000
vn 0.9986 -0.0528 -0.0000
vn -0.0230 -0.9997 -0.0000
vn 0.4175 -0.9087 -0.0000
vn 0.7823 -0.6229 -0.0000
vn -0.5285 -0.2280 0.8177
vn -0.0546 0.0785 0.9954
vn -0.0546 0.0784 0.9954
vn -0.5138 -0.2191 0.8295
vn -0.9004 -0.4350 -0.0000
vn -0.5285 -0.2280 -0.8177
vn -0.5138 -0.2191 -0.8295
vn -0.0545 0.0785 -0.9954
vn -0.0546 0.0785 -0.9954
vn 0.3978 0.4160 -0.8177
vn 0.3843 0.4053 -0.8295
vn 0.7213 0.6926 -0.0000
vn 0.3978 0.4160 0.8177
vn 0.3843 0.4053 0.8295
vn -0.0545 0.0785 0.9954
vn 0.9642 -0.2653 -0.0000
vn -0.9501 0.3118 -0.0000
vn -0.0022 0.0724 -0.9974
vn 0.0964 0.4647 -0.8802
vn 0.0607 -0.1279 -0.9899
vn 0.0064 0.0105 -0.9999
vn -0.0799 0.0075 -0.9968
vn -0.0131 -0.0005 -0.9999
vn 0.0216 0.0773 -0.9968
vn 0.0289 -0.0011 -0.9996
vn 0.2918 -0.1601 -0.9430
vn 0.0644 -0.0112 -0.9979
vn -0.3341 0.0272 0.9421
vn -0.3503 0.3358 0.8744
vn -0.1374 -0.6499 0.7475
vn -0.6900 0.1823 0.7005
vn -0.6578 -0.4242 0.6224
vn -0.1679 -0.7832 0.5987
vn -0.6555 0.1190 0.7457
vn -0.7583 -0.6440 0.1011
vn -0.1898 -0.9765 -0.1022
vn -0.0003 -0.6462 0.7632
vn -0.0090 -0.9668 -0.2554
vn -0.2064 -0.9166 -0.3424
vn 0.0016 -0.6409 -0.7677
vn -0.1699 -0.8858 -0.4319
vn 0.4075 -0.4676 -0.7844
vn -0.2752 -0.8444 -0.4596
vn 0.1069 -0.3560 -0.9283
vn -0.4707 -0.7697 -0.4313
vn -0.2773 -0.2400 -0.9303
vn -0.6219 -0.7218 -0.3035
vn -0.6527 -0.1855 -0.7345
vn -0.8466 -0.5163 0.1296
vn -0.9778 -0.1619 -0.1332
vn -0.6401 -0.7487 0.1722
vn -0.5377 -0.7943 0.2827
vn -0.5685 -0.7617 0.3108
vn -0.4798 -0.7926 0.3764
vn -0.4273 -0.0471 0.9029
vn -0.4136 -0.0620 0.9083
vn -0.2161 -0.1444 0.9656
vn -0.4009 -0.1224 0.9079
vn -0.6288 -0.5572 0.5423
vn 0.0348 0.6749 0.7371
vn -0.2162 -0.1444 0.9656
vn -0.4137 -0.0620 0.9083
vn -0.0186 0.7066 0.7073
vn 0.0563 0.8985 0.4353
vn 0.1208 0.9070 0.4034
vn -0.1401 0.9888 0.0512
vn 0.1183 0.9928 -0.0197
vn -0.4860 0.6305 -0.6052
vn -0.0279 0.6212 -0.7832
vn 0.4166 0.5000 -0.7593
vn 0.7873 0.2898 -0.5442
vn -0.0001 0.5498 -0.8353
vn -0.9021 0.4292 -0.0451
vn -0.6070 0.6908 0.3928
vn -0.5268 0.5787 0.6226
vn -0.3874 0.4532 0.8029
vn -0.4009 -0.1225 0.9079
vn -0.4273 -0.0472 0.9029
vn 0.0186 0.7149 0.6989
vn 0.2109 0.8902 0.4039
vn 0.3588 0.9334 -0.0043
vn 0.5229 0.8485 0.0815
vn 0.7309 0.6327 0.2559
vn 0.8990 0.2884 0.3297
vn -0.0012 -1.0000 -0.0046
vn 0.3052 0.3398 0.8896
vn -0.0067 0.0979 0.9952
vn -0.0265 0.7808 0.6242
vn 0.2418 0.8784 0.4122
vn 0.3039 0.7749 0.5542
vn 0.2750 0.7820 0.5594
vn 0.1032 0.3460 0.9325
vn -0.0410 0.6706 0.7407
vn -0.0670 0.6737 0.7360
vn -0.0924 0.3063 0.9474
vn -0.3502 0.3359 0.8743
vn -0.3341 0.0271 0.9421
vn -0.0981 0.3332 -0.9378
vn 0.0511 0.9620 -0.2683
vn 0.4213 0.8640 -0.2757
vn 0.2046 0.2490 -0.9467
vn 0.3229 0.7444 0.5845
vn 0.1168 0.8027 0.5849
vn -0.3690 0.9089 -0.1943
vn -0.4277 0.2846 -0.8580
vn -0.3409 -0.4660 -0.8165
vn -0.2162 -0.4334 -0.8749
vn -0.0805 -0.4735 -0.8771
vn -0.2683 -0.9267 -0.2632
vn -0.2728 -0.9264 -0.2595
vn -0.2186 -0.9456 -0.2408
vn -0.1154 -0.9710 -0.2094
vn -0.4136 -0.5545 -0.7221
vn -0.6871 0.1136 -0.7177
vn -0.7107 0.7006 -0.0639
vn -0.1292 0.7725 0.6218
vn 0.1050 0.4817 0.8700
vn 0.1889 0.4583 0.8685
vn 0.2213 0.4307 0.8750
vn 0.4386 0.6644 0.6051
vn 0.6650 0.7076 -0.2387
vn -0.2087 -0.6910 0.6920
vn -0.1600 -0.7052 0.6907
vn -0.0773 -0.7303 0.6788
vn 0.0644 -0.7519 0.6561
vn -0.2242 -0.7606 0.6093
vn -0.3690 -0.9276 0.0579
vn -0.6503 -0.7124 -0.2639
vn -0.9199 -0.2996 -0.2531
vn -0.9690 0.1202 0.2159
vn -0.3321 0.6492 0.6843
vn 0.0007 0.4628 0.8865
vn 0.0537 0.0896 0.9945
vn 0.0644 0.1090 0.9920
vn -0.2490 -0.6833 0.6864
vn -0.2087 -0.6911 0.6920
vn 0.0417 0.1205 0.9918
vn 0.0125 0.0943 0.9955
vn -0.0776 0.4015 0.9126
vn -0.6705 0.0918 0.7362
vn -0.0773 -0.7303 0.6787
vn 0.0208 0.0388 0.9990
vn -0.5260 -0.1283 0.8407
vn 0.0643 -0.7519 0.6561
vn -0.3525 -0.2808 0.8927
vn -0.2242 -0.7606 0.6092
vn 0.0263 0.0850 0.9960
vn 0.1954 0.4406 0.8762
vn 0.4550 0.6355 0.6238
vn 0.7806 0.5962 -0.1878
vn 0.4209 0.1046 -0.9011
vn 0.5725 -0.0190 -0.8197
vn 0.0322 -0.5512 -0.8338
vn 0.1702 -0.6352 -0.7533
vn -0.2596 -0.9367 -0.2350
vn -0.1726 -0.9654 -0.1954
vn -0.2375 -0.6825 0.6912
vn 0.4174 -0.5008 0.7583
vn 0.4952 -0.8431 0.2095
vn 0.7347 -0.6161 -0.2840
vn 0.9394 -0.2361 -0.2486
vn 0.9859 0.1179 0.1186
vn 0.8097 0.1310 0.5720
vn 0.7317 0.0157 0.6814
vn 0.5979 -0.1205 0.7924
vn -0.9199 -0.2995 -0.2531
vn -0.6705 0.0918 0.7363
vn -0.5260 -0.1282 0.8408
vn -0.6503 -0.7124 -0.2640
vn -0.3524 -0.2808 0.8927
vn 0.9852 0.0108 0.1710
vn 0.7141 0.1753 0.6777
vn 0.8485 -0.4990 -0.1760
vn 0.5415 0.0132 0.8406
vn 0.5098 -0.8561 -0.0848
vn 0.1971 -0.9371 0.2880
vn 0.3297 -0.0894 0.9398
vn 0.1000 -0.6050 0.7900
vn -0.3854 0.5283 -0.7566
vn -0.3883 0.5212 -0.7600
vn 0.0207 0.6564 -0.7541
vn 0.0680 0.0276 -0.9973
vn -0.1082 0.0443 -0.9931
vn 0.2082 0.0279 -0.9777
vn 0.4197 0.5364 -0.7323
vn 0.4993 -0.2628 -0.8256
vn 0.0212 0.5910 -0.8064
vn -0.3785 0.5665 -0.7320
vn -0.9644 0.2003 -0.1728
vn -0.9473 0.3020 -0.1069
vn -0.7303 -0.2536 0.6343
vn -0.7227 -0.2990 0.6231
vn -0.0339 -0.5124 0.8581
vn -0.0281 -0.4411 0.8970
vn -0.0272 -0.6824 0.7305
vn 0.0423 -0.8802 -0.4726
vn -0.0121 -0.9110 0.4123
vn -0.3455 -0.7295 -0.5904
vn -0.6804 -0.7086 0.1871
vn -0.0210 -0.6886 0.7248
vn -0.7257 -0.5035 0.4688
vn -0.0223 -0.5084 0.8608
vn -0.7342 -0.3287 0.5941
vn -0.9665 0.0607 -0.2496
vn -0.9153 -0.0747 -0.3959
vn -0.4395 -0.2840 -0.8522
vn -0.3730 0.6650 -0.6470
vn -0.9332 0.3594 -0.0049
vn -0.7111 -0.4295 0.5566
vn -0.0464 -0.4447 0.8945
vn -0.5061 -0.2770 0.8168
vn -0.9244 0.3569 0.1347
vn -0.6998 0.3127 0.6422
vn -0.3953 0.8959 -0.2029
vn -0.3379 0.7785 0.5289
vn -0.0161 0.9649 -0.2620
vn -0.0668 0.8034 0.5917
vn 0.3553 0.9219 -0.1547
vn 0.2049 0.7977 0.5672
vn 0.8703 0.4232 0.2518
vn 0.5780 0.3564 0.7341
vn 0.6566 -0.3796 0.6518
vn 0.4052 -0.2429 0.8814
vn -0.0271 -0.6823 0.7305
vn 0.9107 0.4057 0.0777
vn 0.3829 0.8155 -0.4339
vn 0.9475 0.3161 -0.0494
vn 0.0048 0.8428 -0.5381
vn 0.4043 0.6714 -0.6211
vn 0.9727 0.1954 -0.1252
vn 0.4183 0.5649 -0.7112
vn 0.9777 0.0592 -0.2016
vn 0.0174 0.6959 -0.7179
vn -0.3790 0.7974 -0.4695
vn 0.0212 0.6026 -0.7978
vn 0.4255 0.5201 -0.7405
vn 0.9387 -0.0585 -0.3398
vn 0.6704 -0.7030 0.2375
vn 0.6977 -0.5060 0.5072
vn 0.7032 -0.3335 0.6280
vn 0.6921 -0.2498 0.6772
vn 0.6716 -0.2712 0.6895
vn -0.0338 -0.5124 0.8581
vn -0.0280 -0.4411 0.8970
vn -0.0210 -0.6887 0.7248
vn -0.0120 -0.9110 0.4123
vn 0.0422 -0.8802 -0.4726
vn 0.4179 -0.7088 -0.5683
vn 0.0628 -0.1631 0.9846
vn -0.3593 -0.4926 0.7926
vn -0.2192 -0.9212 0.3213
vn 0.3917 -0.8097 0.4370
vn -0.3908 -0.8912 -0.2301
vn 0.1564 -0.3296 0.9311
vn 0.4140 -0.9039 0.1076
vn 0.0487 -0.3972 0.9164
vn 0.1743 -0.8017 -0.5718
vn -0.7786 -0.4905 -0.3914
vn -0.3381 -0.2965 -0.8932
vn 0.2151 -0.7720 -0.5981
vn 0.3277 -0.9357 0.1305
vn -0.0242 -0.4118 0.9110
vn 0.2384 -0.9641 0.1172
vn -0.1109 -0.4551 0.8835
vn 0.0826 -0.9916 0.0996
vn -0.2375 -0.4940 0.8364
vn -0.0921 -0.9928 0.0763
vn 0.1000 -0.6049 0.7900
vn 0.2934 -0.8020 -0.5203
vn 0.6950 -0.2123 -0.6870
vn 0.8486 -0.4990 -0.1760
vn 0.8206 0.5303 -0.2131
vn 0.4320 0.7532 0.4961
vn 0.2032 0.9074 0.3679
vn 0.5243 0.7492 -0.4047
vn 0.5415 -0.0574 -0.8388
vn 0.3319 -0.7434 -0.5807
vn 0.3270 -0.7052 -0.6291
vn 0.2756 -0.7225 -0.6341
vn -0.1721 -0.2122 -0.9619
vn -0.7734 0.3931 -0.4974
vn -0.5911 0.5390 -0.6001
vn -0.6913 0.6654 0.2816
vn 0.0801 0.8232 -0.5621
vn 0.2823 0.0046 -0.9593
vn 0.0161 -0.0756 -0.9970
vn -0.3344 0.7090 -0.6209
vn -0.5805 0.7777 0.2414
vn -0.4290 0.8753 0.2231
vn -0.4326 0.6604 0.6138
vn -0.3679 0.7057 0.6054
vn -0.1333 0.9568 0.2583
vn -0.1976 0.7529 0.6278
vn 0.0071 0.7209 0.6930
vn 0.1421 0.6270 0.7660
vn -0.4906 0.6060 0.6262
vn -0.2999 0.3967 0.8676
vn -0.2834 0.4005 0.8714
vn -0.2792 0.4301 0.8585
vn -0.1925 0.4608 0.8664
vn -0.0793 0.4203 0.9039
vn -0.0310 0.3313 0.9430
vn -0.1108 -0.4551 0.8835
vn -0.2375 -0.4941 0.8364
vn 0.7141 0.1752 0.6778
vn 0.5416 0.0132 0.8406
vn 0.3297 -0.0895 0.9398
vn 0.1000 -0.6050 0.7899
vn 0.0487 -0.3973 0.9164
vn 0.1563 -0.3297 0.9311
vn 0.0628 -0.1630 0.9846
vn -0.3593 -0.4927 0.7926
vn -0.7502 -0.0550 0.6589
vn -0.8874 -0.0766 0.4546
vn -0.9249 -0.0239 0.3795
vn -0.9963 -0.0780 -0.0363
vn 0.8679 0.4783 -0.1339
vn 0.5908 0.7695 0.2426
vn 0.9888 -0.0759 -0.1282
vn 0.5413 0.6924 0.4770
vn 0.9146 -0.3611 0.1820
vn 0.7538 -0.3298 0.5684
vn 0.4512 0.6007 0.6599
vn 0.5528 0.0989 0.8275
vn -0.7661 0.5657 -0.3050
vn -0.8351 0.4557 -0.3081
vn -0.8601 0.5013 0.0945
vn -0.8128 0.5739 0.0995
vn -0.8085 0.3598 0.4656
vn -0.7656 0.4378 0.4714
vn -0.2900 0.1979 -0.9363
vn -0.3822 0.0391 -0.9232
vn -0.1023 0.4161 -0.9036
vn -0.5960 0.7553 -0.2725
vn -0.6776 0.7241 0.1286
vn -0.6355 0.5887 0.4996
vn 0.4148 -0.4269 -0.8035
vn 0.3299 -0.5331 -0.7791
vn 0.5396 -0.2872 -0.7914
vn 0.6937 -0.1760 -0.6984
vn 0.1900 0.5912 -0.7839
vn -0.3105 0.9319 -0.1875
vn -0.4442 0.8745 0.1947
vn -0.4027 0.7284 0.5543
vn 0.6614 -0.7384 -0.1315
vn 0.5975 -0.7920 -0.1254
vn 0.7400 -0.6613 -0.1225
vn 0.8038 -0.5890 -0.0831
vn 0.7999 -0.5991 -0.0345
vn 0.8139 -0.1634 -0.5575
vn 0.5009 0.6299 -0.5936
vn 0.0231 0.9982 -0.0553
vn -0.1677 0.9424 0.2893
vn -0.1367 0.7689 0.6246
vn 0.5818 -0.5456 0.6031
vn 0.5716 -0.5303 0.6262
vn 0.4944 -0.5989 0.6300
vn 0.4249 -0.6681 0.6108
vn 0.3824 -0.7098 0.5916
vn -0.0075 0.1138 0.9935
vn -0.1867 0.0080 0.9824
vn 0.1689 0.1089 0.9796
vn 0.5528 0.0989 0.8274
vn 0.5818 -0.5456 0.6032
vn 0.5715 -0.5302 0.6263
vn 0.4944 -0.5988 0.6301
vn -0.2854 -0.1176 0.9512
vn 0.3823 -0.7098 0.5917
vn -0.3182 -0.1946 0.9278
vn 0.2946 -0.7640 0.5740
vn -0.3378 -0.2099 0.9175
vn -0.3864 -0.8526 0.3518
vn -0.7347 -0.4198 0.5330
vn -0.7819 0.4035 0.4753
vn -0.9726 -0.0728 0.2208
vn -0.8222 0.5599 0.1022
vn -0.9969 -0.0745 0.0240
vn 0.4805 -0.8683 -0.1229
vn 0.2280 -0.6127 -0.7567
vn -0.4228 -0.0084 -0.9062
vn -0.8187 0.4890 -0.3010
vn -0.9867 -0.0394 -0.1577
vn -0.7791 -0.2938 -0.5538
vn -0.4220 -0.7467 -0.5141
vn -0.2679 -0.9576 -0.1058
vn 0.2947 -0.7641 0.5739
vn -0.3864 -0.8526 0.3519
vn 0.2191 0.4505 -0.8655
vn 0.1881 0.5506 -0.8133
vn 0.5745 0.4806 -0.6625
vn 0.5627 0.5189 -0.6435
vn 0.2148 0.4672 -0.8577
vn 0.8327 0.4310 -0.3478
vn -0.6326 0.2558 -0.7310
vn -0.6840 0.4317 -0.5881
vn -0.6012 0.1181 -0.7903
vn -0.5833 0.0585 -0.8101
vn -0.5017 -0.6619 0.5570
vn -0.5511 -0.5566 0.6216
vn -0.8813 -0.4655 -0.0821
vn -0.9314 -0.3624 -0.0334
vn -0.9664 -0.2569 0.0088
vn -0.9821 -0.1745 0.0704
vn -0.9742 -0.1776 0.1392
vn -0.7537 0.5523 -0.3563
vn 0.1113 0.7370 -0.6667
vn 0.5503 0.5543 -0.6244
vn 0.8392 0.4052 -0.3628
vn 0.9069 -0.0290 0.4203
vn -0.5768 -0.4850 0.6573
vn -0.5797 -0.4641 0.6698
vn -0.5499 -0.5383 0.6386
vn -0.5345 -0.2569 0.8052
vn -0.8468 -0.0083 0.5318
vn -0.7768 0.5679 0.2720
vn -0.0128 0.9137 -0.4063
vn 0.4814 0.7192 -0.5010
vn 0.8118 0.4835 -0.3274
vn 0.9020 0.0070 0.4317
vn 0.2085 -0.5314 0.8211
vn 0.1808 -0.4465 0.8763
vn 0.8843 0.0933 0.4576
vn 0.7382 0.6408 -0.2106
vn 0.3624 0.8917 -0.2712
vn -0.2873 0.9055 0.3121
vn 0.1680 -0.3817 0.9089
vn 0.8275 0.2040 0.5231
vn 0.6133 0.7899 0.0052
vn -0.0710 0.8717 0.4849
vn 0.1528 -0.3535 0.9229
vn 0.7249 0.2641 0.6363
vn 0.1594 0.7988 0.5801
vn -0.5796 -0.4641 0.6698
vn 0.1408 -0.4039 0.9039
vn 0.2703 0.3226 0.9071
vn -0.5499 -0.5383 0.6387
vn -0.0989 -0.1718 0.9802
vn -0.5345 -0.2570 0.8052
vn 0.7826 -0.1883 -0.5934
vn 0.9277 0.3684 0.0597
vn 0.9562 0.2620 0.1306
vn 0.8178 -0.4400 -0.3710
vn -0.0181 -0.6064 -0.7950
vn 0.0273 -0.7937 -0.6077
vn 0.9102 -0.3959 -0.1213
vn 0.3144 -0.7874 -0.5302
vn 0.9381 0.2150 0.2715
vn 0.7367 0.5024 0.4527
vn 0.7319 0.5808 0.3563
vn 0.7191 0.5774 0.3867
vn 0.8527 0.5221 -0.0142
vn 0.6473 0.1272 -0.7516
vn -0.1213 -0.3364 -0.9339
vn -0.7493 -0.4437 -0.4916
vn -0.7127 -0.5451 -0.4415
vn -0.7167 -0.6006 -0.3545
vn -0.6480 -0.6650 -0.3712
vn 0.0268 -0.9454 -0.3247
vn -0.6633 -0.7175 -0.2129
vn 0.6472 -0.7597 -0.0623
vn 0.9517 -0.0657 0.3000
vn 0.7272 0.4896 0.4811
vn 0.3961 0.6695 0.6284
vn 0.4007 0.6965 0.5953
vn 0.4123 0.7613 0.5004
vn 0.4055 0.6903 0.5993
vn 0.6930 0.6074 0.3885
vn 0.7085 0.7032 -0.0590
vn 0.3636 0.4893 -0.7927
vn -0.3346 -0.0065 -0.9423
vn 0.6712 0.6273 0.3949
vn 0.0761 0.9922 0.0992
vn 0.4088 0.6347 0.6557
vn -0.4721 0.5454 0.6925
vn -0.4887 0.6853 0.5400
vn -0.4340 0.6857 0.5844
vn -0.4987 0.6192 0.6066
vn -0.3307 0.2748 0.9028
vn -0.0146 0.3110 0.9503
vn 0.2668 0.2832 0.9212
vn 0.6261 0.0643 0.7771
vn -0.4342 0.3828 0.8154
vn 0.4665 0.5311 0.7073
vn -0.0148 0.9265 0.3760
vn -0.2953 0.0986 0.9503
vn -0.0372 0.7607 0.6481
vn -0.4806 0.3240 0.8149
vn 0.5603 -0.5840 0.5874
vn -0.0123 -0.8836 0.4680
vn -0.6232 -0.5245 0.5801
vn -0.9933 -0.0051 0.1158
vn -0.5727 -0.1390 0.8079
vn -0.4987 0.6191 0.6066
vn -0.8174 -0.3199 -0.4790
vn -0.8967 -0.3365 0.2876
vn -0.9587 -0.1821 0.2187
vn -0.9818 -0.0984 0.1623
vn -0.9913 -0.0583 0.1181
vn -0.9904 0.0675 0.1209
vn -0.4886 0.6853 0.5400
vn -0.4721 0.5454 0.6926
vn -0.4342 0.3828 0.8155
vn -0.4805 0.3241 0.8149
vn -0.9324 0.0468 0.3584
vn -0.9729 0.1415 -0.1829
vn -0.7197 0.4469 -0.5314
vn -0.2142 0.8697 -0.4446
vn -0.3379 0.7786 0.5288
vn -0.0668 0.8034 0.5916
vn -0.0465 -0.4447 0.8945
vn 0.2050 0.7977 0.5671
vn 0.5781 0.3564 0.7340
vn 0.9039 0.4271 -0.0246
vn 0.5929 0.6993 0.3993
vn 0.9808 -0.1581 -0.1141
vn 0.5027 0.6029 0.6196
vn 0.8310 -0.5348 0.1533
vn 0.8049 -0.3926 0.4450
vn 0.3324 0.4845 0.8091
vn 0.4044 0.1087 0.9081
vn -0.2718 0.2540 -0.9282
vn -0.6339 0.2609 -0.7281
vn -0.5492 0.5853 -0.5965
vn -0.2567 0.6864 -0.6804
vn -0.2669 -0.0386 -0.9630
vn -0.6451 -0.0404 -0.7630
vn -0.0000 -0.0435 -0.9991
vn -0.0039 0.2590 -0.9659
vn -0.0035 0.7126 -0.7016
vn -0.2753 -0.3032 -0.9123
vn -0.6174 -0.3101 -0.7229
vn 0.0043 -0.2968 -0.9549
vn 0.2707 -0.2968 -0.9158
vn 0.2667 -0.0494 -0.9625
vn 0.2770 0.2620 -0.9245
vn 0.2665 0.6818 -0.6812
vn -0.2863 -0.6412 -0.7120
vn -0.5309 -0.5752 -0.6223
vn 0.0012 -0.6622 -0.7493
vn 0.2753 -0.6392 -0.7180
vn 0.5629 -0.5565 -0.6111
vn 0.6215 -0.3119 -0.7186
vn 0.6450 -0.0477 -0.7627
vn 0.6274 0.2595 -0.7342
vn 0.5192 0.5924 -0.6160
vn 0.6214 0.7239 -0.2998
vn 0.8787 0.3170 -0.3568
vn 0.9242 -0.0442 -0.3795
vn 0.8584 -0.3653 -0.3602
vn 0.6616 -0.6783 -0.3197
vn 0.3269 -0.8778 -0.3501
vn -0.0000 -0.9281 -0.3723
vn -0.3306 -0.8745 -0.3548
vn -0.3496 -0.9369 -0.0004
vn -0.6933 -0.7206 -0.0001
vn -0.6528 -0.6870 -0.3192
vn -0.9228 -0.3854 -0.0009
vn 0.9990 -0.0436 -0.0016
vn 0.9227 -0.3854 -0.0016
vn 0.6934 -0.7205 -0.0016
vn 0.3496 -0.9369 -0.0013
vn -0.0000 -1.0000 -0.0010
vn -0.8631 -0.3597 -0.3546
vn -0.9991 -0.0434 -0.0014
vn -0.9241 -0.0429 -0.3798
vn -0.9381 0.3465 -0.0016
vn -0.8738 0.3233 -0.3633
vn -0.6470 0.7625 -0.0042
vn -0.6253 0.7184 -0.3047
vn -0.2561 0.9666 -0.0069
vn -0.2597 0.9236 -0.2819
vn 0.0001 1.0000 -0.0012
vn -0.0054 0.9612 -0.2757
vn 0.2562 0.9666 0.0045
vn 0.2639 0.9210 -0.2866
vn 0.6468 0.7626 0.0025
vn 0.9380 0.3465 -0.0005
vn 0.4792 -0.8402 0.2537
vn -0.2693 -0.9574 -0.1046
vn -0.1770 -0.7951 -0.5801
vn 0.5811 -0.6735 -0.4568
vn -0.4255 -0.3035 -0.8526
vn 0.7000 -0.6177 0.3584
vn 0.1221 -0.0947 -0.9880
vn -0.7893 0.0336 -0.6131
vn 0.7671 -0.5066 -0.3935
vn 0.8285 -0.3818 0.4096
vn 0.8777 -0.3095 -0.3659
vn 0.1775 -0.0737 -0.9813
vn -0.5131 0.4820 -0.7102
vn -0.8989 0.0200 -0.4378
vn -0.7132 0.6003 -0.3620
vn -0.9690 0.0443 -0.2430
vn -0.8643 0.5029 0.0130
vn -0.9408 -0.2792 0.1922
vn -0.7034 -0.0443 0.7094
vn -0.5885 -0.7716 0.2414
vn -0.0090 -0.6405 0.7679
vn -0.2693 -0.9573 -0.1047
vn 0.4792 -0.8402 0.2538
vn 0.1690 -0.4476 0.8781
vn 0.7000 -0.6176 0.3585
vn 0.2795 -0.2139 0.9360
vn -0.9230 0.3849 -0.0037
vn -0.8043 0.4407 -0.3986
vn -0.6435 0.0084 0.7654
vn -0.5822 0.1632 0.7965
vn -0.5022 0.3611 0.7858
vn 0.3558 0.0033 0.9345
vn -0.3889 0.5356 0.7496
vn 0.4211 0.1374 0.8965
vn -0.2781 0.6223 0.7317
vn 0.4621 0.1294 0.8773
vn 0.1604 0.8169 0.5540
vn 0.6494 0.4160 0.6366
vn 0.8285 -0.3818 0.4097
vn 0.8914 -0.1848 0.4138
vn 0.9146 -0.0967 0.3927
vn 0.9081 -0.1728 0.3814
vn 0.9401 0.1882 0.2844
vn -0.7263 0.5639 -0.3931
vn -0.4865 0.5182 -0.7034
vn -0.7973 0.4524 -0.3995
vn -0.5564 0.4126 -0.7212
vn 0.2949 0.2636 -0.9185
vn 0.2562 0.1719 -0.9512
vn -0.5875 0.3391 -0.7348
vn 0.2224 0.0348 -0.9743
vn -0.5796 0.3513 -0.7353
vn -0.8241 0.3972 -0.4039
vn -0.9196 0.3928 0.0016
vn -0.8695 0.4940 0.0034
vn -0.7718 0.6359 0.0006
vn -0.6564 0.7544 0.0009
vn -0.6301 0.6739 -0.3859
vn -0.3989 0.6001 -0.6934
vn 0.3370 0.2596 -0.9050
vn 0.9256 -0.1453 -0.3496
vn 0.9354 -0.0637 -0.3479
vn 0.9252 -0.1357 -0.3544
vn -0.0722 0.9971 0.0252
vn 0.0488 0.9725 -0.2275
vn 0.1079 0.8686 -0.4837
vn 0.5750 0.5246 -0.6279
vn 0.9534 0.2031 -0.2233
vn 0.9400 0.1882 0.2844
vn 0.9082 -0.1728 0.3813
vn 0.9146 -0.0967 0.3926
vn 0.8915 -0.1848 0.4137
vn 0.8310 -0.5347 0.1533
vn 0.6648 -0.1806 -0.7249
vn 0.6443 -0.6573 -0.3910
vn 0.2773 -0.2395 -0.9305
vn 0.5042 -0.5076 0.6986
vn 0.4504 -0.7685 -0.4545
vn -0.1071 -0.3559 -0.9284
vn -0.4166 0.5000 -0.7593
vn 0.0281 0.6212 -0.7832
vn 0.4974 0.6267 -0.5999
vn -0.0044 0.3590 0.9333
vn 0.3325 0.4845 0.8092
vn 0.4384 -0.4906 0.7530
vn 0.2744 -0.8522 -0.4455
vn -0.4075 -0.4677 -0.7844
vn -0.7873 0.2898 -0.5442
vn -0.5229 0.8485 0.0815
vn -0.3588 0.9334 -0.0043
vn -0.1182 0.9928 -0.0197
vn 0.1417 0.9888 0.0462
vn 0.5929 0.6993 0.3994
vn -0.0002 0.5498 -0.8353
vn -0.7306 0.6333 0.2554
vn -0.3039 0.7752 0.5538
vn -0.2418 0.8785 0.4121
vn -0.2109 0.8902 0.4039
vn -0.1207 0.9070 0.4034
vn -0.0750 0.8997 0.4301
vn 0.5028 0.6029 0.6195
vn -0.2756 0.7819 0.5592
vn -0.8987 0.2899 0.3291
vn -0.0011 -1.0000 -0.0046
vn -0.3493 0.3069 0.8853
vn -0.1164 0.3512 0.9290
vn 0.1865 -0.8901 -0.4158
vn 0.4788 -0.4981 0.7229
vn 0.1946 0.3898 0.9001
vn -0.0705 0.6879 0.7224
vn 0.5028 0.6028 0.6195
vn 0.0157 0.7120 0.7020
vn -0.0224 0.7199 0.6937
vn 0.0214 0.7827 0.6221
vn 0.0367 0.6787 0.7335
vn 0.6682 0.2062 0.7148
vn 0.4068 0.3998 0.8214
vn 0.6310 -0.5817 0.5134
vn 0.0339 0.6813 0.7313
vn 0.5146 0.1733 0.8398
vn 0.7016 -0.5835 0.4090
vn 0.2146 -0.9703 -0.1119
vn 0.2354 -0.9201 -0.3130
vn 0.4918 -0.5066 0.7081
vn 0.2165 0.3730 0.9022
vn 0.0877 0.3325 0.9390
vn 0.3055 -0.0477 0.9510
vn 0.2749 -0.8623 0.4253
vn 0.3082 -0.7125 0.6304
vn -0.0012 -0.6462 0.7632
vn -0.0091 -0.9668 -0.2554
vn -0.2755 0.7819 0.5592
vn -0.7112 -0.5159 0.4775
vn -0.2456 0.3097 0.9186
vn -0.7031 0.0373 0.7102
vn -0.0072 0.1960 0.9806
vn -0.3710 -0.8122 0.4501
vn 0.0462 -0.8099 0.5848
vn 0.2135 0.1168 0.9699
vn 0.3499 -0.4053 0.8446
vn 0.2657 -0.6255 0.7336
vn 0.9088 -0.0161 0.4169
vn 0.7907 0.5426 -0.2834
vn 0.5091 0.6460 -0.5687
vn 0.1688 0.5816 -0.7958
vn -0.5817 0.0753 -0.8099
vn -0.8145 -0.5583 -0.1575
vn -0.4194 -0.7889 0.4491
vn -0.2618 -0.7801 -0.5683
vn 0.0385 -0.9900 -0.1355
vn -0.1133 -0.2460 -0.9626
vn 0.4124 0.0837 -0.9072
vn 0.6323 0.0475 -0.7732
vn 0.8089 0.0588 -0.5851
vn 0.9449 -0.3111 -0.1021
vn 0.5385 -0.8377 0.0909
vn 0.0384 -0.9900 -0.1355
vn -0.4193 -0.7890 0.4491
vn 0.5363 0.6155 0.5775
vn 0.7028 -0.1658 0.6918
vn 0.7922 -0.0425 0.6088
vn 0.1835 -0.8601 0.4759
vn 0.1466 -0.7479 0.6474
vn 0.1421 -0.6929 0.7069
vn -0.4755 -0.8496 0.2282
vn -0.5563 -0.7361 0.3856
vn -0.5938 -0.6844 0.4230
vn -0.5904 -0.7047 0.3936
vn 0.1354 -0.6882 0.7127
vn -0.5304 -0.7894 0.3091
vn 0.8616 -0.0465 0.5055
vn 0.6630 0.7051 0.2516
vn 0.2717 0.8468 0.4572
vn -0.2457 0.3097 0.9186
vn 0.1432 -0.7198 0.6793
vn -0.3048 -0.9469 0.1025
vn 0.8793 -0.0957 0.4665
vn 0.7718 0.6353 -0.0259
vn 0.4043 0.9121 0.0685
vn -0.1178 0.9063 0.4058
vn -0.7030 0.0373 0.7102
vn 0.8311 0.5336 -0.1567
vn 0.5180 0.8168 -0.2540
vn 0.0228 0.9990 -0.0377
vn -0.8111 0.5296 0.2483
vn -0.9368 -0.3260 0.1272
vn -0.3709 -0.8123 0.4502
vn -0.4756 -0.8496 0.2281
vn -0.9764 -0.2078 0.0587
vn -0.5564 -0.7361 0.3856
vn -0.9771 -0.2022 -0.0657
vn -0.5939 -0.6844 0.4230
vn -0.9394 -0.2923 -0.1791
vn -0.5904 -0.7047 0.3935
vn -0.8450 -0.4438 -0.2983
vn -0.7378 0.6632 -0.1257
vn -0.6495 0.5925 -0.4765
vn 0.1517 0.8964 -0.4164
vn 0.5846 0.6962 -0.4167
vn 0.8422 0.5151 -0.1591
vn 0.8691 -0.1164 0.4807
vn 0.8036 -0.0177 0.5950
vn 0.2123 -0.7938 0.5700
vn 0.1721 -0.8249 0.5384
vn -0.9384 0.1110 0.3271
vn -0.0827 -0.7490 0.6574
vn -0.8462 0.1188 0.5194
vn -0.7503 0.0587 0.6585
vn -0.6573 0.7536 0.0042
vn 0.7355 0.6769 -0.0297
vn 0.0520 0.9825 0.1786
vn -0.3571 0.9258 0.1238
vn 0.6019 0.6677 -0.4380
vn 0.5073 0.8030 -0.3126
vn 0.1337 0.9894 -0.0571
vn -0.1981 0.9764 -0.0859
vn -0.4379 0.8523 -0.2861
vn -0.5693 0.6936 -0.4413
vn 0.2331 0.7434 -0.6269
vn 0.2697 0.6651 -0.6963
vn 0.2294 0.7307 -0.6430
vn 0.0635 0.8677 -0.4930
vn -0.0713 0.8666 -0.4938
vn -0.2335 0.7561 -0.6114
vn -0.3505 0.7420 -0.5715
vn -0.2060 0.7356 -0.6453
vn -0.5769 0.4196 -0.7008
vn -0.5024 0.2448 -0.8292
vn -0.3740 0.1209 -0.9195
vn -0.1753 0.1869 -0.9666
vn 0.1612 0.1935 -0.9678
vn 0.3861 0.0525 -0.9210
vn 0.3360 0.3438 -0.8769
vn 0.6015 0.3831 -0.7010
vn 0.6673 0.5668 -0.4831
vn 0.9723 -0.2278 -0.0519
vn 0.9729 -0.2151 0.0849
vn 0.9279 -0.3271 -0.1790
vn 0.8393 -0.4556 -0.2967
vn 0.5848 -0.6512 -0.4838
vn 0.2074 -0.6442 -0.7362
vn -0.2148 -0.6386 -0.7389
vn -0.5941 -0.6344 -0.4945
vn -0.0610 -0.9860 -0.1549
vn 0.0880 -0.9878 -0.1285
vn 0.2780 -0.9535 0.1162
vn 0.4963 -0.8109 0.3101
vn 0.5583 -0.7305 0.3934
vn 0.5654 -0.7061 0.4263
vn 0.5351 -0.7406 0.4064
vn 0.4651 -0.8461 0.2605
vn 0.9322 -0.3254 0.1582
vn 0.3659 -0.8070 0.4636
vn 0.7041 -0.5140 0.4900
vn 0.8055 0.5352 0.2546
vn 0.6973 0.0405 0.7156
vn 0.1102 0.9160 0.3858
vn 0.2413 0.3169 0.9172
vn -0.2795 0.8587 0.4296
vn 0.0034 0.2058 0.9786
vn -0.5497 0.6317 0.5466
vn -0.2191 0.1271 0.9674
vn -0.7265 -0.1428 0.6722
vn -0.3576 -0.3956 0.8460
vn -0.2041 -0.8475 0.4901
vn -0.0498 -0.8036 0.5931
vn 0.4650 -0.8461 0.2605
vn -0.8279 -0.0331 0.5599
vn -0.1872 -0.7471 0.6378
vn 0.5350 -0.7406 0.4065
vn -0.4059 0.9137 0.0210
vn -0.0201 0.9970 -0.0750
vn -0.5060 0.8100 -0.2966
vn -0.7721 0.6306 -0.0785
vn -0.6756 0.7106 0.1968
vn -0.8911 -0.0522 0.4507
vn -0.1860 -0.7070 0.6823
vn 0.5653 -0.7062 0.4263
vn -0.8204 0.5385 -0.1924
vn -0.8999 -0.0955 0.4255
vn -0.1750 -0.7011 0.6913
vn -0.8791 -0.0864 0.4688
vn -0.1766 -0.7187 0.6725
vn 0.4962 -0.8109 0.3101
vn -0.2170 -0.7716 0.5980
vn 0.2779 -0.9535 0.1163
vn 0.0879 -0.9878 -0.1284
vn 0.7438 0.6557 -0.1298
vn -0.1332 0.8829 -0.4502
vn -0.5628 0.6982 -0.4425
vn -0.8180 0.5498 -0.1689
vn -0.0609 -0.9861 -0.1548
vn -0.2872 0.9056 0.3121
vn -0.0710 0.8717 0.4848
vn 0.2704 0.3226 0.9071
vn -0.6727 0.2882 0.6815
vn -0.7066 -0.0424 0.7064
vn -0.3404 0.3282 0.8811
vn -0.3540 -0.0433 0.9343
vn -0.0004 0.3466 0.9380
vn -0.6690 -0.3379 0.6620
vn 0.0016 0.7626 0.6469
vn 0.2807 0.7291 0.6242
vn -0.2913 0.7200 0.6299
vn -0.5446 0.6130 0.5724
vn -0.6259 0.7264 0.2840
vn -0.8854 0.3217 0.3356
vn -0.2675 0.9257 0.2676
vn 0.0058 0.9666 0.2563
vn 0.2638 0.9278 0.2638
vn 0.5729 0.6121 0.5451
vn 0.3356 0.3217 0.8854
vn 0.0002 -0.0435 0.9991
vn -0.3324 -0.3642 0.8700
vn -0.5851 -0.5868 0.5598
vn -0.2975 -0.6888 0.6611
vn 0.0003 -0.3855 0.9227
vn 0.3539 -0.0427 0.9343
vn 0.6815 0.2882 0.6727
vn 0.6282 0.7228 0.2880
vn 0.2562 0.9666 0.0046
vn -0.2561 0.9666 -0.0068
vn -0.9381 0.3465 -0.0015
vn 0.8811 0.3282 0.3404
vn 0.7064 -0.0424 0.7066
vn 0.3367 -0.3696 0.8661
vn 0.0005 -0.7206 0.6934
vn -0.0005 -0.9369 0.3496
vn -0.3301 -0.8843 0.3301
vn -0.6642 -0.6835 0.3029
vn -0.8661 -0.3696 0.3367
vn -0.9343 -0.0427 0.3539
vn 0.9343 -0.0433 0.3540
vn 0.6620 -0.3379 0.6690
vn 0.3080 -0.6851 0.6601
vn 0.3338 -0.8816 0.3338
vn 0.8700 -0.3642 0.3324
vn 0.5537 -0.5984 0.5791
vn 0.6571 -0.6904 0.3026
vn -0.9991 -0.0434 -0.0013
vn -0.9228 -0.3854 -0.0008
vn -0.6933 -0.7206 -0.0000
vn -0.3496 -0.9369 -0.0003
vn -0.0000 -1.0000 -0.0009
vn 0.6934 -0.7205 -0.0015
vn 0.9990 -0.0436 -0.0015
vn 0.9380 0.3466 -0.0005
vn 0.6468 0.7626 0.0026
vn -0.9711 -0.2162 -0.1011
vn -0.9030 0.4019 -0.1522
vn -0.5201 0.5853 -0.6220
vn -0.8383 -0.2283 -0.4952
vn -0.8304 -0.4985 0.2490
vn -0.7639 -0.6405 0.0795
vn 0.0029 0.9886 -0.1505
vn -0.6239 0.7456 0.2341
vn 0.3586 0.8744 -0.3270
vn -0.2483 0.5424 -0.8026
vn -0.8148 -0.1411 -0.5623
vn -0.8813 -0.4606 0.1055
vn -0.5461 0.6809 0.4879
vn 0.2156 0.9601 0.1781
vn 0.5386 0.8420 0.0317
vn 0.7789 0.6240 -0.0627
vn 0.6339 0.6330 -0.4443
vn -0.0095 0.3332 -0.9428
vn -0.7299 -0.2250 -0.6455
vn -0.8754 -0.4755 0.0867
vn 0.2433 0.8182 0.5208
vn -0.4137 0.6040 0.6812
vn 0.5410 0.7396 0.4004
vn 0.7763 0.5405 0.3244
vn 0.8846 0.3594 0.2972
vn 0.8889 0.4479 -0.0959
vn 0.7697 0.4132 -0.4867
vn 0.1321 0.0783 -0.9881
vn -0.6278 -0.3984 -0.6687
vn -0.8008 -0.5951 0.0678
vn 0.0153 0.1895 0.9818
vn -0.4158 0.0755 0.9063
vn 0.1686 0.2353 0.9572
vn 0.3260 0.1130 0.9386
vn 0.4051 -0.0518 0.9128
vn 0.4422 -0.1562 0.8832
vn 0.9044 0.3089 0.2942
vn 0.9041 0.4164 -0.0961
vn 0.8079 0.3306 -0.4879
vn 0.2148 -0.0986 -0.9717
vn -0.5047 -0.5647 -0.6529
vn -0.6799 -0.7314 0.0535
vn 0.4902 -0.1485 0.8589
vn 0.8286 0.4655 0.3109
vn 0.7943 0.6027 -0.0767
vn 0.7381 0.4796 -0.4746
vn 0.2782 -0.1119 -0.9540
vn -0.2978 -0.7014 -0.6475
vn -0.4325 -0.9013 0.0248
vn 0.9934 0.1030 0.0496
vn 0.9910 0.0798 -0.1077
vn 0.9544 0.1107 -0.2774
vn 0.7529 -0.1968 -0.6280
vn 0.4868 -0.6946 -0.5297
vn 0.4194 -0.9046 -0.0755
vn -0.6215 -0.4315 0.6539
vn -0.8304 -0.4985 0.2489
vn -0.7638 -0.6405 0.0796
vn -0.4572 -0.5304 0.7139
vn -0.5385 -0.3641 0.7599
vn -0.4998 -0.3862 0.7753
vn -0.4331 -0.4963 0.7524
vn -0.3461 -0.6119 0.7112
vn -0.1547 -0.7346 0.6606
vn 0.5867 -0.7227 0.3654
vn 0.8834 -0.2034 0.4221
vn 0.4194 -0.9047 -0.0756
vn -0.4324 -0.9013 0.0249
vn -0.6798 -0.7314 0.0535
vn -0.8008 -0.5951 0.0679
vn -0.8754 -0.4755 0.0868
vn -0.8813 -0.4606 0.1056
vn 0.1078 0.8685 -0.4837
vn 0.0487 0.9726 -0.2275
vn -0.0723 0.9971 0.0251
vn 0.7769 0.5679 0.2719
vn 0.2873 0.9056 0.3121
vn 0.8468 -0.0083 0.5318
vn 0.0710 0.8717 0.4849
vn 0.5345 -0.2569 0.8052
vn 0.0988 -0.1718 0.9802
vn -0.1594 0.7989 0.5800
vn -0.2704 0.3227 0.9071
vn 0.6973 0.0404 0.7156
vn 0.2414 0.3170 0.9172
vn 0.0033 0.2059 0.9786
vn 0.3659 -0.8069 0.4636
vn -0.2191 0.1272 0.9674
vn 0.5499 -0.5383 0.6387
vn 0.9742 -0.1776 0.1392
vn 0.8468 -0.0082 0.5318
vn 0.9821 -0.1745 0.0704
vn 0.5797 -0.4640 0.6698
vn 0.6840 0.4317 -0.5880
vn 0.7537 0.5523 -0.3563
vn 0.7769 0.5679 0.2720
vn 0.2873 0.9055 0.3121
vn 0.0128 0.9137 -0.4063
vn -0.1112 0.7370 -0.6667
vn -0.1881 0.5506 -0.8133
vn 0.6326 0.2558 -0.7310
vn 0.9664 -0.2569 0.0088
vn 0.5768 -0.4850 0.6573
vn 0.9314 -0.3624 -0.0334
vn 0.5511 -0.5566 0.6216
vn 0.6012 0.1181 -0.7903
vn -0.2190 0.4505 -0.8655
vn -0.5745 0.4806 -0.6625
vn -0.5503 0.5543 -0.6244
vn -0.4814 0.7192 -0.5010
vn -0.3624 0.8917 -0.2712
vn 0.8813 -0.4655 -0.0821
vn 0.5017 -0.6619 0.5569
vn 0.5833 0.0586 -0.8101
vn -0.2147 0.4672 -0.8577
vn -0.5627 0.5189 -0.6435
vn -0.8327 0.4310 -0.3478
vn -0.8392 0.4052 -0.3628
vn -0.8118 0.4835 -0.3274
vn -0.7382 0.6408 -0.2106
vn -0.6133 0.7899 0.0052
vn -0.1594 0.7988 0.5801
vn -0.8275 0.2040 0.5231
vn -0.7249 0.2641 0.6363
vn -0.2703 0.3227 0.9071
vn 0.4194 -0.7890 0.4491
vn 0.8145 -0.5583 -0.1575
vn 0.5817 0.0753 -0.8099
vn -0.1688 0.5816 -0.7958
vn -0.5091 0.6460 -0.5687
vn -0.7907 0.5426 -0.2834
vn -0.9088 -0.0161 0.4169
vn -0.9069 -0.0290 0.4203
vn -0.9020 0.0070 0.4317
vn -0.8843 0.0933 0.4576
vn 0.2644 -0.7810 -0.5658
vn -0.0403 -0.9902 -0.1337
vn 0.1133 -0.2423 -0.9636
vn -0.4134 0.0826 -0.9068
vn -0.6299 0.0475 -0.7752
vn -0.8095 0.0593 -0.5841
vn -0.9437 -0.3145 -0.1026
vn -0.5407 -0.8366 0.0882
vn -0.2657 -0.6255 0.7336
vn -0.2085 -0.5314 0.8211
vn -0.1808 -0.4465 0.8763
vn -0.0402 -0.9902 -0.1338
vn 0.4193 -0.7890 0.4491
vn 0.5017 -0.6619 0.5570
vn -0.1680 -0.3817 0.9089
vn -0.1528 -0.3535 0.9229
vn 0.5796 -0.4641 0.6699
vn -0.1408 -0.4039 0.9039
vn 0.5499 -0.5382 0.6387
vn 0.0989 -0.1718 0.9802
vn -0.7196 0.4469 -0.5314
vn 0.0762 0.9921 0.0993
vn -0.0146 0.9265 0.3760
vn -0.0372 0.7606 0.6482
vn -0.4805 0.3240 0.8149
vn -0.6238 0.7457 0.2341
vn -0.5461 0.6810 0.4879
vn -0.6215 -0.4314 0.6539
vn -0.4136 0.6040 0.6813
vn -0.9778 -0.1619 -0.1331
vn -0.6069 0.6909 0.3929
vn -0.5267 0.5788 0.6226
vn -0.8466 -0.5162 0.1296
vn -0.6289 -0.5572 0.5423
vn -0.3873 0.4532 0.8029
vt 0.000000 1.000000
vt 0.725462 0.581889
vt 0.694536 0.575646
vt 0.705545 0.422585
vt 0.774688 0.436541
vt 0.964411 0.163193
vt 0.904328 0.246713
vt 0.801442 0.246713
vt 0.841167 0.123468
vt 0.717922 0.186630
vt 0.964411 0.060306
vt 0.880891 0.000223
vt 0.717922 0.083743
vt 0.778005 0.000223
vt 0.325992 0.720117
vt 0.264445 0.709084
vt 0.333641 0.616371
vt 0.297135 0.820112
vt 0.238099 0.798339
vt 0.179780 0.776662
vt 0.203429 0.698100
vt 0.270800 0.616371
vt 0.325992 0.512624
vt 0.264444 0.523657
vt 0.297135 0.412629
vt 0.238098 0.434402
vt 0.254304 0.317775
vt 0.199879 0.349241
vt 0.193403 0.232964
vt 0.144061 0.272937
vt 0.145927 0.380889
vt 0.095383 0.314148
vt 0.179780 0.456080
vt 0.203429 0.534641
vt 0.208765 0.616371
vt 0.091538 0.413541
vt 0.047609 0.357055
vt 0.121121 0.478121
vt 0.141508 0.545864
vt 0.146281 0.616371
vt 0.141508 0.686877
vt 0.121121 0.754620
vt 0.091538 0.819200
vt 0.145927 0.851852
vt 0.199879 0.883500
vt 0.254304 0.914966
vt 0.095383 0.918594
vt 0.144061 0.959804
vt 0.193403 0.999777
vt 0.036673 0.447042
vt 0.000223 0.400534
vt 0.061512 0.500688
vt 0.078418 0.557366
vt 0.082612 0.616371
vt 0.078418 0.675375
vt 0.061511 0.732053
vt 0.036673 0.785699
vt 0.000223 0.832208
vt 0.047609 0.875686
vt 0.034295 0.232518
vt 0.000223 0.185115
vt 0.070149 0.162592
vt 0.092672 0.232518
vt 0.140075 0.140069
vt 0.106004 0.092666
vt 0.047626 0.092666
vt 0.000223 0.126737
vt 0.140075 0.198447
vt 0.533333 0.565088
vt 0.354240 0.613434
vt 0.363957 0.652650
vt 0.545992 0.616177
vt 0.370099 0.692584
vt 0.553993 0.668199
vt 0.374576 0.732737
vt 0.559826 0.720509
vt 0.375416 0.773131
vt 0.560920 0.773131
vt 0.374576 0.813525
vt 0.559826 0.825754
vt 0.370099 0.853679
vt 0.553993 0.878063
vt 0.363957 0.893612
vt 0.545992 0.930086
vt 0.354240 0.932829
vt 0.533333 0.981175
vt 0.282579 0.086753
vt 0.262477 0.051706
vt 0.222075 0.051706
vt 0.234803 0.099482
vt 0.282579 0.127155
vt 0.247532 0.147257
vt 0.187028 0.112210
vt 0.207129 0.147257
vt 0.187028 0.071808
vt 0.709488 0.403049
vt 0.778631 0.417006
vt 0.723698 0.590626
vt 0.692772 0.584384
vt 0.789640 0.263945
vt 0.798548 0.264265
vt 0.798548 0.417721
vt 0.758714 0.257702
vt 0.750379 0.254542
vt 0.690853 0.395983
vt 0.263180 0.529519
vt 0.257227 0.543380
vt 0.047880 0.452460
vt 0.055729 0.434590
vt 0.000175 0.812158
vt 0.017662 0.474003
vt 0.026061 0.468634
vt 0.104042 0.715905
vt 0.032771 0.462186
vt 0.215550 0.999825
vt 0.170197 0.647700
vt 0.041000 0.457833
vt 0.272505 0.841857
vt 0.500451 0.992286
vt 0.691266 0.686920
vt 0.693097 0.695346
vt 0.475261 0.623420
vt 0.475004 0.688828
vt 0.365009 0.587386
vt 0.336741 0.664710
vt 0.214976 0.594037
vt 0.309857 0.738684
vt 0.482011 0.852525
vt 0.700675 0.722399
vt 0.697653 0.712998
vt 0.474882 0.758283
vt 0.696615 0.703855
vt 0.383337 0.550447
vt 0.341844 0.528269
vt 0.419706 0.580294
vt 0.471731 0.658156
vt 0.449553 0.616663
vt 0.158156 0.971731
vt 0.158156 0.528269
vt 0.250000 0.510000
vt 0.203178 0.514612
vt 0.296822 0.514612
vt 0.203178 0.985388
vt 0.250000 0.990000
vt 0.296822 0.985388
vt 0.341844 0.971731
vt 0.471731 0.841844
vt 0.490000 0.750000
vt 0.485388 0.703178
vt 0.485388 0.796822
vt 0.419706 0.919706
vt 0.383337 0.949553
vt 0.449553 0.883337
vt 0.050447 0.883337
vt 0.080294 0.919706
vt 0.028269 0.841844
vt 0.116663 0.949553
vt 0.028269 0.658156
vt 0.080294 0.580294
vt 0.116663 0.550447
vt 0.050447 0.616663
vt 0.014612 0.796822
vt 0.010000 0.750000
vt 0.014612 0.703178
vt 0.668027 0.356370
vt 0.721289 0.643210
vt 0.714628 0.649619
vt 0.055223 0.425948
vt 0.269905 0.466301
vt 0.371242 0.570465
vt 0.398183 0.497300
vt 0.479768 0.609094
vt 0.515359 0.556776
vt 0.696413 0.668388
vt 0.702249 0.662209
vt 0.550688 0.504288
vt 0.709324 0.656783
vt 0.599737 0.440426
vt 0.503178 0.218832
vt 0.053861 0.407998
vt 0.052918 0.398611
vt 0.281683 0.321596
vt 0.285323 0.211407
vt 0.455322 0.344153
vt 0.422932 0.430600
vt 0.277151 0.402916
vt 0.053281 0.417065
vt 0.276676 0.184781
vt 0.517025 0.184781
vt 0.691103 0.343523
vt 0.843750 0.000000
vt 0.843750 0.253086
vt 0.875000 0.253086
vt 0.875000 0.000000
vt 0.906250 0.253086
vt 0.906250 0.000000
vt 0.937500 0.253086
vt 0.937500 0.000000
vt 0.968750 0.253086
vt 0.968750 0.000000
vt 1.000000 0.253086
vt 1.000000 0.000000
vt 0.562500 0.000000
vt 0.562500 0.253086
vt 0.593750 0.253086
vt 0.593750 0.000000
vt 0.625000 0.253086
vt 0.625000 0.000000
vt 0.656250 0.253086
vt 0.656250 0.000000
vt 0.687500 0.253086
vt 0.687500 0.000000
vt 0.718750 0.253086
vt 0.718750 0.000000
vt 0.750000 0.253086
vt 0.750000 0.000000
vt 0.781250 0.253086
vt 0.781250 0.000000
vt 0.812500 0.253086
vt 0.812500 0.000000
vt 0.281250 0.000000
vt 0.281250 0.253086
vt 0.312500 0.253086
vt 0.312500 0.000000
vt 0.343750 0.253086
vt 0.343750 0.000000
vt 0.375000 0.253086
vt 0.375000 0.000000
vt 0.406250 0.253086
vt 0.406250 0.000000
vt 0.437500 0.253086
vt 0.437500 0.000000
vt 0.468750 0.253086
vt 0.468750 0.000000
vt 0.500000 0.253086
vt 0.500000 0.000000
vt 0.531250 0.253086
vt 0.531250 0.000000
vt 0.000000 0.000000
vt 0.000000 0.253086
vt 0.031250 0.253086
vt 0.031250 0.000000
vt 0.062500 0.253086
vt 0.062500 0.000000
vt 0.093750 0.253086
vt 0.093750 0.000000
vt 0.125000 0.253086
vt 0.125000 0.000000
vt 0.156250 0.253086
vt 0.156250 0.000000
vt 0.187500 0.253086
vt 0.187500 0.000000
vt 0.218750 0.253086
vt 0.218750 0.000000
vt 0.250000 0.253086
vt 0.250000 0.000000
vt 0.029626 0.157280
vt 0.012556 0.152184
vt 0.023604 0.135330
vt 0.037732 0.130129
vt 0.021521 0.184431
vt 0.012556 0.172336
vt 0.035649 0.179230
vt 0.046697 0.162376
vt 0.046697 0.142223
vt 0.294508 0.526242
vt 0.250000 0.521858
vt 0.337306 0.539224
vt 0.376749 0.560307
vt 0.411321 0.588679
vt 0.439693 0.623251
vt 0.460775 0.662694
vt 0.473758 0.705492
vt 0.478142 0.750000
vt 0.473758 0.794508
vt 0.460776 0.837306
vt 0.439693 0.876749
vt 0.411321 0.911321
vt 0.376749 0.939693
vt 0.337306 0.960776
vt 0.294508 0.973758
vt 0.250000 0.978142
vt 0.205492 0.973758
vt 0.162694 0.960776
vt 0.123251 0.939693
vt 0.088679 0.911321
vt 0.060307 0.876749
vt 0.039224 0.837306
vt 0.026242 0.794508
vt 0.021858 0.750000
vt 0.026242 0.705492
vt 0.039224 0.662694
vt 0.060307 0.623251
vt 0.088679 0.588679
vt 0.123251 0.560307
vt 0.162694 0.539224
vt 0.205492 0.526242
vt 0.949978 0.429159
vt 0.967000 0.429159
vt 0.969646 0.483512
vt 0.947331 0.483513
vt 0.967000 0.537866
vt 0.949978 0.537866
vt 0.891116 0.614136
vt 0.901325 0.587094
vt 0.977307 0.618062
vt 0.970341 0.636513
vt 0.885041 0.634516
vt 0.966195 0.650419
vt 0.882975 0.655682
vt 0.964786 0.664861
vt 0.882223 0.684577
vt 0.964273 0.684577
vt 0.882975 0.713472
vt 0.964786 0.704292
vt 0.885041 0.734637
vt 0.966195 0.718734
vt 0.891116 0.755017
vt 0.970341 0.732640
vt 0.901325 0.782059
vt 0.977307 0.751091
vt 0.072183 0.130213
vt 0.081135 0.142289
vt 0.081135 0.162410
vt 0.064091 0.157322
vt 0.058077 0.135406
vt 0.047047 0.152234
vt 0.055998 0.184431
vt 0.047047 0.172355
vt 0.070104 0.179238
vt 0.742739 0.639317
vt 0.940375 0.221772
vt 0.809484 0.211435
vt 0.810824 0.194466
vt 0.941715 0.204802
vt 0.799434 0.040656
vt 0.791081 0.171689
vt 0.774093 0.170606
vt 0.782446 0.039573
vt 0.774093 0.361551
vt 0.786411 0.230831
vt 0.792309 0.226139
vt 0.817838 0.329183
vt 0.798079 0.221290
vt 0.861705 0.296980
vt 0.803848 0.216440
vt 0.900969 0.259301
vt 0.084132 0.156202
vt 0.101154 0.156202
vt 0.103800 0.163259
vt 0.081485 0.163259
vt 0.101154 0.170317
vt 0.084132 0.170317
vt 0.103800 0.177374
vt 0.081485 0.177374
vt 0.101154 0.184431
vt 0.084132 0.184431
vt 0.949978 0.320451
vt 0.967000 0.320451
vt 0.969646 0.374805
vt 0.947331 0.374805
vt 0.807050 0.988750
vt 0.821548 0.988526
vt 0.821719 0.999601
vt 0.807221 0.999825
vt 0.808127 0.933811
vt 0.800444 0.997055
vt 0.791432 0.944762
vt 0.807397 0.787646
vt 0.777449 0.790254
vt 0.806565 0.616754
vt 0.759931 0.620746
vt 0.805901 0.502630
vt 0.743089 0.496769
vt 0.818488 0.616711
vt 0.819180 0.502644
vt 0.881872 0.496769
vt 0.865111 0.620522
vt 0.819059 0.787661
vt 0.849008 0.790041
vt 0.819339 0.933954
vt 0.836141 0.944582
vt 0.828269 0.996628
vt 0.000175 0.126806
vt 0.012205 0.126806
vt 0.012205 0.184431
vt 0.000175 0.184431
vt 0.990945 0.972825
vt 0.980752 0.999825
vt 0.904889 0.968905
vt 0.911844 0.950482
vt 0.997011 0.952477
vt 0.915983 0.936598
vt 0.999073 0.931344
vt 0.917390 0.922179
vt 0.999825 0.902494
vt 0.917902 0.902494
vt 0.999073 0.873644
vt 0.917390 0.882809
vt 0.997011 0.852511
vt 0.915983 0.868389
vt 0.990945 0.832163
vt 0.911844 0.854505
vt 0.980752 0.805163
vt 0.904889 0.836083
vt 0.038070 0.380404
vt 0.806044 0.188639
vt 0.908688 0.161553
vt 0.801107 0.182944
vt 0.875825 0.118178
vt 0.796170 0.177249
vt 0.837556 0.079490
vt 0.240715 0.180458
vt 0.238676 0.129038
vt 0.253433 0.183426
vt 0.248486 0.081609
vt 0.265425 0.139840
vt 0.265103 0.190453
vt 0.261692 0.069393
vt 0.277642 0.108544
vt 0.284979 0.152581
vt 0.275736 0.197616
vt 0.299891 0.162384
vt 0.299986 0.128709
vt 0.316534 0.141163
vt 0.312013 0.116722
vt 0.327424 0.127832
vt 0.322493 0.103795
vt 0.336635 0.113998
vt 0.332819 0.089984
vt 0.346533 0.100376
vt 0.348786 0.073453
vt 0.359170 0.082542
vt 0.384977 0.048495
vt 0.387766 0.050704
vt 0.289800 0.097829
vt 0.302201 0.086175
vt 0.315067 0.073204
vt 0.337535 0.057488
vt 0.275930 0.056193
vt 0.295683 0.044433
vt 0.330647 0.035180
vt 0.382877 0.041391
vt 0.383225 0.045395
vt 0.403022 0.098776
vt 0.419495 0.101581
vt 0.419495 0.138403
vt 0.397639 0.127570
vt 0.387835 0.094238
vt 0.379113 0.117736
vt 0.376361 0.091335
vt 0.365809 0.111143
vt 0.368552 0.088787
vt 0.357310 0.107042
vt 0.347615 0.121229
vt 0.339057 0.135430
vt 0.329874 0.149500
vt 0.390257 0.052591
vt 0.392226 0.053331
vt 0.394875 0.054173
vt 0.397542 0.054958
vt 0.399949 0.055216
vt 0.411443 0.160248
vt 0.388621 0.146290
vt 0.370053 0.134702
vt 0.356285 0.126490
vt 0.347055 0.141057
vt 0.338686 0.155829
vt 0.319536 0.177958
vt 0.311749 0.170448
vt 0.290427 0.209690
vt 0.284454 0.205147
vt 0.401370 0.176584
vt 0.378897 0.161890
vt 0.359956 0.149520
vt 0.352125 0.165579
vt 0.329862 0.189194
vt 0.297936 0.215803
vt 0.393025 0.192589
vt 0.371867 0.177266
vt 0.343771 0.201457
vt 0.305435 0.222039
vt 0.355293 0.216340
vt 0.310466 0.228414
vt 0.652388 0.849805
vt 0.671754 0.848764
vt 0.672922 0.876298
vt 0.651710 0.876454
vt 0.688403 0.876429
vt 0.686333 0.847442
vt 0.670348 0.820892
vt 0.652394 0.822396
vt 0.628801 0.821507
vt 0.627357 0.848813
vt 0.625578 0.875009
vt 0.593498 0.844819
vt 0.590921 0.872081
vt 0.598566 0.816311
vt 0.613241 0.778341
vt 0.634537 0.786193
vt 0.651940 0.788193
vt 0.666738 0.787340
vt 0.683104 0.818194
vt 0.708048 0.844578
vt 0.711364 0.875043
vt 0.712656 0.909212
vt 0.689249 0.907874
vt 0.672903 0.906167
vt 0.546799 0.871985
vt 0.547846 0.836864
vt 0.561581 0.802180
vt 0.593195 0.762796
vt 0.648693 0.728365
vt 0.651121 0.730977
vt 0.654142 0.732325
vt 0.657435 0.732628
vt 0.660368 0.732593
vt 0.676615 0.783938
vt 0.701846 0.813924
vt 0.741134 0.908584
vt 0.739839 0.871247
vt 0.768700 0.908433
vt 0.769215 0.867165
vt 0.735329 0.839921
vt 0.765027 0.834431
vt 0.726255 0.808282
vt 0.689768 0.778093
vt 0.662250 0.732001
vt 0.752009 0.800703
vt 0.706208 0.771097
vt 0.664615 0.731053
vt 0.721351 0.762368
vt 0.666961 0.730055
vt 0.668794 0.728859
vt 0.733068 0.952032
vt 0.709071 0.948103
vt 0.687815 0.943325
vt 0.672036 0.939998
vt 0.650463 0.905679
vt 0.650056 0.939743
vt 0.624230 0.905193
vt 0.626255 0.941814
vt 0.591761 0.905696
vt 0.600388 0.946658
vt 0.555358 0.912580
vt 0.573456 0.957586
vt 0.602485 0.999705
vt 0.618349 0.992357
vt 0.636327 0.986866
vt 0.654577 0.982193
vt 0.672014 0.980042
vt 0.683765 0.982523
vt 0.697854 0.987959
vt 0.711859 0.993521
vt 0.722578 0.999705
vt 0.754114 0.957162
vt 0.965959 0.959190
vt 0.969477 0.958554
vt 0.968390 0.959898
vt 0.969477 0.956432
vt 0.964803 0.956703
vt 0.965665 0.954099
vt 0.969232 0.954325
vt 0.967998 0.953115
vt 0.964642 0.937779
vt 0.963737 0.936892
vt 0.966353 0.937057
vt 0.963557 0.935346
vt 0.966985 0.935148
vt 0.966137 0.933324
vt 0.963557 0.933790
vt 0.964354 0.932804
vt 0.830640 0.672668
vt 0.849095 0.652099
vt 0.847659 0.690309
vt 0.823373 0.716466
vt 0.810926 0.705352
vt 0.835858 0.727592
vt 0.866351 0.706451
vt 0.844162 0.738095
vt 0.866625 0.670735
vt 0.868391 0.634718
vt 0.855521 0.620166
vt 0.877069 0.605161
vt 0.862191 0.580643
vt 0.889326 0.568489
vt 0.881133 0.536363
vt 0.846491 0.544222
vt 0.921378 0.536519
vt 0.760145 0.690722
vt 0.760145 0.636396
vt 0.780857 0.692996
vt 0.792810 0.646785
vt 0.780351 0.591254
vt 0.812857 0.616654
vt 0.812338 0.560895
vt 0.836916 0.595645
vt 0.835384 0.636945
vt 0.817018 0.659438
vt 0.799740 0.698166
vt 0.888773 0.617961
vt 0.900586 0.589872
vt 0.923419 0.556810
vt 0.973897 0.544293
vt 0.974043 0.547662
vt 0.929905 0.572195
vt 0.975223 0.550267
vt 0.936847 0.579790
vt 0.976587 0.551629
vt 0.945623 0.587843
vt 0.978278 0.553224
vt 0.954159 0.596066
vt 0.979970 0.554817
vt 0.962064 0.602468
vt 0.981408 0.556096
vt 0.977594 0.608071
vt 0.984072 0.557127
vt 0.997870 0.609187
vt 0.987445 0.557100
vt 0.946070 0.632698
vt 0.935278 0.623524
vt 0.931811 0.657284
vt 0.923171 0.611781
vt 0.918725 0.646458
vt 0.917504 0.679895
vt 0.902620 0.667770
vt 0.901584 0.700736
vt 0.903789 0.632287
vt 0.910589 0.600329
vt 0.885164 0.651667
vt 0.885840 0.687660
vt 0.880554 0.719545
vt 0.894631 0.743472
vt 0.923004 0.722186
vt 0.942490 0.697014
vt 0.956334 0.670659
vt 0.967409 0.642651
vt 0.999705 0.649522
vt 0.993101 0.684453
vt 0.978300 0.719270
vt 0.950224 0.752945
vt 0.906500 0.775855
vt 0.852136 0.777618
vt 0.849978 0.756868
vt 0.286634 0.312209
vt 0.316456 0.259291
vt 0.333253 0.264356
vt 0.314561 0.321867
vt 0.351097 0.268887
vt 0.267207 0.366913
vt 0.306002 0.372195
vt 0.261928 0.413938
vt 0.340938 0.325522
vt 0.369016 0.272530
vt 0.365281 0.326649
vt 0.340144 0.371014
vt 0.306420 0.410962
vt 0.266489 0.447416
vt 0.309850 0.436958
vt 0.280963 0.478991
vt 0.315653 0.463046
vt 0.315912 0.517477
vt 0.334303 0.501649
vt 0.373587 0.552839
vt 0.375170 0.550983
vt 0.355144 0.494009
vt 0.377241 0.549937
vt 0.373081 0.491777
vt 0.379547 0.549600
vt 0.387817 0.492714
vt 0.397724 0.495949
vt 0.403972 0.459755
vt 0.391655 0.457381
vt 0.373081 0.456456
vt 0.349079 0.456902
vt 0.346269 0.430994
vt 0.343477 0.405272
vt 0.367713 0.368900
vt 0.387525 0.325515
vt 0.390639 0.367135
vt 0.403259 0.322185
vt 0.392313 0.429360
vt 0.373216 0.428991
vt 0.371107 0.401846
vt 0.392340 0.400785
vt 0.406953 0.365013
vt 0.407337 0.400086
vt 0.429727 0.363301
vt 0.429035 0.400919
vt 0.406144 0.430143
vt 0.426455 0.432083
vt 0.421738 0.463117
vt 0.410605 0.501264
vt 0.424199 0.317434
vt 0.447498 0.313042
vt 0.457131 0.363183
vt 0.455781 0.404075
vt 0.451816 0.435460
vt 0.444824 0.467227
vt 0.426240 0.507464
vt 0.469815 0.473068
vt 0.440671 0.515156
vt 0.381596 0.549633
vt 0.382901 0.550091
vt 0.384513 0.550801
vt 0.386113 0.551540
vt 0.387381 0.552368
vt 0.480297 0.439802
vt 0.483783 0.407788
vt 0.483783 0.362922
vt 0.467657 0.307901
vt 0.434216 0.258458
vt 0.424019 0.264215
vt 0.410496 0.268912
vt 0.396893 0.273326
vt 0.385695 0.274890
vt 0.965887 0.946960
vt 0.964982 0.946073
vt 0.967599 0.946238
vt 0.964803 0.944527
vt 0.968231 0.944329
vt 0.967383 0.942505
vt 0.964803 0.942971
vt 0.965600 0.941985
vt 0.401354 0.744998
vt 0.400451 0.707303
vt 0.427757 0.703962
vt 0.428849 0.743918
vt 0.457791 0.703436
vt 0.459483 0.746290
vt 0.380761 0.747294
vt 0.379447 0.710481
vt 0.382207 0.776850
vt 0.401161 0.776617
vt 0.427271 0.778121
vt 0.455916 0.781585
vt 0.349527 0.749676
vt 0.348314 0.710753
vt 0.353412 0.779371
vt 0.358118 0.806013
vt 0.384108 0.803834
vt 0.400701 0.806034
vt 0.422897 0.809962
vt 0.448414 0.813301
vt 0.307028 0.753480
vt 0.309488 0.707447
vt 0.311539 0.787632
vt 0.320251 0.816606
vt 0.340113 0.851991
vt 0.365228 0.840390
vt 0.385815 0.836869
vt 0.398992 0.839604
vt 0.415172 0.844577
vt 0.434006 0.848961
vt 0.397518 0.898589
vt 0.399259 0.899017
vt 0.395763 0.898197
vt 0.394372 0.897960
vt 0.392365 0.898538
vt 0.390202 0.899855
vt 0.388880 0.902042
vt 0.313273 0.879171
vt 0.272271 0.840380
vt 0.255560 0.802664
vt 0.249527 0.756183
vt 0.261611 0.696587
vt 0.472542 0.817620
vt 0.482426 0.786181
vt 0.451730 0.855156
vt 0.400693 0.899525
vt 0.476696 0.880699
vt 0.401925 0.901429
vt 0.518731 0.840314
vt 0.536696 0.800493
vt 0.541558 0.752078
vt 0.487763 0.749925
vt 0.529162 0.692425
vt 0.484779 0.703058
vt 0.495896 0.632961
vt 0.467667 0.649334
vt 0.448594 0.587534
vt 0.436750 0.600291
vt 0.446979 0.653690
vt 0.426313 0.605134
vt 0.422226 0.657215
vt 0.412433 0.608327
vt 0.325469 0.652564
vt 0.354071 0.661222
vt 0.380407 0.664061
vt 0.398804 0.661495
vt 0.398477 0.611176
vt 0.387179 0.611181
vt 0.371278 0.605531
vt 0.354692 0.597310
vt 0.294850 0.636737
vt 0.338827 0.587534
vt 0.695942 0.155605
vt 0.694380 0.184278
vt 0.677143 0.155050
vt 0.676786 0.121865
vt 0.695962 0.122129
vt 0.657506 0.122460
vt 0.708112 0.185455
vt 0.703106 0.210684
vt 0.711323 0.156931
vt 0.711505 0.122501
vt 0.760269 0.117653
vt 0.763702 0.160525
vt 0.734267 0.121161
vt 0.734611 0.158612
vt 0.729617 0.189559
vt 0.721338 0.215888
vt 0.708478 0.242952
vt 0.695658 0.237404
vt 0.691523 0.209818
vt 0.677404 0.183746
vt 0.658081 0.156084
vt 0.641749 0.123010
vt 0.758081 0.197452
vt 0.745147 0.227699
vt 0.722922 0.254846
vt 0.684720 0.278621
vt 0.682450 0.276359
vt 0.680036 0.275297
vt 0.687151 0.236637
vt 0.677438 0.209719
vt 0.660180 0.184292
vt 0.642280 0.157621
vt 0.618635 0.121623
vt 0.618017 0.159389
vt 0.592411 0.117761
vt 0.645730 0.185700
vt 0.663027 0.209530
vt 0.677104 0.236615
vt 0.678283 0.275173
vt 0.588237 0.160804
vt 0.622819 0.190267
vt 0.650738 0.210273
vt 0.666779 0.236262
vt 0.676151 0.275051
vt 0.593189 0.198128
vt 0.631216 0.216042
vt 0.657722 0.236766
vt 0.674019 0.274934
vt 0.606214 0.228996
vt 0.643996 0.242634
vt 0.672242 0.274908
vt 0.629872 0.254633
vt 0.669820 0.275983
vt 0.667678 0.278331
vt 0.838449 0.912657
vt 0.831152 0.911662
vt 0.831656 0.887029
vt 0.839370 0.888689
vt 0.849000 0.913771
vt 0.850765 0.889982
vt 0.839090 0.856126
vt 0.851677 0.856398
vt 0.831246 0.855341
vt 0.821507 0.854129
vt 0.821215 0.885228
vt 0.821263 0.910741
vt 0.831581 0.933872
vt 0.838124 0.933902
vt 0.846985 0.934552
vt 0.857582 0.935811
vt 0.861452 0.914156
vt 0.863973 0.889696
vt 0.865705 0.856064
vt 0.850590 0.826788
vt 0.859485 0.826467
vt 0.842790 0.827196
vt 0.837071 0.826980
vt 0.829610 0.826035
vt 0.821483 0.825032
vt 0.811486 0.852861
vt 0.809559 0.883479
vt 0.809820 0.909771
vt 0.822859 0.934198
vt 0.832908 0.955935
vt 0.837403 0.955095
vt 0.844023 0.955565
vt 0.827036 0.957535
vt 0.833454 0.988306
vt 0.813091 0.934661
vt 0.799103 0.909908
vt 0.799103 0.882905
vt 0.802545 0.851429
vt 0.814522 0.822987
vt 0.829449 0.796857
vt 0.832548 0.797681
vt 0.836467 0.797926
vt 0.840316 0.798179
vt 0.803818 0.935932
vt 0.820115 0.959387
vt 0.831141 0.988833
vt 0.813858 0.961105
vt 0.828776 0.989318
vt 0.826854 0.989706
vt 0.843426 0.798079
vt 0.848208 0.797939
vt 0.853419 0.797725
vt 0.869484 0.825487
vt 0.858657 0.797294
vt 0.879711 0.822404
vt 0.863299 0.795790
vt 0.851621 0.957808
vt 0.859982 0.962171
vt 0.870296 0.938272
vt 0.876357 0.914243
vt 0.879098 0.887979
vt 0.880459 0.854610
vt 0.894575 0.851637
vt 0.895419 0.885751
vt 0.893128 0.915179
vt 0.884336 0.943002
vt 0.868150 0.968252
vt 0.846115 0.992869
vt 0.843912 0.990597
vt 0.841178 0.988939
vt 0.838169 0.988065
vt 0.835283 0.987903
vt 0.963056 0.946450
vt 0.959539 0.947086
vt 0.960625 0.945742
vt 0.959539 0.949208
vt 0.964212 0.948937
vt 0.963350 0.951541
vt 0.959783 0.951315
vt 0.961017 0.952525
vt 0.961017 0.959898
vt 0.959783 0.958688
vt 0.963350 0.958914
vt 0.959539 0.956581
vt 0.964212 0.956310
vt 0.963056 0.953823
vt 0.959539 0.954459
vt 0.960625 0.953115
vt 0.787608 0.850187
vt 0.817216 0.872854
vt 0.794281 0.891478
vt 0.766745 0.877818
vt 0.815181 0.816993
vt 0.845840 0.840907
vt 0.781924 0.791298
vt 0.754771 0.827311
vt 0.733446 0.855593
vt 0.840703 0.779699
vt 0.870251 0.802648
vt 0.810134 0.753886
vt 0.776908 0.731597
vt 0.748073 0.766393
vt 0.723744 0.802033
vt 0.702918 0.829692
vt 0.863598 0.747515
vt 0.883517 0.771289
vt 0.835057 0.720831
vt 0.801552 0.700732
vt 0.773216 0.688121
vt 0.746716 0.709502
vt 0.716648 0.743495
vt 0.693807 0.779803
vt 0.682211 0.806976
vt 0.650054 0.810656
vt 0.654884 0.765218
vt 0.681343 0.716674
vt 0.722485 0.675989
vt 0.770432 0.655855
vt 0.818659 0.662635
vt 0.860809 0.686678
vt 0.895519 0.720588
vt 0.944515 0.690299
vt 0.967724 0.755177
vt 0.915304 0.765090
vt 0.968431 0.828782
vt 0.627202 0.675355
vt 0.694583 0.622298
vt 0.765543 0.602731
vt 0.834303 0.607197
vt 0.898630 0.636518
vt 0.909136 0.816726
vt 0.935956 0.908158
vt 0.881337 0.867472
vt 0.871415 0.961242
vt 0.841944 0.906263
vt 0.807168 0.979624
vt 0.799589 0.923406
vt 0.739393 0.975403
vt 0.753911 0.914804
vt 0.667687 0.942806
vt 0.708577 0.888576
vt 0.616622 0.882832
vt 0.670889 0.852205
vt 0.593920 0.818833
vt 0.593920 0.752008
vt 0.121993 0.205580
vt 0.188379 0.200917
vt 0.190126 0.216165
vt 0.130835 0.233251
vt 0.193528 0.230109
vt 0.065179 0.228481
vt 0.143317 0.255973
vt 0.198760 0.237931
vt 0.087554 0.259920
vt 0.024821 0.265849
vt 0.058928 0.290886
vt 0.108361 0.283601
vt 0.155692 0.268906
vt 0.207252 0.246072
vt 0.172363 0.283995
vt 0.215992 0.253938
vt 0.188806 0.299096
vt 0.224154 0.258549
vt 0.202523 0.310108
vt 0.238238 0.260869
vt 0.225660 0.320667
vt 0.253494 0.261435
vt 0.253494 0.327630
vt 0.202239 0.365096
vt 0.234150 0.385163
vt 0.173325 0.395849
vt 0.163282 0.332657
vt 0.144562 0.314751
vt 0.178110 0.346962
vt 0.153045 0.373279
vt 0.127359 0.392842
vt 0.142489 0.416230
vt 0.099596 0.409965
vt 0.109307 0.430347
vt 0.066150 0.427077
vt 0.070712 0.440347
vt 0.025139 0.444821
vt 0.025806 0.446778
vt 0.199660 0.427195
vt 0.158621 0.451293
vt 0.115371 0.460508
vt 0.071313 0.456759
vt 0.025810 0.449137
vt 0.077070 0.387310
vt 0.064327 0.374459
vt 0.098939 0.364483
vt 0.082340 0.348747
vt 0.052739 0.364581
vt 0.067759 0.336639
vt 0.101370 0.323769
vt 0.084652 0.310470
vt 0.124584 0.297619
vt 0.120896 0.340728
vt 0.139170 0.358448
vt 0.115188 0.379803
vt 0.089932 0.399389
vt 0.060339 0.420092
vt 0.052470 0.412436
vt 0.044510 0.404607
vt 0.037099 0.398764
vt 0.023154 0.394726
vt 0.030169 0.355721
vt 0.041635 0.322560
vt 0.024248 0.443740
vt 0.023040 0.442518
vt 0.021821 0.441308
vt 0.020727 0.440416
vt 0.018744 0.439829
vt 0.016399 0.439980
vt 0.006627 0.395091
vt 0.000295 0.352455
vt 0.003577 0.309293
vt 0.166282 0.157502
vt 0.163465 0.158882
vt 0.147929 0.123016
vt 0.136553 0.130859
vt 0.161383 0.161199
vt 0.135692 0.103199
vt 0.160506 0.164266
vt 0.125208 0.143725
vt 0.121842 0.114184
vt 0.123150 0.088748
vt 0.135206 0.077976
vt 0.148605 0.095428
vt 0.159228 0.118059
vt 0.169001 0.156604
vt 0.117880 0.160929
vt 0.161459 0.166326
vt 0.106352 0.129834
vt 0.110062 0.101614
vt 0.109538 0.075515
vt 0.120013 0.062634
vt 0.127915 0.051812
vt 0.146317 0.068846
vt 0.160138 0.090625
vt 0.168610 0.117274
vt 0.170973 0.156652
vt 0.102972 0.050856
vt 0.108905 0.038658
vt 0.116951 0.016856
vt 0.142369 0.030901
vt 0.169137 0.050870
vt 0.181982 0.083576
vt 0.183262 0.118280
vt 0.173592 0.156952
vt 0.076707 0.012505
vt 0.075915 0.030095
vt 0.073833 0.041539
vt 0.035321 0.032652
vt 0.036526 0.026201
vt 0.037178 0.017620
vt 0.093137 0.065949
vt 0.097357 0.091037
vt 0.094219 0.119833
vt 0.092422 0.152801
vt 0.120557 0.174917
vt 0.163229 0.168517
vt 0.127411 0.191563
vt 0.090376 0.173463
vt 0.091479 0.200326
vt 0.068462 0.166855
vt 0.058359 0.195665
vt 0.050222 0.156892
vt 0.030907 0.179825
vt 0.040492 0.141490
vt 0.056004 0.128878
vt 0.065172 0.137824
vt 0.070867 0.106557
vt 0.021055 0.110009
vt 0.036491 0.103971
vt 0.051251 0.087233
vt 0.060773 0.069902
vt 0.082686 0.083939
vt 0.082527 0.112047
vt 0.077649 0.145241
vt 0.009516 0.070536
vt 0.016907 0.069724
vt 0.024394 0.062278
vt 0.029325 0.052215
vt 0.033110 0.042155
vt 0.068054 0.054968
vt 0.015229 0.154921
vt 0.000295 0.112274
vt 0.000295 0.068908
vt 0.962118 0.933324
vt 0.959539 0.933790
vt 0.960335 0.932804
vt 0.959539 0.935346
vt 0.962966 0.935148
vt 0.962334 0.937057
vt 0.959718 0.936892
vt 0.960623 0.937779
vt 0.626287 0.078079
vt 0.645746 0.081706
vt 0.659398 0.082257
vt 0.676523 0.082238
vt 0.693659 0.082161
vt 0.707330 0.081549
vt 0.726819 0.077936
vt 0.747203 0.071642
vt 0.711488 0.029677
vt 0.725574 0.023434
vt 0.697990 0.034751
vt 0.688502 0.036167
vt 0.676563 0.036217
vt 0.664627 0.035982
vt 0.655151 0.034463
vt 0.641608 0.029464
vt 0.627421 0.023434
vt 0.605905 0.071722
vt 0.141713 0.963951
vt 0.132724 0.964299
vt 0.125705 0.942074
vt 0.148473 0.996921
vt 0.147400 0.996863
vt 0.149742 0.997074
vt 0.146026 0.997664
vt 0.119035 0.971562
vt 0.105048 0.951280
vt 0.094431 0.933605
vt 0.107289 0.986587
vt 0.145044 0.999382
vt 0.083076 0.971795
vt 0.065095 0.954297
vt 0.048406 0.926318
vt 0.082001 0.910013
vt 0.033647 0.886257
vt 0.119169 0.922469
vt 0.138273 0.941309
vt 0.151442 0.964611
vt 0.151009 0.997237
vt 0.068177 0.874940
vt 0.021475 0.835594
vt 0.110929 0.898485
vt 0.134680 0.919687
vt 0.152189 0.941824
vt 0.160497 0.964775
vt 0.152039 0.997374
vt 0.129648 0.893387
vt 0.152293 0.918853
vt 0.165109 0.942077
vt 0.168073 0.965673
vt 0.153405 0.998123
vt 0.179737 0.971700
vt 0.154641 0.999705
vt 0.192369 0.985144
vt 0.192356 0.949353
vt 0.218013 0.967220
vt 0.202355 0.927870
vt 0.233615 0.944051
vt 0.212192 0.900720
vt 0.246635 0.911554
vt 0.219673 0.863895
vt 0.175559 0.943099
vt 0.181731 0.921086
vt 0.168759 0.919333
vt 0.151435 0.890718
vt 0.124009 0.858648
vt 0.101256 0.864410
vt 0.094760 0.814223
vt 0.054410 0.825339
vt 0.045930 0.759991
vt 0.081377 0.742814
vt 0.046692 0.750974
vt 0.087086 0.737844
vt 0.083490 0.681606
vt 0.113932 0.680618
vt 0.120401 0.812192
vt 0.136206 0.757035
vt 0.135952 0.741481
vt 0.150748 0.856055
vt 0.151735 0.813890
vt 0.159743 0.764661
vt 0.159146 0.730799
vt 0.146325 0.677068
vt 0.142111 0.629022
vt 0.172253 0.892083
vt 0.175146 0.857811
vt 0.177727 0.817108
vt 0.178550 0.769646
vt 0.177525 0.723269
vt 0.173633 0.673092
vt 0.168758 0.625919
vt 0.163456 0.585537
vt 0.188120 0.894908
vt 0.193350 0.860756
vt 0.195944 0.819429
vt 0.191918 0.770942
vt 0.190494 0.721732
vt 0.192866 0.670598
vt 0.188630 0.622145
vt 0.181219 0.581465
vt 0.172384 0.550580
vt 0.195598 0.541819
vt 0.182692 0.517060
vt 0.208105 0.574261
vt 0.217327 0.618240
vt 0.219121 0.671206
vt 0.208814 0.727077
vt 0.210041 0.766637
vt 0.220662 0.818324
vt 0.253587 0.866655
vt 0.248415 0.813368
vt 0.227061 0.759674
vt 0.227599 0.734890
vt 0.248231 0.675652
vt 0.253587 0.615249
vt 0.246168 0.562309
vt 0.230800 0.522650
vt 0.211647 0.494917
vt 0.180933 0.475530
vt 0.166825 0.492195
vt 0.135687 0.461099
vt 0.134329 0.463074
vt 0.153578 0.500038
vt 0.132753 0.464041
vt 0.144840 0.501609
vt 0.131540 0.464254
vt 0.134382 0.502445
vt 0.130053 0.464527
vt 0.123237 0.503932
vt 0.128565 0.464792
vt 0.112873 0.504226
vt 0.127303 0.464956
vt 0.096356 0.496999
vt 0.125599 0.464156
vt 0.080995 0.480401
vt 0.124251 0.462209
vt 0.106569 0.530217
vt 0.082258 0.521637
vt 0.054042 0.500135
vt 0.136943 0.528617
vt 0.151793 0.527330
vt 0.138855 0.555412
vt 0.118627 0.555741
vt 0.120996 0.530206
vt 0.100671 0.553735
vt 0.071344 0.543661
vt 0.035564 0.524656
vt 0.115338 0.587235
vt 0.093705 0.583216
vt 0.059776 0.573973
vt 0.020255 0.561177
vt 0.086514 0.624651
vt 0.049005 0.617930
vt 0.009842 0.611354
vt 0.041138 0.677893
vt 0.005123 0.673381
vt 0.000295 0.747451
vt 0.163746 0.525347
vt 0.157656 0.553550
vt 0.140111 0.588531
vt 0.112420 0.628438
vt 0.003351 0.772462
vt 0.963350 0.939353
vt 0.959783 0.939579
vt 0.961017 0.938369
vt 0.959539 0.941686
vt 0.964212 0.941957
vt 0.963056 0.944444
vt 0.959539 0.943808
vt 0.960625 0.945152
vt 0.579550 0.259186
vt 0.556394 0.294573
vt 0.547913 0.237502
vt 0.524419 0.271063
vt 0.518064 0.213845
vt 0.527398 0.328599
vt 0.539877 0.184892
vt 0.507531 0.162429
vt 0.570390 0.209789
vt 0.592174 0.232037
vt 0.626882 0.227970
vt 0.621853 0.274448
vt 0.605299 0.185657
vt 0.566877 0.149056
vt 0.521099 0.122218
vt 0.480138 0.147627
vt 0.487092 0.191678
vt 0.492659 0.247564
vt 0.497388 0.304687
vt 0.501312 0.351192
vt 0.472976 0.337759
vt 0.466087 0.282833
vt 0.461312 0.223517
vt 0.457523 0.167249
vt 0.474474 0.113143
vt 0.536065 0.059110
vt 0.609655 0.092277
vt 0.661833 0.153866
vt 0.684921 0.219571
vt 0.684921 0.288056
vt 0.431186 0.130796
vt 0.429896 0.199266
vt 0.436448 0.258773
vt 0.440804 0.316391
vt 0.412042 0.354566
vt 0.455283 0.378841
vt 0.504329 0.385872
vt 0.553154 0.365179
vt 0.594815 0.323750
vt 0.391253 0.170383
vt 0.405186 0.236522
vt 0.411391 0.291360
vt 0.376783 0.319697
vt 0.362922 0.221854
vt 0.390664 0.267828
vt 0.356497 0.274493
vt 0.651013 0.366584
vt 0.581980 0.420773
vt 0.509343 0.440626
vt 0.439098 0.436086
vt 0.373089 0.406267
vt 0.326221 0.351043
vt 0.302484 0.284775
vt 0.301533 0.209479
vt 0.334582 0.128178
vt 0.400712 0.073927
vt 0.466540 0.055038
vt 0.773203 0.548749
vt 0.770583 0.549779
vt 0.745128 0.491227
vt 0.765214 0.482550
vt 0.776785 0.548755
vt 0.795233 0.479265
vt 0.735741 0.499950
vt 0.769175 0.551034
vt 0.713326 0.471284
vt 0.724759 0.459570
vt 0.749050 0.444443
vt 0.796759 0.427008
vt 0.767464 0.552587
vt 0.725501 0.510934
vt 0.699836 0.486242
vt 0.677578 0.466124
vt 0.694011 0.448844
vt 0.707613 0.435921
vt 0.733829 0.417077
vt 0.782073 0.389547
vt 0.714130 0.521935
vt 0.765758 0.554147
vt 0.684842 0.501100
vt 0.661784 0.484904
vt 0.637851 0.468094
vt 0.653951 0.445805
vt 0.672541 0.426850
vt 0.688816 0.412983
vt 0.714204 0.390020
vt 0.753510 0.353675
vt 0.704556 0.532708
vt 0.764401 0.555523
vt 0.672377 0.514741
vt 0.649470 0.501800
vt 0.625918 0.487700
vt 0.598351 0.466312
vt 0.611441 0.447001
vt 0.627982 0.424139
vt 0.647057 0.404205
vt 0.663019 0.388909
vt 0.682942 0.362095
vt 0.704756 0.322312
vt 0.569967 0.433617
vt 0.583366 0.419140
vt 0.598962 0.399980
vt 0.615052 0.381528
vt 0.626911 0.366320
vt 0.636895 0.340498
vt 0.641425 0.308665
vt 0.557374 0.382582
vt 0.566554 0.372340
vt 0.575332 0.361745
vt 0.579629 0.351755
vt 0.579365 0.335224
vt 0.577214 0.317619
vt 0.763610 0.558268
vt 0.764255 0.561801
vt 0.696837 0.587292
vt 0.696556 0.556140
vt 0.657752 0.545112
vt 0.632044 0.534077
vt 0.604612 0.519021
vt 0.573054 0.491245
vt 0.545202 0.447484
vt 0.531637 0.390514
vt 0.548116 0.388341
vt 0.513828 0.390989
vt 0.513828 0.456113
vt 0.534930 0.517736
vt 0.571311 0.562985
vt 0.610133 0.587102
vt 0.647707 0.593144
vt 0.965887 0.952525
vt 0.964982 0.951638
vt 0.967599 0.951803
vt 0.964803 0.950092
vt 0.968231 0.949894
vt 0.967383 0.948070
vt 0.964803 0.948536
vt 0.965600 0.947550
vt 0.966282 0.974643
vt 0.965048 0.973434
vt 0.968615 0.973660
vt 0.964803 0.971327
vt 0.969477 0.971056
vt 0.968320 0.968569
vt 0.964803 0.969205
vt 0.965889 0.967861
vt 0.968660 0.937779
vt 0.967755 0.936892
vt 0.970371 0.937057
vt 0.967576 0.935346
vt 0.971003 0.935148
vt 0.970155 0.933324
vt 0.967576 0.933790
vt 0.968372 0.932804
vt 0.882030 0.273970
vt 0.843828 0.250195
vt 0.858272 0.238301
vt 0.884300 0.271708
vt 0.845412 0.211237
vt 0.821603 0.223048
vt 0.863644 0.206033
vt 0.871093 0.232754
vt 0.886714 0.270646
vt 0.888467 0.270522
vt 0.879599 0.231986
vt 0.875227 0.205168
vt 0.872370 0.179628
vt 0.858639 0.180804
vt 0.837133 0.184908
vt 0.808669 0.192801
vt 0.832139 0.153962
vt 0.803048 0.155874
vt 0.855427 0.152280
vt 0.870808 0.150954
vt 0.889607 0.150399
vt 0.889346 0.179096
vt 0.889312 0.205069
vt 0.889646 0.231964
vt 0.890599 0.270400
vt 0.832484 0.116510
vt 0.806481 0.113002
vt 0.855245 0.117850
vt 0.870788 0.117478
vt 0.889965 0.117214
vt 0.909244 0.117809
vt 0.908670 0.151433
vt 0.906570 0.179641
vt 0.903723 0.204879
vt 0.899971 0.231612
vt 0.892731 0.270283
vt 0.916012 0.205622
vt 0.909028 0.232116
vt 0.894508 0.270257
vt 0.819547 0.066991
vt 0.839931 0.073285
vt 0.859420 0.076899
vt 0.873091 0.077510
vt 0.890228 0.077588
vt 0.907352 0.077607
vt 0.921005 0.077056
vt 0.925001 0.118360
vt 0.924470 0.152970
vt 0.921020 0.181050
vt 0.855262 0.025027
vt 0.841176 0.018784
vt 0.868760 0.030101
vt 0.878248 0.031516
vt 0.890187 0.031566
vt 0.902123 0.031332
vt 0.911599 0.029812
vt 0.925142 0.024813
vt 0.940463 0.073428
vt 0.948115 0.116972
vt 0.948733 0.154739
vt 0.939329 0.018784
vt 0.960845 0.067071
vt 0.974339 0.113110
vt 0.978513 0.156154
vt 0.943931 0.185616
vt 0.973561 0.193478
vt 0.935534 0.211391
vt 0.960536 0.224345
vt 0.922754 0.237983
vt 0.936878 0.249982
vt 0.896930 0.271332
vt 0.899072 0.273680
vt 0.960695 0.966563
vt 0.964212 0.965927
vt 0.963126 0.967271
vt 0.964212 0.963805
vt 0.959539 0.964076
vt 0.960401 0.961472
vt 0.963968 0.961697
vt 0.962734 0.960488
vt 0.963350 0.968845
vt 0.959783 0.969070
vt 0.961017 0.967861
vt 0.959539 0.971178
vt 0.964212 0.971448
vt 0.963056 0.973936
vt 0.959539 0.973300
vt 0.960625 0.974643
vt 0.965959 0.966563
vt 0.969477 0.965927
vt 0.968390 0.967271
vt 0.969477 0.963805
vt 0.964803 0.964076
vt 0.965665 0.961472
vt 0.969232 0.961698
vt 0.967998 0.960488
vt 1.000000 1.000000
vt 1.000000 0.500000
vt 0.833333 1.000000
vt 0.166667 0.000000
vt 0.000000 0.500000
vt 0.166667 0.500000
vt 0.333333 0.000000
vt 0.333333 0.500000
vt 0.500000 0.500000
vt 0.666667 0.000000
vt 0.666667 0.500000
vt 0.833333 0.000000
vt 0.833333 0.500000
vt 0.666667 1.000000
vt 0.166667 1.000000
vt 0.333333 1.000000
vt 0.500000 1.000000
vt 0.471951 0.250000
vt 0.500000 0.250000
vt 0.469536 0.040752
vt 0.500000 0.040752
vt 0.748434 0.040752
vt 0.959535 0.040752
vt 1.000000 0.250000
vt 0.960622 0.253765
vt 0.962543 0.503174
vt 0.963443 0.744757
vt 1.000000 0.750000
vt 0.956271 0.959265
vt 0.750000 1.000000
vt 0.739140 0.965406
vt 0.500000 0.967731
vt 0.250000 1.000000
vt 0.260860 0.965406
vt 0.043729 0.959265
vt 0.000000 0.750000
vt 0.036557 0.744757
vt 0.037312 0.503174
vt 0.039378 0.253765
vt 0.000000 0.250000
vt 0.040465 0.040752
vt 0.251566 0.040752
s 0
usemtl chip_outline
f 1/1/1 2/1/1 3/1/1
f 4/1/1 1/1/1 3/1/1
f 5/1/1 4/1/1 3/1/1
f 6/1/1 5/1/1 3/1/1
f 7/1/1 6/1/1 3/1/1
f 8/1/1 7/1/1 3/1/1
f 9/1/1 8/1/1 3/1/1
f 10/1/1 9/1/1 3/1/1
f 11/1/1 10/1/1 3/1/1
f 12/1/1 11/1/1 3/1/1
f 13/1/1 12/1/1 3/1/1
f 14/1/1 13/1/1 3/1/1
f 15/1/1 16/1/1 3/1/1
f 17/1/1 15/1/1 3/1/1
f 18/1/1 17/1/1 3/1/1
f 19/1/1 18/1/1 3/1/1
f 20/1/1 19/1/1 3/1/1
f 21/1/1 20/1/1 3/1/1
f 22/1/1 21/1/1 3/1/1
f 23/1/1 22/1/1 3/1/1
f 24/1/1 23/1/1 3/1/1
f 25/1/1 24/1/1 3/1/1
f 26/1/1 25/1/1 3/1/1
f 27/1/1 26/1/1 3/1/1
f 28/1/1 27/1/1 3/1/1
f 29/1/1 28/1/1 3/1/1
f 30/1/1 29/1/1 3/1/1
f 31/1/1 30/1/1 3/1/1
f 32/1/1 31/1/1 3/1/1
f 2/1/1 32/1/1 3/1/1
f 33/1/2 34/1/2 35/1/2
f 34/1/2 33/1/2 36/1/2
f 37/1/2 34/1/2 36/1/2
f 37/1/2 36/1/2 38/1/2
f 39/1/2 37/1/2 38/1/2
f 39/1/2 38/1/2 40/1/2
f 41/1/2 39/1/2 40/1/2
f 41/1/2 40/1/2 42/1/2
f 43/1/2 41/1/2 42/1/2
f 44/1/2 43/1/2 42/1/2
f 45/1/2 44/1/2 42/1/2
f 44/1/2 45/1/2 46/1/2
f 47/1/2 44/1/2 46/1/2
f 47/1/2 46/1/2 48/1/2
f 49/1/2 47/1/2 48/1/2
f 49/1/2 48/1/2 50/1/2
f 51/1/2 49/1/2 50/1/2
f 51/1/2 50/1/2 52/1/2
f 53/1/2 51/1/2 52/1/2
f 53/1/2 52/1/2 54/1/2
f 55/1/2 53/1/2 54/1/2
f 55/1/2 54/1/2 56/1/2
f 57/1/2 55/1/2 56/1/2
f 58/1/2 57/1/2 56/1/2
f 59/1/2 58/1/2 56/1/2
f 60/1/2 58/1/2 59/1/2
f 61/1/2 60/1/2 59/1/2
f 60/1/2 61/1/2 62/1/2
f 63/1/2 60/1/2 62/1/2
s 1
f 64/1/2 63/1/2 62/1/2
s 0
f 65/1/2 64/1/2 62/1/2
s 1
f 66/1/2 64/1/2 65/1/2
s 0
f 67/1/2 66/1/2 65/1/2
f 68/1/2 66/1/2 67/1/2
f 69/1/2 68/1/2 67/1/2
f 70/1/2 68/1/2 69/1/2
f 71/1/2 70/1/2 69/1/2
f 72/1/2 70/1/2 71/1/2
f 73/1/2 72/1/2 71/1/2
f 72/1/2 73/1/2 74/1/2
f 75/1/2 72/1/2 74/1/2
f 76/1/2 75/1/2 74/1/2
f 77/1/2 76/1/2 74/1/2
f 78/1/2 76/1/2 77/1/2
f 79/1/2 78/1/2 77/1/2
f 80/1/2 78/1/2 79/1/2
f 81/1/2 80/1/2 79/1/2
f 82/1/2 80/1/2 81/1/2
f 83/1/2 82/1/2 81/1/2
f 82/1/2 83/1/2 84/1/2
f 85/1/2 82/1/2 84/1/2
f 85/1/2 84/1/2 86/1/2
f 87/1/2 85/1/2 86/1/2
f 88/1/2 87/1/2 86/1/2
f 89/1/2 88/1/2 86/1/2
f 90/1/2 88/1/2 89/1/2
f 91/1/2 90/1/2 89/1/2
f 90/1/2 91/1/2 92/1/2
f 93/1/2 90/1/2 92/1/2
f 94/1/2 93/1/2 92/1/2
f 95/1/2 94/1/2 92/1/2
f 35/1/2 96/1/2 95/1/2
f 34/1/2 96/1/2 35/1/2
f 96/1/2 94/1/2 95/1/2
f 97/1/2 98/1/2 99/1/2
f 100/1/2 97/1/2 99/1/2
f 101/1/2 100/1/2 99/1/2
f 102/1/2 101/1/2 99/1/2
f 103/1/2 102/1/2 99/1/2
f 104/1/2 103/1/2 99/1/2
f 105/1/2 104/1/2 99/1/2
f 106/1/2 105/1/2 99/1/2
f 107/1/2 106/1/2 99/1/2
f 108/1/2 107/1/2 99/1/2
s 1
f 109/1/2 108/1/2 99/1/2
s 0
f 110/1/2 109/1/2 99/1/2
f 111/1/2 112/1/2 99/1/2
f 113/1/2 111/1/2 99/1/2
s 1
f 114/1/2 113/1/2 99/1/2
s 0
f 115/1/2 114/1/2 99/1/2
f 116/1/2 115/1/2 99/1/2
s 1
f 117/1/2 116/1/2 99/1/2
s 0
f 118/1/2 117/1/2 99/1/2
s 1
f 119/1/2 118/1/2 99/1/2
s 0
f 120/1/2 119/1/2 99/1/2
f 121/1/2 120/1/2 99/1/2
f 122/1/2 121/1/2 99/1/2
f 123/1/2 122/1/2 99/1/2
f 124/1/2 123/1/2 99/1/2
f 125/1/2 124/1/2 99/1/2
f 126/1/2 125/1/2 99/1/2
f 127/1/2 126/1/2 99/1/2
f 128/1/2 127/1/2 99/1/2
f 98/1/2 128/1/2 99/1/2
f 129/1/1 130/1/1 131/1/1
f 132/1/1 130/1/1 129/1/1
f 133/1/1 132/1/1 129/1/1
f 134/1/1 132/1/1 133/1/1
f 135/1/1 134/1/1 133/1/1
f 136/1/1 134/1/1 135/1/1
f 137/1/1 136/1/1 135/1/1
f 137/1/1 138/1/1 136/1/1
s 1
f 138/1/1 139/1/1 136/1/1
f 138/1/1 140/1/1 139/1/1
s 0
f 140/1/1 141/1/1 139/1/1
f 142/1/1 141/1/1 140/1/1
f 143/1/1 142/1/1 140/1/1
f 144/1/1 142/1/1 143/1/1
f 145/1/1 144/1/1 143/1/1
s 1
f 146/1/1 144/1/1 145/1/1
s 0
f 147/1/1 146/1/1 145/1/1
f 147/1/1 148/1/1 146/1/1
s 1
f 148/1/1 149/1/1 146/1/1
s 0
f 148/1/1 150/1/1 149/1/1
f 150/1/1 151/1/1 149/1/1
f 152/1/1 151/1/1 150/1/1
f 153/1/1 152/1/1 150/1/1
f 154/1/1 152/1/1 153/1/1
f 155/1/1 154/1/1 153/1/1
f 155/1/1 156/1/1 154/1/1
s 1
f 156/1/1 157/1/1 154/1/1
s 0
f 158/1/1 157/1/1 156/1/1
f 159/1/1 158/1/1 156/1/1
f 160/1/1 158/1/1 159/1/1
f 161/1/1 160/1/1 159/1/1
f 162/1/1 160/1/1 161/1/1
f 163/1/1 162/1/1 161/1/1
f 164/1/1 162/1/1 163/1/1
f 165/1/1 164/1/1 163/1/1
f 165/1/1 166/1/1 164/1/1
f 166/1/1 167/1/1 164/1/1
f 166/1/1 168/1/1 167/1/1
f 168/1/1 169/1/1 167/1/1
f 170/1/1 169/1/1 168/1/1
s 1
f 171/1/1 170/1/1 168/1/1
s 0
f 171/1/1 172/1/1 170/1/1
f 172/1/1 173/1/1 170/1/1
f 172/1/1 174/1/1 173/1/1
s 1
f 174/1/1 175/1/1 173/1/1
f 176/1/1 175/1/1 174/1/1
s 0
f 177/1/1 176/1/1 174/1/1
f 178/1/1 176/1/1 177/1/1
f 179/1/1 178/1/1 177/1/1
f 179/1/1 180/1/1 178/1/1
f 180/1/1 181/1/1 178/1/1
f 180/1/1 182/1/1 181/1/1
f 182/1/1 183/1/1 181/1/1
f 182/1/1 184/1/1 183/1/1
f 184/1/1 185/1/1 183/1/1
f 184/1/1 186/1/1 185/1/1
f 186/1/1 187/1/1 185/1/1
s 1
f 186/1/1 188/1/1 187/1/1
f 188/1/1 189/1/1 187/1/1
s 0
f 188/1/1 190/1/1 189/1/1
f 190/1/1 131/1/1 191/1/1
f 190/1/1 191/1/1 189/1/1
f 130/1/1 192/1/1 131/1/1
f 131/1/1 192/1/1 191/1/1
f 193/2/3 194/3/3 195/4/3
f 196/5/3 193/2/3 195/4/3
s 1
f 197/6/4 198/7/5 199/8/6
f 200/9/5 197/6/4 199/8/6
f 200/9/5 199/8/6 201/10/7
f 202/11/8 197/6/4 200/9/5
f 203/12/9 202/11/8 200/9/5
f 203/12/9 200/9/5 204/13/10
f 204/13/10 200/9/5 201/10/7
f 205/14/5 203/12/9 204/13/10
f 206/15/11 207/16/12 208/17/13
f 209/18/14 210/19/15 206/15/11
f 210/19/15 207/16/12 206/15/11
f 210/19/15 211/20/16 207/16/12
f 211/20/16 212/21/17 207/16/12
f 207/16/12 212/21/17 213/22/18
f 207/16/12 213/22/18 208/17/13
f 208/17/13 213/22/18 214/23/19
f 213/22/18 215/24/20 214/23/19
f 214/23/19 215/24/20 216/25/21
f 215/24/20 217/26/22 216/25/21
f 216/25/21 217/26/22 218/27/23
f 217/26/22 219/28/24 218/27/23
f 218/27/23 219/28/24 220/29/25
f 219/28/24 221/30/26 220/29/25
f 219/28/24 222/31/27 221/30/26
f 222/31/27 223/32/28 221/30/26
f 217/26/22 224/33/29 219/28/24
f 224/33/29 222/31/27 219/28/24
f 225/34/30 224/33/29 217/26/22
f 215/24/20 225/34/30 217/26/22
f 226/35/31 225/34/30 215/24/20
f 213/22/18 226/35/31 215/24/20
f 212/21/17 226/35/31 213/22/18
f 222/31/27 227/36/32 223/32/28
f 227/36/32 228/37/33 223/32/28
f 229/38/34 227/36/32 222/31/27
f 224/33/29 229/38/34 222/31/27
f 225/34/30 230/39/35 224/33/29
f 230/39/35 229/38/34 224/33/29
f 226/35/31 231/40/36 225/34/30
f 231/40/36 230/39/35 225/34/30
f 212/21/17 232/41/37 226/35/31
f 232/41/37 231/40/36 226/35/31
f 211/20/16 233/42/38 212/21/17
f 233/42/38 232/41/37 212/21/17
f 234/43/39 233/42/38 211/20/16
f 235/44/40 211/20/16 210/19/15
f 235/44/40 234/43/39 211/20/16
f 236/45/41 235/44/40 210/19/15
f 236/45/41 210/19/15 209/18/14
f 237/46/42 236/45/41 209/18/14
f 238/47/43 235/44/40 236/45/41
f 239/48/26 236/45/41 237/46/42
f 239/48/26 238/47/43 236/45/41
f 240/49/25 239/48/26 237/46/42
f 227/36/32 241/50/44 228/37/33
f 241/50/44 242/51/45 228/37/33
f 229/38/34 243/52/46 227/36/32
f 243/52/46 241/50/44 227/36/32
f 230/39/35 244/53/47 229/38/34
f 244/53/47 243/52/46 229/38/34
f 231/40/36 245/54/48 230/39/35
f 245/54/48 244/53/47 230/39/35
f 246/55/49 245/54/48 231/40/36
f 232/41/37 246/55/49 231/40/36
f 233/42/38 247/56/50 232/41/37
f 247/56/50 246/55/49 232/41/37
f 234/43/39 248/57/51 233/42/38
f 248/57/51 247/56/50 233/42/38
f 249/58/52 248/57/51 234/43/39
f 250/59/53 234/43/39 235/44/40
f 238/47/43 250/59/53 235/44/40
f 250/59/53 249/58/52 234/43/39
f 251/60/54 252/61/55 253/62/56
f 254/63/57 251/60/54 253/62/56
f 254/63/57 253/62/56 255/64/58
f 255/64/58 253/62/56 256/65/59
f 253/62/56 257/66/60 256/65/59
f 253/62/56 252/61/55 257/66/60
f 252/61/55 258/67/56 257/66/60
f 259/68/56 254/63/57 255/64/58
f 260/69/61 261/70/62 262/71/63
f 263/72/63 260/69/61 262/71/63
f 263/72/63 262/71/63 264/73/64
f 265/74/64 263/72/63 264/73/64
f 265/74/64 264/73/64 266/75/65
f 267/76/65 265/74/64 266/75/65
f 267/76/65 266/75/65 268/77/66
f 269/78/66 267/76/65 268/77/66
f 269/78/66 268/77/66 270/79/67
f 271/80/67 269/78/66 270/79/67
f 271/80/67 270/79/67 272/81/68
f 273/82/68 271/80/67 272/81/68
f 273/82/68 272/81/68 274/83/69
f 275/84/69 273/82/68 274/83/69
f 275/84/69 274/83/69 276/85/70
f 277/86/61 275/84/69 276/85/70
f 278/84/63 279/86/61 280/85/62
f 281/83/63 278/84/63 280/85/62
f 282/82/64 278/84/63 281/83/63
f 283/81/64 282/82/64 281/83/63
f 284/80/65 282/82/64 283/81/64
f 285/79/65 284/80/65 283/81/64
f 286/78/66 284/80/65 285/79/65
f 287/77/66 286/78/66 285/79/65
f 288/76/67 286/78/66 287/77/66
f 289/75/67 288/76/67 287/77/66
f 290/74/68 288/76/67 289/75/67
f 291/73/68 290/74/68 289/75/67
f 292/72/69 290/74/68 291/73/68
f 293/71/69 292/72/69 291/73/68
f 294/69/61 292/72/69 293/71/69
f 295/70/70 294/69/61 293/71/69
s 0
f 296/87/5 297/88/5 298/89/5
f 299/90/5 296/87/5 298/89/5
f 300/91/5 296/87/5 299/90/5
f 301/92/5 300/91/5 299/90/5
f 301/92/5 299/90/5 302/93/5
f 303/94/5 301/92/5 302/93/5
f 302/93/5 299/90/5 304/95/5
f 299/90/5 298/89/5 304/95/5
f 305/90/5 306/93/5 307/95/5
f 308/89/5 305/90/5 307/95/5
f 305/90/5 309/92/5 306/93/5
f 309/92/5 310/94/5 306/93/5
f 311/91/5 309/92/5 305/90/5
f 312/87/5 305/90/5 308/89/5
f 312/87/5 311/91/5 305/90/5
f 313/88/5 312/87/5 308/89/5
f 314/4/71 315/96/71 316/97/71
f 317/5/72 314/4/72 316/97/72
f 318/2/73 319/98/73 320/99/73
f 321/3/73 318/2/73 320/99/73
f 322/100/74 323/101/74 324/102/74
f 325/97/74 322/100/74 324/102/74
f 326/103/75 327/100/75 328/97/75
f 329/96/75 326/103/75 328/97/75
f 330/104/76 331/103/76 332/96/76
f 333/105/76 330/104/76 332/96/76
f 334/106/77 335/107/77 336/108/77
f 337/109/77 334/106/77 336/108/77
s 1
f 338/110/78 339/111/79 340/112/80
f 341/113/81 338/110/78 340/112/80
f 341/113/81 340/112/80 342/114/82
f 343/115/83 338/110/78 341/113/81
f 344/116/84 341/113/81 342/114/82
f 344/116/84 342/114/82 345/117/85
f 346/118/86 341/113/81 344/116/84
f 346/118/86 343/115/83 341/113/81
f 347/119/87 343/115/83 346/118/86
f 348/120/88 349/121/89 350/122/90
f 349/121/89 351/123/91 350/122/90
f 350/122/90 351/123/91 352/124/92
f 351/123/91 353/125/93 352/124/92
f 352/124/92 353/125/93 354/107/94
f 355/126/95 344/116/84 345/117/85
f 353/125/93 355/126/95 354/107/94
f 354/107/94 355/126/95 356/108/96
f 355/126/95 345/117/85 356/108/96
f 357/127/97 344/116/84 355/126/95
f 357/127/97 346/118/86 344/116/84
f 353/125/93 357/127/97 355/126/95
f 358/128/98 346/118/86 357/127/97
f 358/128/98 347/119/87 346/118/86
f 359/129/99 347/119/87 358/128/98
f 360/130/100 359/129/99 358/128/98
f 361/131/101 357/127/97 353/125/93
f 361/131/101 358/128/98 357/127/97
f 360/130/100 358/128/98 361/131/101
f 351/123/91 361/131/101 353/125/93
f 362/132/102 360/130/100 361/131/101
f 362/132/102 361/131/101 351/123/91
f 349/121/89 362/132/102 351/123/91
f 363/133/103 364/134/104 365/135/105
f 365/135/105 364/134/104 366/136/104
f 367/137/106 365/135/105 366/136/104
s 0
f 364/134/105 368/138/105 366/136/105
f 369/139/105 368/138/105 364/134/105
f 370/140/105 369/139/105 364/134/105
f 371/141/104 369/139/104 370/140/104
f 372/142/107 370/140/107 364/134/108
f 373/143/104 374/144/104 368/138/104
f 375/145/109 368/138/109 374/144/109
f 376/146/105 368/138/105 375/145/105
f 376/146/105 377/147/105 368/138/105
f 366/136/105 368/138/105 377/147/105
f 378/148/105 366/136/105 377/147/105
f 379/149/105 366/136/105 378/148/105
f 380/150/105 378/148/105 377/147/105
f 381/151/105 377/147/105 376/146/105
s 1
f 382/152/110 381/151/110 376/146/110
s 0
f 383/153/111 377/147/111 381/151/111
f 384/154/103 385/155/103 386/156/103
f 387/157/105 386/156/105 385/155/105
f 368/138/105 386/156/105 387/157/105
f 388/158/105 368/138/105 369/139/105
f 386/156/105 368/138/105 388/158/105
f 389/159/109 388/158/109 369/139/109
s 1
f 390/160/105 389/159/105 369/139/105
s 0
f 391/161/112 388/158/112 389/159/112
f 386/156/113 388/158/113 392/162/113
f 392/162/105 388/158/105 393/163/105
f 394/164/105 393/163/105 388/158/105
s 1
f 395/165/114 396/166/115 397/167/116
f 398/109/117 399/168/118 400/106/119
f 399/168/118 401/169/120 400/106/119
f 400/106/119 401/169/120 402/170/121
f 401/169/120 403/171/122 402/170/121
f 402/170/121 403/171/122 404/172/123
f 403/171/122 405/173/124 404/172/123
f 404/172/123 405/173/124 406/174/125
f 405/173/124 407/175/126 406/174/125
f 405/173/124 408/176/127 407/175/126
f 408/176/127 409/177/128 407/175/126
f 408/176/127 410/178/129 409/177/128
f 410/178/129 395/165/114 397/167/116
f 410/178/129 397/167/116 409/177/128
f 411/179/130 395/165/114 410/178/129
f 412/180/131 413/181/132 414/182/133
f 413/181/132 415/183/134 414/182/133
f 414/182/133 415/183/134 416/184/135
f 415/183/134 411/179/130 416/184/135
f 416/184/135 411/179/130 410/178/129
f 416/184/135 410/178/129 408/176/127
f 417/185/136 408/176/127 405/173/124
f 417/185/136 416/184/135 408/176/127
f 403/171/122 417/185/136 405/173/124
f 414/182/133 416/184/135 417/185/136
f 412/180/131 414/182/133 418/186/137
f 418/186/137 414/182/133 417/185/136
f 418/186/137 417/185/136 403/171/122
f 401/169/120 418/186/137 403/171/122
f 419/187/138 418/186/137 401/169/120
f 419/187/138 412/180/131 418/186/137
f 399/168/118 419/187/138 401/169/120
f 420/149/139 421/148/139 422/136/139
s 0
f 422/136/140 421/148/140 423/137/140
f 423/137/140 421/148/140 424/135/140
f 424/135/139 421/148/139 425/140/139
f 426/142/139 424/135/139 425/140/139
f 427/134/140 424/135/140 426/142/140
f 428/133/140 424/135/140 427/134/140
s 1
f 429/153/141 430/151/142 431/147/142
s 0
f 432/150/139 430/151/139 421/148/139
f 431/147/139 430/151/139 432/150/139
f 421/148/139 433/144/139 425/140/139
f 430/151/139 433/144/139 421/148/139
s 1
f 425/140/139 433/144/139 434/159/139
s 0
f 425/140/139 434/159/139 435/141/139
f 435/141/139 434/159/139 436/139/139
s 1
f 437/160/139 436/139/139 434/159/139
s 0
f 438/152/139 433/144/139 430/151/139
f 439/146/143 433/144/143 438/152/143
f 440/145/139 433/144/139 439/146/139
s 1
f 441/143/144 442/138/145 433/144/145
s 0
f 443/157/140 433/144/140 442/138/140
f 444/155/140 433/144/140 443/157/140
f 434/159/139 433/144/139 445/163/139
f 444/155/139 445/163/139 433/144/139
f 446/164/139 434/159/139 445/163/139
f 447/158/139 434/159/139 446/164/139
s 1
f 448/161/146 434/159/142 447/158/142
s 0
f 449/162/147 445/163/147 450/156/147
f 451/154/140 445/163/140 444/155/140
f 450/156/139 445/163/139 451/154/139
s 1
f 452/172/148 453/122/148 454/124/149
f 455/170/149 452/172/148 454/124/149
f 455/170/149 454/124/149 456/107/150
f 457/106/150 455/170/149 456/107/150
f 458/183/151 459/188/151 460/189/152
f 461/179/152 458/183/151 460/189/152
f 461/179/152 460/189/152 462/190/153
f 463/165/153 461/179/152 462/190/153
f 464/191/154 465/192/154 466/193/155
f 467/194/155 464/191/154 466/193/155
f 467/194/155 466/193/155 468/195/156
f 469/196/156 467/194/155 468/195/156
f 469/196/156 468/195/156 470/197/157
f 471/198/157 469/196/156 470/197/157
f 471/198/157 470/197/157 472/199/158
f 473/200/158 471/198/157 472/199/158
f 473/200/158 472/199/158 474/201/149
f 475/202/149 473/200/158 474/201/149
f 476/203/159 477/204/159 478/205/160
f 479/206/160 476/203/159 478/205/160
f 479/206/160 478/205/160 480/207/161
f 481/208/161 479/206/160 480/207/161
f 481/208/161 480/207/161 482/209/162
f 483/210/162 481/208/161 482/209/162
f 483/210/162 482/209/162 484/211/163
f 485/212/163 483/210/162 484/211/163
f 485/212/163 484/211/163 486/213/164
f 487/214/164 485/212/163 486/213/164
f 487/214/164 486/213/164 488/215/165
f 489/216/165 487/214/164 488/215/165
f 489/216/165 488/215/165 490/217/166
f 491/218/167 489/216/165 490/217/166
f 491/218/167 490/217/166 492/219/168
f 493/220/168 491/218/167 492/219/168
f 493/220/168 492/219/168 465/192/154
f 464/191/154 493/220/168 465/192/154
f 494/221/169 495/222/169 496/223/170
f 497/224/170 494/221/169 496/223/170
f 497/224/170 496/223/170 498/225/171
f 499/226/171 497/224/170 498/225/171
f 499/226/171 498/225/171 500/227/172
f 501/228/172 499/226/171 500/227/172
f 501/228/172 500/227/172 502/229/173
f 503/230/173 501/228/172 502/229/173
f 503/230/173 502/229/173 504/231/174
f 505/232/174 503/230/173 504/231/174
f 505/232/174 504/231/174 506/233/175
f 507/234/175 505/232/174 506/233/175
f 507/234/175 506/233/175 508/235/152
f 509/236/152 507/234/175 508/235/152
f 509/236/152 508/235/152 510/237/176
f 476/203/159 511/238/176 477/204/159
f 511/238/176 510/237/176 477/204/159
f 511/238/176 509/236/152 510/237/176
f 512/239/149 513/240/177 514/241/178
f 515/242/178 512/239/149 514/241/178
f 515/242/178 514/241/178 516/243/179
f 517/244/179 515/242/178 516/243/179
f 517/244/179 516/243/179 518/245/180
f 519/246/180 517/244/179 518/245/180
f 519/246/180 518/245/180 520/247/181
f 521/248/181 519/246/180 520/247/181
f 521/248/181 520/247/181 522/249/182
f 523/250/182 521/248/181 522/249/182
f 523/250/182 522/249/182 524/251/183
f 525/252/183 523/250/182 524/251/183
f 525/252/183 524/251/183 526/253/184
f 527/254/184 525/252/183 526/253/184
f 527/254/184 526/253/184 528/255/185
f 529/256/185 527/254/184 528/255/185
f 529/256/185 528/255/185 495/222/169
f 494/221/169 529/256/185 495/222/169
f 530/257/186 531/258/187 532/259/188
f 533/260/189 530/257/186 532/259/188
f 530/257/186 534/261/190 531/258/187
f 534/261/190 535/262/186 531/258/187
f 536/263/191 534/261/190 530/257/186
f 537/264/192 536/263/191 530/257/186
f 537/264/192 530/257/186 533/260/189
f 538/265/186 537/264/192 533/260/189
s 0
f 539/142/143 540/266/143 541/267/143
f 539/142/140 542/134/140 540/266/140
f 542/134/140 543/268/140 540/266/140
f 542/134/140 544/133/140 543/268/140
f 544/133/139 545/269/139 543/268/139
f 544/133/139 546/135/139 545/269/139
s 1
f 546/135/140 547/270/140 545/269/140
f 546/135/140 548/137/140 547/270/140
s 0
f 548/137/140 549/271/140 547/270/140
f 548/137/140 550/136/140 549/271/140
f 550/136/140 551/272/140 549/271/140
f 550/136/140 552/149/140 551/272/140
f 552/149/139 553/273/139 551/272/139
f 552/149/147 554/148/147 553/273/147
f 554/148/140 555/274/140 553/273/140
f 554/148/140 556/150/140 555/274/140
f 556/150/139 557/275/139 555/274/139
f 556/150/147 558/147/147 557/275/147
f 558/147/139 559/276/139 557/275/139
f 558/147/139 560/153/139 559/276/139
f 560/153/139 561/277/139 559/276/139
f 560/153/139 562/151/139 561/277/139
f 562/151/139 563/278/139 561/277/139
f 562/151/139 564/152/139 563/278/139
f 564/152/142 565/279/142 563/278/142
f 564/152/139 566/146/139 565/279/139
f 566/146/139 567/280/139 565/279/139
f 566/146/139 568/145/139 567/280/139
f 568/145/142 569/281/142 567/280/142
s 1
f 568/145/139 570/144/139 569/281/139
s 0
f 570/144/139 571/282/139 569/281/139
f 570/144/139 572/143/139 571/282/139
f 572/143/139 573/283/139 571/282/139
f 572/143/139 574/138/139 573/283/139
s 1
f 574/138/139 575/284/139 573/283/139
s 0
f 574/138/139 576/157/139 575/284/139
f 576/157/139 577/285/139 575/284/139
f 576/157/139 578/155/139 577/285/139
f 578/155/139 579/286/139 577/285/139
f 578/155/139 580/154/139 579/286/139
f 580/154/140 581/287/140 579/286/140
f 580/154/140 582/156/140 581/287/140
f 582/156/140 583/288/140 581/287/140
f 582/156/139 584/162/139 583/288/139
f 584/162/139 585/289/139 583/288/139
f 584/162/147 586/163/147 585/289/147
f 586/163/139 587/290/139 585/289/139
f 586/163/139 588/164/139 587/290/139
f 588/164/140 589/291/140 587/290/140
f 588/164/140 590/158/140 589/291/140
f 590/158/140 591/292/140 589/291/140
f 590/158/139 592/161/139 591/292/139
f 592/161/139 593/293/139 591/292/139
f 592/161/139 594/159/139 593/293/139
f 594/159/193 595/294/193 593/293/193
f 594/159/143 596/160/143 595/294/143
f 596/160/143 597/295/143 595/294/143
f 596/160/143 598/139/143 597/295/143
f 598/139/140 599/296/140 597/295/140
f 598/139/140 600/141/140 599/296/140
f 600/141/143 601/297/143 599/296/143
f 602/140/139 541/267/139 601/297/139
f 602/140/139 539/142/139 541/267/139
f 600/141/143 602/140/143 601/297/143
f 603/298/194 604/299/194 605/300/194
f 606/301/194 603/298/194 605/300/194
f 606/301/194 605/300/194 607/302/194
f 608/303/194 606/301/194 607/302/194
s 1
f 609/191/154 610/192/154 611/193/155
f 612/194/155 609/191/154 611/193/155
f 612/194/155 611/193/155 613/195/156
f 614/196/156 612/194/155 613/195/156
f 614/196/156 613/195/156 615/197/195
f 616/198/195 614/196/156 615/197/195
f 616/198/195 615/197/195 617/199/158
f 618/200/158 616/198/195 617/199/158
f 618/200/158 617/199/158 619/201/149
f 620/202/149 618/200/158 619/201/149
f 621/203/159 622/204/159 623/205/160
f 624/206/160 621/203/159 623/205/160
f 624/206/160 623/205/160 625/207/161
f 626/208/161 624/206/160 625/207/161
f 626/208/161 625/207/161 627/209/162
f 628/210/162 626/208/161 627/209/162
f 628/210/162 627/209/162 629/211/163
f 630/212/163 628/210/162 629/211/163
f 630/212/163 629/211/163 631/213/196
f 632/214/196 630/212/163 631/213/196
f 632/214/196 631/213/196 633/215/165
f 634/216/165 632/214/196 633/215/165
f 634/216/165 633/215/165 635/217/166
f 636/218/166 634/216/165 635/217/166
f 636/218/166 635/217/166 637/219/168
f 638/220/168 636/218/166 637/219/168
f 638/220/168 637/219/168 610/192/154
f 609/191/154 638/220/168 610/192/154
f 639/221/169 640/222/169 641/223/170
f 642/224/170 639/221/169 641/223/170
f 642/224/170 641/223/170 643/225/171
f 644/226/171 642/224/170 643/225/171
f 644/226/171 643/225/171 645/227/172
f 646/228/172 644/226/171 645/227/172
f 646/228/172 645/227/172 647/229/173
f 648/230/173 646/228/172 647/229/173
f 648/230/173 647/229/173 649/231/174
f 650/232/174 648/230/173 649/231/174
f 650/232/174 649/231/174 651/233/175
f 652/234/175 650/232/174 651/233/175
f 652/234/175 651/233/175 653/235/152
f 654/236/152 652/234/175 653/235/152
f 654/236/152 653/235/152 655/237/176
f 656/238/176 655/237/176 622/204/159
f 621/203/159 656/238/176 622/204/159
f 656/238/176 654/236/152 655/237/176
f 657/239/197 658/240/197 659/241/178
f 660/242/198 657/239/197 659/241/178
f 660/242/198 659/241/178 661/243/179
f 662/244/179 660/242/198 661/243/179
f 662/244/179 661/243/179 663/245/180
f 664/246/180 662/244/179 663/245/180
f 664/246/180 663/245/180 665/247/181
f 666/248/181 664/246/180 665/247/181
f 666/248/181 665/247/181 667/249/182
f 668/250/182 666/248/181 667/249/182
f 668/250/182 667/249/182 669/251/183
f 670/252/183 668/250/182 669/251/183
f 670/252/183 669/251/183 671/253/199
f 672/254/199 670/252/183 671/253/199
f 672/254/199 671/253/199 673/255/185
f 674/256/185 672/254/199 673/255/185
f 674/256/185 673/255/185 640/222/169
f 639/221/169 674/256/185 640/222/169
f 675/200/200 676/202/149 677/201/149
f 678/199/200 675/200/200 677/201/149
f 679/198/201 675/200/200 678/199/200
f 680/197/201 679/198/201 678/199/200
f 681/196/202 679/198/201 680/197/201
f 682/195/202 681/196/202 680/197/201
f 683/194/203 681/196/202 682/195/202
f 684/193/203 683/194/203 682/195/202
f 685/191/204 683/194/203 684/193/203
f 686/192/204 685/191/204 684/193/203
f 687/220/205 685/191/204 686/192/204
f 688/219/205 687/220/205 686/192/204
f 689/218/206 687/220/205 688/219/205
f 690/217/206 689/218/206 688/219/205
f 691/216/207 689/218/206 690/217/206
f 692/215/207 691/216/207 690/217/206
f 693/214/208 691/216/207 692/215/207
f 694/213/208 693/214/208 692/215/207
f 695/212/209 693/214/208 694/213/208
f 696/211/209 695/212/209 694/213/208
f 697/210/210 695/212/209 696/211/209
f 698/209/210 697/210/210 696/211/209
f 699/208/211 697/210/210 698/209/210
f 700/207/211 699/208/211 698/209/210
f 701/206/212 699/208/211 700/207/211
f 702/205/212 701/206/212 700/207/211
f 703/203/213 701/206/212 702/205/212
f 704/204/213 703/203/213 702/205/212
f 705/238/214 703/203/213 704/204/213
f 706/237/214 705/238/214 704/204/213
f 707/236/152 705/238/214 706/237/214
f 708/235/152 707/236/152 706/237/214
f 709/234/215 707/236/152 708/235/152
f 710/233/215 709/234/215 708/235/152
f 711/232/216 709/234/215 710/233/215
f 712/231/216 711/232/216 710/233/215
f 713/230/217 711/232/216 712/231/216
f 714/229/217 713/230/217 712/231/216
f 715/228/218 713/230/217 714/229/217
f 716/227/218 715/228/218 714/229/217
f 717/226/219 715/228/218 716/227/218
f 718/225/219 717/226/219 716/227/218
f 719/224/220 717/226/219 718/225/219
f 720/223/220 719/224/220 718/225/219
f 721/221/221 719/224/220 720/223/220
f 722/222/221 721/221/221 720/223/220
f 723/256/222 721/221/221 722/222/221
f 724/255/222 723/256/222 722/222/221
f 725/254/223 723/256/222 724/255/222
f 726/253/223 725/254/223 724/255/222
f 727/252/224 725/254/223 726/253/223
f 728/251/224 727/252/224 726/253/223
f 729/250/225 727/252/224 728/251/224
f 730/249/225 729/250/225 728/251/224
f 731/248/226 729/250/225 730/249/225
f 732/247/226 731/248/226 730/249/225
f 733/246/227 731/248/226 732/247/226
f 734/245/227 733/246/227 732/247/226
f 735/244/228 733/246/227 734/245/227
f 736/243/228 735/244/228 734/245/227
f 737/242/229 735/244/228 736/243/228
f 738/241/230 737/242/229 736/243/228
f 739/239/197 737/242/229 738/241/230
f 740/240/197 739/239/197 738/241/230
f 741/200/200 742/202/231 743/201/149
f 744/199/200 741/200/200 743/201/149
f 745/198/232 741/200/200 744/199/200
f 746/197/232 745/198/232 744/199/200
f 747/196/202 745/198/232 746/197/232
f 748/195/202 747/196/202 746/197/232
f 749/194/203 747/196/202 748/195/202
f 750/193/203 749/194/203 748/195/202
f 751/191/204 749/194/203 750/193/203
f 752/192/204 751/191/204 750/193/203
f 753/220/205 751/191/204 752/192/204
f 754/219/205 753/220/205 752/192/204
f 755/218/206 753/220/205 754/219/205
f 756/217/206 755/218/206 754/219/205
f 757/216/207 755/218/206 756/217/206
f 758/215/207 757/216/207 756/217/206
f 759/214/233 757/216/207 758/215/207
f 760/213/234 759/214/233 758/215/207
f 761/212/209 759/214/233 760/213/234
f 762/211/209 761/212/209 760/213/234
f 763/210/235 761/212/209 762/211/209
f 764/209/235 763/210/235 762/211/209
f 765/208/211 763/210/235 764/209/235
f 766/207/211 765/208/211 764/209/235
f 767/206/212 765/208/211 766/207/211
f 768/205/212 767/206/212 766/207/211
f 769/203/213 767/206/212 768/205/212
f 770/204/213 769/203/213 768/205/212
f 771/238/236 769/203/213 770/204/213
f 772/237/237 771/238/236 770/204/213
f 773/236/152 771/238/236 772/237/237
f 774/235/152 773/236/152 772/237/237
f 775/234/215 773/236/152 774/235/152
f 776/233/215 775/234/215 774/235/152
f 777/232/216 775/234/215 776/233/215
f 778/231/216 777/232/216 776/233/215
f 779/230/217 777/232/216 778/231/216
f 780/229/217 779/230/217 778/231/216
f 781/228/218 779/230/217 780/229/217
f 782/227/218 781/228/218 780/229/217
f 783/226/219 781/228/218 782/227/218
f 784/225/219 783/226/219 782/227/218
f 785/224/220 783/226/219 784/225/219
f 786/223/220 785/224/220 784/225/219
f 787/221/221 785/224/220 786/223/220
f 788/222/221 787/221/221 786/223/220
f 789/256/222 787/221/221 788/222/221
f 790/255/222 789/256/222 788/222/221
f 791/254/223 789/256/222 790/255/222
f 792/253/238 791/254/223 790/255/222
f 793/252/224 791/254/223 792/253/238
f 794/251/224 793/252/224 792/253/238
f 795/250/239 793/252/224 794/251/224
f 796/249/239 795/250/239 794/251/224
f 797/248/226 795/250/239 796/249/239
f 798/247/226 797/248/226 796/249/239
f 799/246/227 797/248/226 798/247/226
f 800/245/227 799/246/227 798/247/226
f 801/244/228 799/246/227 800/245/227
f 802/243/228 801/244/228 800/245/227
f 803/242/230 801/244/228 802/243/228
f 804/241/230 803/242/230 802/243/228
f 805/239/177 803/242/230 804/241/230
f 806/240/177 805/239/177 804/241/230
s 0
f 807/159/105 808/161/105 809/293/105
f 810/294/113 807/159/113 809/293/113
f 811/160/109 807/159/109 810/294/109
f 812/295/109 811/160/109 810/294/109
f 813/139/109 811/160/109 812/295/109
f 814/296/109 813/139/109 812/295/109
f 815/141/104 813/139/104 814/296/104
f 816/297/104 815/141/104 814/296/104
f 817/140/104 815/141/104 816/297/104
f 818/267/105 817/140/105 816/297/105
f 819/142/105 817/140/105 818/267/105
f 820/266/109 819/142/109 818/267/109
f 821/134/109 819/142/109 820/266/109
s 1
f 822/268/104 821/134/104 820/266/104
s 0
f 823/133/104 821/134/104 822/268/104
f 824/269/104 823/133/104 822/268/104
s 1
f 825/135/104 823/133/104 824/269/104
s 0
f 826/270/104 825/135/104 824/269/104
f 827/137/104 825/135/104 826/270/104
f 828/271/104 827/137/104 826/270/104
f 829/136/104 827/137/104 828/271/104
f 830/272/105 829/136/105 828/271/105
f 831/149/104 829/136/104 830/272/104
f 832/273/105 831/149/105 830/272/105
f 833/148/105 831/149/105 832/273/105
f 834/274/104 833/148/104 832/273/104
f 835/150/105 833/148/105 834/274/105
f 836/275/105 835/150/105 834/274/105
f 837/147/105 835/150/105 836/275/105
f 838/276/105 837/147/105 836/275/105
f 839/153/105 837/147/105 838/276/105
s 1
f 840/277/105 839/153/105 838/276/105
f 841/151/105 839/153/105 840/277/105
s 0
f 842/278/110 841/151/110 840/277/110
f 843/152/110 841/151/110 842/278/110
s 1
f 844/279/110 843/152/110 842/278/110
s 0
f 845/146/105 843/152/105 844/279/105
f 846/280/105 845/146/105 844/279/105
f 847/145/105 845/146/105 846/280/105
f 848/281/105 847/145/105 846/280/105
s 1
f 849/144/105 847/145/105 848/281/105
s 0
f 850/282/105 849/144/105 848/281/105
f 851/143/104 849/144/104 850/282/104
f 852/283/105 851/143/105 850/282/105
s 1
f 853/138/105 851/143/105 852/283/105
f 854/284/105 853/138/105 852/283/105
f 855/157/105 853/138/105 854/284/105
s 0
f 856/285/104 855/157/104 854/284/104
f 857/155/104 855/157/104 856/285/104
f 858/286/105 857/155/105 856/285/105
f 859/154/105 857/155/105 858/286/105
s 1
f 860/287/104 859/154/104 858/286/104
s 0
f 861/156/104 859/154/104 860/287/104
f 862/288/104 861/156/104 860/287/104
f 863/162/104 861/156/104 862/288/104
s 1
f 864/289/240 863/162/105 862/288/105
s 0
f 865/163/105 863/162/105 864/289/105
f 866/290/105 865/163/105 864/289/105
f 867/164/105 865/163/105 866/290/105
f 868/291/105 867/164/105 866/290/105
f 869/158/113 867/164/113 868/291/113
f 808/161/105 869/158/105 870/292/105
f 870/292/104 869/158/104 868/291/104
s 1
f 809/293/105 808/161/105 870/292/105
f 871/304/241 872/305/242 873/306/242
f 874/307/243 871/304/241 873/306/242
f 875/308/244 871/304/241 874/307/243
f 876/309/244 875/308/244 874/307/243
f 877/310/245 875/308/244 876/309/244
f 878/311/246 877/310/245 876/309/244
f 879/312/247 877/310/245 878/311/246
f 880/313/247 879/312/247 878/311/246
f 881/314/248 879/312/247 880/313/247
f 882/315/249 881/314/248 880/313/247
f 883/316/250 881/314/248 882/315/249
f 884/317/250 883/316/250 882/315/249
f 885/318/251 883/316/250 884/317/250
f 886/319/252 885/318/251 884/317/250
f 887/320/253 885/318/251 886/319/252
f 888/321/253 887/320/253 886/319/252
f 889/322/254 890/323/255 891/324/256
f 892/325/255 889/322/254 891/324/256
f 893/326/257 889/322/254 892/325/255
f 894/327/258 893/326/257 892/325/255
f 894/327/258 892/325/255 895/328/259
f 896/329/255 894/327/258 895/328/259
f 892/325/255 891/324/256 897/330/260
f 895/328/259 892/325/255 897/330/260
s 0
f 898/165/261 899/190/261 900/331/261
f 901/166/261 898/165/261 900/331/261
f 902/332/262 903/333/262 904/334/262
f 905/335/262 902/332/262 904/334/262
f 906/336/263 907/337/263 908/338/263
f 909/339/263 906/336/263 908/338/263
s 1
f 910/340/264 911/341/265 912/342/266
f 913/343/267 910/340/264 912/342/266
f 913/343/267 912/342/266 914/344/268
f 915/345/269 913/343/267 914/344/268
f 915/345/269 914/344/268 916/346/270
f 917/347/271 915/345/269 916/346/270
f 917/347/271 916/346/270 918/333/272
f 919/332/273 917/347/271 918/333/272
s 0
f 920/348/274 921/349/274 922/350/274
f 923/351/275 920/348/275 922/350/275
f 923/351/276 922/350/276 924/352/276
s 1
f 925/353/276 923/351/276 924/352/276
s 0
f 925/353/276 924/352/276 926/354/276
f 927/355/276 925/353/276 926/354/276
f 927/355/275 926/354/275 928/356/275
f 929/357/275 927/355/275 928/356/275
f 930/358/277 931/359/277 932/360/277
f 933/361/277 930/358/277 932/360/277
f 933/361/277 932/360/277 934/299/277
f 935/298/277 933/361/277 934/299/277
f 936/362/274 937/363/274 938/364/274
f 939/365/274 936/362/274 938/364/274
f 940/366/278 941/362/278 942/367/278
f 943/368/278 940/366/278 942/367/278
f 944/369/278 940/366/278 943/368/278
f 945/370/278 944/369/278 943/368/278
f 946/371/278 944/369/278 945/370/278
f 947/372/278 946/371/278 945/370/278
f 948/373/278 946/371/278 947/372/278
f 949/374/278 948/373/278 947/372/278
f 950/375/279 951/376/279 952/377/279
f 953/378/279 950/375/279 952/377/279
f 954/379/279 950/375/279 953/378/279
f 955/380/279 954/379/279 953/378/279
f 956/381/279 954/379/279 955/380/279
f 957/382/279 956/381/279 955/380/279
f 958/363/279 956/381/279 957/382/279
f 959/383/279 958/363/279 957/382/279
f 960/384/280 961/385/280 962/386/280
f 963/387/280 960/384/280 962/386/280
f 964/363/281 965/362/281 966/366/281
f 967/381/281 964/363/281 966/366/281
f 968/375/282 969/371/282 970/373/282
f 971/376/282 968/375/282 970/373/282
f 972/379/283 973/369/283 974/371/283
s 1
f 975/375/283 972/379/283 974/371/283
s 0
f 976/381/284 977/366/284 978/369/284
f 979/379/284 976/381/284 978/369/284
s 1
f 980/388/285 981/389/286 982/390/287
f 983/391/288 980/388/285 982/390/287
f 984/392/289 980/388/285 983/391/288
f 985/393/289 984/392/289 983/391/288
f 986/394/290 984/392/289 985/393/289
f 987/395/291 986/394/290 985/393/289
f 988/396/292 986/394/290 987/395/291
f 989/397/293 988/396/292 987/395/291
f 990/398/294 988/396/292 989/397/293
f 991/399/295 990/398/294 989/397/293
f 992/400/296 990/398/294 991/399/295
f 993/401/296 992/400/296 991/399/295
f 994/402/297 992/400/296 993/401/296
f 995/403/298 994/402/297 993/401/296
f 996/404/299 994/402/297 995/403/298
f 997/405/299 996/404/299 995/403/298
s 0
f 998/181/300 999/406/300 1000/188/300
f 1001/183/300 998/181/300 1000/188/300
f 1002/174/301 1003/120/301 1004/122/301
f 1005/172/301 1002/174/301 1004/122/301
s 1
f 1006/335/302 1007/334/303 1008/407/304
f 1009/408/305 1006/335/302 1008/407/304
f 1009/408/305 1008/407/304 1010/409/306
f 1011/410/307 1009/408/305 1010/409/306
f 1011/410/307 1010/409/306 1012/411/308
f 1013/412/309 1011/410/307 1012/411/308
f 1013/412/309 1012/411/308 1014/337/310
f 1015/336/311 1013/412/309 1014/337/310
f 1016/413/312 1017/414/313 1018/415/314
f 1017/414/313 1019/416/315 1020/417/316
f 1017/414/313 1020/417/316 1018/415/314
f 1018/415/314 1020/417/316 1021/418/317
f 1019/416/315 1022/419/318 1023/420/319
f 1019/416/315 1023/420/319 1020/417/316
f 1020/417/316 1023/420/319 1024/421/320
f 1020/417/316 1024/421/320 1021/418/317
f 1021/418/317 1024/421/320 1025/422/321
f 1024/421/320 1026/423/322 1025/422/321
f 1023/420/319 1027/424/323 1024/421/320
f 1024/421/320 1027/424/323 1026/423/322
f 1027/424/323 1028/425/324 1026/423/322
f 1027/424/323 1029/426/325 1028/425/324
f 1029/426/325 1030/427/326 1028/425/324
f 1029/426/325 1031/428/327 1030/427/326
f 1031/428/327 1032/429/328 1030/427/326
f 1031/428/327 1033/430/329 1032/429/328
f 1033/430/329 1034/431/330 1032/429/328
f 1033/430/329 1035/432/331 1034/431/330
f 1035/432/331 1036/433/332 1034/431/330
f 1035/432/331 1037/434/333 1036/433/332
f 1037/434/333 1038/435/334 1036/433/332
f 1039/436/335 1029/426/325 1027/424/323
f 1023/420/319 1039/436/335 1027/424/323
f 1022/419/318 1039/436/335 1023/420/319
f 1040/437/336 1031/428/327 1029/426/325
f 1039/436/335 1040/437/336 1029/426/325
f 1041/438/337 1033/430/329 1031/428/327
f 1040/437/336 1041/438/337 1031/428/327
f 1042/439/338 1035/432/331 1033/430/329
f 1041/438/337 1042/439/338 1033/430/329
f 1022/419/318 1043/440/339 1039/436/335
f 1043/440/339 1040/437/336 1039/436/335
f 1044/441/340 1041/438/337 1040/437/336
f 1043/440/339 1044/441/340 1040/437/336
f 1045/442/341 1042/439/338 1041/438/337
f 1044/441/340 1045/442/341 1041/438/337
f 1045/442/341 1046/443/342 1042/439/338
f 1046/443/342 1047/444/343 1042/439/338
f 1042/439/338 1047/444/343 1035/432/331
f 1047/444/343 1037/434/333 1035/432/331
f 1048/445/344 1049/446/345 1050/447/346
f 1051/448/347 1048/445/344 1050/447/346
f 1052/449/348 1048/445/344 1051/448/347
f 1053/450/349 1052/449/348 1051/448/347
f 1054/451/350 1052/449/348 1053/450/349
f 1055/452/351 1054/451/350 1053/450/349
f 1036/433/332 1038/435/334 1056/453/352
f 1056/453/352 1054/451/350 1055/452/351
f 1036/433/332 1056/453/352 1057/454/353
f 1034/431/330 1036/433/332 1057/454/353
f 1057/454/353 1056/453/352 1055/452/351
f 1032/429/328 1034/431/330 1058/455/354
f 1034/431/330 1057/454/353 1058/455/354
f 1030/427/326 1032/429/328 1059/456/355
f 1032/429/328 1058/455/354 1059/456/355
f 1030/427/326 1059/456/355 1060/457/356
f 1028/425/324 1030/427/326 1060/457/356
f 1038/435/334 1061/458/357 1056/453/352
f 1056/453/352 1061/458/357 1054/451/350
f 1061/458/357 1062/459/358 1054/451/350
f 1054/451/350 1062/459/358 1052/449/348
f 1062/459/358 1063/460/359 1052/449/348
f 1052/449/348 1063/460/359 1048/445/344
f 1063/460/359 1064/461/360 1048/445/344
f 1048/445/344 1064/461/360 1049/446/345
f 1064/461/360 1065/462/361 1049/446/345
f 1051/448/347 1050/447/346 1066/463/362
f 1067/464/363 1051/448/347 1066/463/362
f 1053/450/349 1051/448/347 1067/464/363
f 1055/452/351 1053/450/349 1068/465/364
f 1068/465/364 1053/450/349 1067/464/363
f 1058/455/354 1057/454/353 1069/466/365
f 1069/466/365 1055/452/351 1068/465/364
f 1057/454/353 1055/452/351 1069/466/365
f 1059/456/355 1058/455/354 1070/467/366
f 1058/455/354 1069/466/365 1070/467/366
f 1060/457/356 1059/456/355 1071/468/367
f 1059/456/355 1070/467/366 1071/468/367
f 1060/457/356 1071/468/367 1072/469/368
f 1073/470/369 1060/457/356 1072/469/368
f 1073/470/369 1072/469/368 1074/471/370
f 1075/472/371 1073/470/369 1074/471/370
f 1067/464/363 1066/463/362 1076/473/318
f 1068/465/364 1067/464/363 1077/474/372
f 1077/474/372 1067/464/363 1076/473/318
f 1069/466/365 1068/465/364 1078/475/373
f 1070/467/366 1069/466/365 1078/475/373
f 1078/475/373 1068/465/364 1077/474/372
f 1071/468/367 1070/467/366 1079/476/374
f 1070/467/366 1078/475/373 1079/476/374
f 1072/469/368 1071/468/367 1080/477/375
f 1071/468/367 1079/476/374 1080/477/375
f 1074/471/370 1072/469/368 1081/478/376
f 1072/469/368 1080/477/375 1081/478/376
f 1077/474/372 1076/473/318 1082/479/315
f 1078/475/373 1077/474/372 1083/480/377
f 1079/476/374 1078/475/373 1083/480/377
f 1083/480/377 1077/474/372 1082/479/315
f 1080/477/375 1079/476/374 1084/481/378
f 1079/476/374 1083/480/377 1084/481/378
f 1081/478/376 1080/477/375 1085/482/379
f 1080/477/375 1084/481/378 1085/482/379
f 1084/481/378 1083/480/377 1086/483/380
f 1083/480/377 1082/479/315 1086/483/380
f 1084/481/378 1086/483/380 1087/484/381
f 1085/482/379 1084/481/378 1087/484/381
f 1088/485/382 1089/486/383 1090/487/384
f 1091/488/385 1088/485/382 1090/487/384
f 1090/487/384 1089/486/383 1092/489/386
f 1089/486/383 1093/490/387 1092/489/386
f 1089/486/383 1094/491/388 1093/490/387
f 1095/492/389 1094/491/388 1089/486/383
f 1088/485/382 1095/492/389 1089/486/383
f 1096/493/390 1095/492/389 1088/485/382
f 1097/494/391 1088/485/382 1091/488/385
f 1097/494/391 1096/493/390 1088/485/382
f 1098/495/392 1097/494/391 1091/488/385
f 1099/496/393 1097/494/391 1098/495/392
f 1100/497/394 1099/496/393 1098/495/392
f 1101/498/395 1096/493/390 1097/494/391
f 1099/496/393 1101/498/395 1097/494/391
f 1101/498/395 1102/499/396 1096/493/390
f 1096/493/390 1103/500/397 1095/492/389
f 1102/499/396 1103/500/397 1096/493/390
f 1103/500/397 1104/501/398 1095/492/389
f 1095/492/389 1104/501/398 1094/491/388
f 1104/501/398 1105/502/399 1094/491/388
f 1094/491/388 1105/502/399 1106/503/400
f 1094/491/388 1106/503/400 1093/490/387
f 1093/490/387 1106/503/400 1107/504/401
f 1093/490/387 1107/504/401 1108/505/402
f 1092/489/386 1093/490/387 1108/505/402
f 1092/489/386 1108/505/402 1109/506/403
f 1090/487/384 1092/489/386 1110/507/404
f 1110/507/404 1092/489/386 1109/506/403
f 1111/508/405 1090/487/384 1110/507/404
f 1091/488/385 1090/487/384 1111/508/405
f 1112/509/406 1113/510/407 1100/497/394
f 1113/510/407 1099/496/393 1100/497/394
f 1113/510/407 1114/511/408 1099/496/393
f 1114/511/408 1101/498/395 1099/496/393
f 1114/511/408 1115/512/409 1101/498/395
f 1115/512/409 1102/499/396 1101/498/395
f 1115/512/409 1116/513/410 1102/499/396
f 1116/513/410 1117/514/411 1102/499/396
f 1102/499/396 1117/514/411 1103/500/397
f 1117/514/411 1118/515/412 1103/500/397
f 1103/500/397 1118/515/412 1104/501/398
f 1118/515/412 1119/516/413 1104/501/398
f 1104/501/398 1119/516/413 1105/502/399
f 1119/516/413 1120/517/414 1105/502/399
f 1105/502/399 1120/517/414 1121/518/415
f 1105/502/399 1121/518/415 1106/503/400
f 1106/503/400 1121/518/415 1122/519/416
f 1106/503/400 1122/519/416 1107/504/401
f 1109/506/403 1108/505/402 1123/520/417
f 1108/505/402 1124/521/418 1123/520/417
f 1108/505/402 1107/504/401 1124/521/418
f 1123/520/417 1124/521/418 1125/522/419
f 1124/521/418 1126/523/420 1125/522/419
f 1107/504/401 1127/524/421 1124/521/418
f 1107/504/401 1122/519/416 1127/524/421
f 1124/521/418 1127/524/421 1126/523/420
f 1127/524/421 1128/525/407 1126/523/420
f 1122/519/416 1129/526/422 1127/524/421
f 1127/524/421 1129/526/422 1128/525/407
f 1121/518/415 1130/527/423 1122/519/416
f 1122/519/416 1130/527/423 1129/526/422
f 1120/517/414 1131/528/424 1121/518/415
f 1121/518/415 1131/528/424 1130/527/423
f 1129/526/422 1132/529/425 1128/525/407
f 1129/526/422 1133/530/426 1132/529/425
f 1130/527/423 1133/530/426 1129/526/422
f 1131/528/424 1134/531/427 1130/527/423
f 1130/527/423 1134/531/427 1133/530/426
f 1133/530/426 1135/532/428 1132/529/425
f 1133/530/426 1136/533/429 1135/532/428
f 1134/531/427 1136/533/429 1133/530/426
f 1136/533/429 1137/534/430 1135/532/428
f 1109/506/403 1123/520/417 1138/535/431
f 1139/536/432 1109/506/403 1138/535/431
f 1110/507/404 1109/506/403 1139/536/432
f 1111/508/405 1110/507/404 1140/537/433
f 1140/537/433 1110/507/404 1139/536/432
f 1141/538/434 1111/508/405 1140/537/433
f 1142/539/435 1111/508/405 1141/538/434
f 1098/495/392 1091/488/385 1142/539/435
f 1142/539/435 1091/488/385 1111/508/405
f 1143/540/436 1142/539/435 1141/538/434
f 1100/497/394 1098/495/392 1144/541/437
f 1144/541/437 1098/495/392 1142/539/435
f 1144/541/437 1142/539/435 1143/540/436
f 1145/542/438 1144/541/437 1143/540/436
f 1146/543/439 1100/497/394 1144/541/437
f 1146/543/439 1144/541/437 1145/542/438
f 1112/509/406 1100/497/394 1146/543/439
f 1147/544/440 1146/543/439 1145/542/438
f 1148/545/419 1112/509/406 1146/543/439
f 1148/545/419 1146/543/439 1147/544/440
f 1149/546/441 1148/545/419 1147/544/440
f 1150/547/442 1149/546/441 1151/548/443
f 1149/546/441 1147/544/440 1151/548/443
f 1151/548/443 1147/544/440 1152/549/444
f 1147/544/440 1145/542/438 1152/549/444
f 1145/542/438 1143/540/436 1153/550/445
f 1152/549/444 1145/542/438 1153/550/445
f 1143/540/436 1141/538/434 1154/551/446
f 1153/550/445 1143/540/436 1154/551/446
f 1141/538/434 1140/537/433 1155/552/447
f 1154/551/446 1141/538/434 1155/552/447
f 1140/537/433 1139/536/432 1156/553/448
f 1155/552/447 1140/537/433 1156/553/448
f 1156/553/448 1139/536/432 1157/554/449
f 1139/536/432 1138/535/431 1157/554/449
f 1157/554/449 1138/535/431 1158/555/442
f 1138/535/431 1123/520/417 1159/556/441
f 1123/520/417 1125/522/419 1159/556/441
f 1138/535/431 1159/556/441 1158/555/442
f 1160/557/450 1161/558/451 1162/559/414
f 1161/558/451 1160/557/450 1163/560/452
f 1164/561/453 1163/560/452 1160/557/450
f 1165/562/411 1163/560/452 1164/561/453
f 1165/562/411 1166/563/454 1163/560/452
f 1167/564/430 1166/563/454 1165/562/411
f 1168/565/455 1169/566/456 1170/567/457
f 1170/567/457 1169/566/456 1171/568/458
f 1170/567/457 1171/568/458 1172/569/459
f 1172/569/459 1171/568/458 1173/570/460
f 1174/571/461 1173/570/460 1171/568/458
f 1175/572/462 1173/570/460 1174/571/461
f 1176/573/463 1177/574/464 1178/575/465
f 1176/573/463 1178/575/465 1179/576/466
f 1180/577/467 1176/573/463 1179/576/466
f 1179/576/466 1178/575/465 1181/578/468
f 1178/575/465 1182/579/469 1181/578/468
f 1181/578/468 1182/579/469 1183/580/470
f 1177/574/464 1184/581/471 1178/575/465
f 1178/575/465 1184/581/471 1182/579/469
f 1177/574/464 1185/582/472 1184/581/471
f 1186/583/473 1185/582/472 1177/574/464
f 1186/583/473 1187/584/474 1185/582/472
f 1188/585/475 1187/584/474 1186/583/473
f 1188/585/475 1189/586/476 1187/584/474
f 1190/587/477 1189/586/476 1188/585/475
f 1191/588/478 1190/587/477 1188/585/475
f 1190/587/477 1192/589/479 1189/586/476
f 1193/590/480 1194/591/481 1195/592/482
f 1194/591/481 1196/593/483 1195/592/482
f 1194/591/481 1197/594/484 1196/593/483
f 1197/594/484 1198/595/485 1196/593/483
f 1197/594/484 1199/596/486 1198/595/485
f 1199/596/486 1200/597/487 1198/595/485
f 1191/588/478 1188/585/475 1200/597/487
f 1199/596/486 1191/588/478 1200/597/487
f 1200/597/487 1188/585/475 1186/583/473
f 1201/598/488 1186/583/473 1177/574/464
f 1201/598/488 1177/574/464 1176/573/463
f 1198/595/485 1200/597/487 1201/598/488
f 1200/597/487 1186/583/473 1201/598/488
f 1202/599/489 1176/573/463 1180/577/467
f 1196/593/483 1198/595/485 1202/599/489
f 1202/599/489 1201/598/488 1176/573/463
f 1198/595/485 1201/598/488 1202/599/489
f 1203/600/490 1202/599/489 1180/577/467
f 1196/593/483 1202/599/489 1203/600/490
f 1195/592/482 1196/593/483 1203/600/490
f 1187/584/474 1204/601/491 1185/582/472
f 1187/584/474 1205/602/492 1204/601/491
f 1189/586/476 1205/602/492 1187/584/474
f 1189/586/476 1206/603/493 1205/602/492
f 1192/589/479 1206/603/493 1189/586/476
f 1192/589/479 1207/604/494 1206/603/493
f 1207/604/494 1208/605/495 1206/603/493
f 1206/603/493 1209/606/496 1205/602/492
f 1206/603/493 1208/605/495 1209/606/496
f 1208/605/495 1210/607/497 1209/606/496
f 1209/606/496 1210/607/497 1211/608/498
f 1210/607/497 1212/609/499 1211/608/498
f 1211/608/498 1212/609/499 1213/610/500
f 1212/609/499 1214/611/501 1213/610/500
f 1213/610/500 1214/611/501 1215/612/502
f 1214/611/501 1216/613/503 1215/612/502
f 1215/612/502 1216/613/503 1217/614/504
f 1216/613/503 1218/615/505 1217/614/504
f 1217/614/504 1218/615/505 1219/616/506
f 1218/615/505 1220/617/507 1219/616/506
f 1219/616/506 1220/617/507 1221/618/508
f 1220/617/507 1222/619/494 1221/618/508
f 1215/612/502 1217/614/504 1223/620/509
f 1213/610/500 1215/612/502 1224/621/510
f 1224/621/510 1215/612/502 1223/620/509
f 1224/621/510 1223/620/509 1225/622/511
f 1211/608/498 1213/610/500 1226/623/512
f 1226/623/512 1213/610/500 1224/621/510
f 1227/624/513 1224/621/510 1225/622/511
f 1226/623/512 1224/621/510 1227/624/513
f 1227/624/513 1225/622/511 1228/625/514
f 1229/626/515 1227/624/513 1228/625/514
f 1229/626/515 1228/625/514 1230/627/516
f 1231/628/517 1227/624/513 1229/626/515
f 1231/628/517 1226/623/512 1227/624/513
f 1232/629/518 1211/608/498 1226/623/512
f 1209/606/496 1211/608/498 1232/629/518
f 1205/602/492 1209/606/496 1232/629/518
f 1205/602/492 1232/629/518 1204/601/491
f 1204/601/491 1232/629/518 1231/628/517
f 1232/629/518 1226/623/512 1231/628/517
f 1204/601/491 1231/628/517 1233/630/519
f 1233/630/519 1231/628/517 1229/626/515
f 1185/582/472 1204/601/491 1233/630/519
f 1185/582/472 1233/630/519 1184/581/471
f 1184/581/471 1233/630/519 1234/631/520
f 1234/631/520 1229/626/515 1230/627/516
f 1184/581/471 1234/631/520 1182/579/469
f 1233/630/519 1229/626/515 1234/631/520
f 1234/631/520 1230/627/516 1235/632/521
f 1182/579/469 1234/631/520 1235/632/521
f 1182/579/469 1235/632/521 1183/580/470
f 1235/632/521 1230/627/516 1236/633/522
f 1230/627/516 1237/634/523 1236/633/522
f 1230/627/516 1228/625/514 1237/634/523
f 1228/625/514 1225/622/511 1238/635/524
f 1228/625/514 1238/635/524 1237/634/523
f 1225/622/511 1223/620/509 1239/636/525
f 1225/622/511 1239/636/525 1238/635/524
f 1223/620/509 1217/614/504 1240/637/526
f 1223/620/509 1240/637/526 1239/636/525
f 1217/614/504 1219/616/506 1240/637/526
f 1240/637/526 1219/616/506 1241/638/527
f 1219/616/506 1221/618/508 1241/638/527
f 1239/636/525 1240/637/526 1242/639/528
f 1240/637/526 1241/638/527 1242/639/528
f 1238/635/524 1239/636/525 1243/640/486
f 1239/636/525 1242/639/528 1243/640/486
f 1237/634/523 1238/635/524 1244/641/529
f 1238/635/524 1243/640/486 1244/641/529
f 1237/634/523 1244/641/529 1245/642/530
f 1236/633/522 1237/634/523 1245/642/530
f 1236/633/522 1245/642/530 1246/643/531
f 1183/580/470 1235/632/521 1247/644/532
f 1235/632/521 1236/633/522 1247/644/532
f 1247/644/532 1236/633/522 1246/643/531
f 1248/645/533 1249/646/534 1250/647/535
f 1251/648/536 1248/645/533 1250/647/535
f 1251/648/536 1250/647/535 1252/649/537
f 1253/650/538 1248/645/533 1251/648/536
f 1254/651/539 1253/650/538 1251/648/536
f 1255/652/540 1253/650/538 1254/651/539
f 1256/653/541 1251/648/536 1252/649/537
f 1254/651/539 1251/648/536 1256/653/541
f 1256/653/541 1252/649/537 1257/654/542
f 1258/655/543 1256/653/541 1257/654/542
f 1259/656/544 1256/653/541 1258/655/543
f 1259/656/544 1254/651/539 1256/653/541
f 1260/657/545 1255/652/540 1254/651/539
f 1260/657/545 1254/651/539 1259/656/544
f 1261/658/546 1255/652/540 1260/657/545
f 1262/659/547 1261/658/546 1260/657/545
f 1263/660/548 1261/658/546 1262/659/547
f 1264/661/549 1263/660/548 1262/659/547
f 1265/662/550 1263/660/548 1264/661/549
f 1266/663/551 1265/662/550 1264/661/549
f 1267/664/552 1265/662/550 1266/663/551
f 1268/665/460 1267/664/552 1266/663/551
f 1268/665/460 1266/663/551 1269/666/553
f 1270/667/459 1268/665/460 1269/666/553
f 1270/667/459 1269/666/553 1271/668/554
f 1272/669/555 1270/667/459 1271/668/554
f 1272/669/555 1271/668/554 1273/670/556
f 1274/671/557 1273/670/556 1275/672/558
f 1273/670/556 1276/673/559 1275/672/558
f 1273/670/556 1271/668/554 1276/673/559
f 1271/668/554 1269/666/553 1277/674/560
f 1271/668/554 1277/674/560 1276/673/559
f 1269/666/553 1278/675/561 1277/674/560
f 1269/666/553 1266/663/551 1278/675/561
f 1266/663/551 1264/661/549 1278/675/561
f 1264/661/549 1262/659/547 1279/676/562
f 1278/675/561 1264/661/549 1279/676/562
f 1262/659/547 1260/657/545 1280/677/563
f 1279/676/562 1262/659/547 1280/677/563
f 1280/677/563 1260/657/545 1259/656/544
f 1280/677/563 1259/656/544 1281/678/564
f 1281/678/564 1259/656/544 1258/655/543
f 1281/678/564 1258/655/543 1282/679/565
f 1283/680/566 1281/678/564 1282/679/565
f 1283/680/566 1282/679/565 1284/681/567
f 1276/673/559 1277/674/560 1285/682/568
f 1278/675/561 1279/676/562 1286/683/569
f 1277/674/560 1286/683/569 1285/682/568
f 1277/674/560 1278/675/561 1286/683/569
f 1287/684/570 1281/678/564 1283/680/566
f 1286/683/569 1279/676/562 1287/684/570
f 1279/676/562 1280/677/563 1287/684/570
f 1287/684/570 1280/677/563 1281/678/564
f 1288/685/571 1287/684/570 1283/680/566
f 1285/682/568 1286/683/569 1288/685/571
f 1286/683/569 1287/684/570 1288/685/571
f 1288/685/571 1283/680/566 1289/686/572
f 1289/686/572 1283/680/566 1284/681/567
f 1290/687/573 1288/685/571 1289/686/572
f 1285/682/568 1288/685/571 1290/687/573
f 1290/687/573 1289/686/572 1291/688/574
f 1292/689/575 1290/687/573 1291/688/574
f 1275/672/558 1276/673/559 1293/690/576
f 1293/690/576 1285/682/568 1290/687/573
f 1293/690/576 1290/687/573 1292/689/575
f 1276/673/559 1285/682/568 1293/690/576
f 1275/672/558 1293/690/576 1294/691/577
f 1294/691/577 1293/690/576 1292/689/575
f 1274/671/557 1275/672/558 1295/692/578
f 1295/692/578 1275/672/558 1294/691/577
f 1296/693/579 1274/671/557 1295/692/578
f 1289/686/572 1284/681/567 1297/694/580
f 1291/688/574 1289/686/572 1297/694/580
f 1291/688/574 1297/694/580 1298/695/581
f 1299/696/582 1291/688/574 1298/695/581
f 1292/689/575 1291/688/574 1299/696/582
f 1300/697/583 1292/689/575 1299/696/582
f 1294/691/577 1292/689/575 1300/697/583
f 1301/698/584 1294/691/577 1300/697/583
f 1295/692/578 1294/691/577 1301/698/584
f 1302/699/585 1295/692/578 1301/698/584
f 1296/693/579 1295/692/578 1302/699/585
f 1303/700/586 1296/693/579 1302/699/585
f 1303/700/586 1302/699/585 1304/701/587
f 1305/702/588 1303/700/586 1304/701/587
f 1306/703/455 1272/669/555 1273/670/556
f 1306/703/455 1273/670/556 1274/671/557
f 1307/704/589 1274/671/557 1296/693/579
f 1307/704/589 1306/703/455 1274/671/557
f 1308/705/590 1296/693/579 1303/700/586
f 1308/705/590 1307/704/589 1296/693/579
f 1309/706/591 1303/700/586 1305/702/588
f 1309/706/591 1308/705/590 1303/700/586
f 1310/707/592 1309/706/591 1305/702/588
f 1304/701/587 1302/699/585 1311/708/546
f 1302/699/585 1301/698/584 1311/708/546
f 1311/708/546 1301/698/584 1312/709/593
f 1301/698/584 1300/697/583 1312/709/593
f 1312/709/593 1300/697/583 1313/710/594
f 1300/697/583 1299/696/582 1313/710/594
f 1313/710/594 1299/696/582 1314/711/595
f 1299/696/582 1298/695/581 1314/711/595
f 1314/711/595 1298/695/581 1315/712/596
f 1298/695/581 1316/713/597 1315/712/596
f 1298/695/581 1297/694/580 1316/713/597
f 1297/694/580 1317/714/598 1316/713/597
f 1297/694/580 1284/681/567 1317/714/598
f 1284/681/567 1282/679/565 1318/715/599
f 1284/681/567 1318/715/599 1317/714/598
f 1258/655/543 1257/654/542 1319/716/600
f 1282/679/565 1319/716/600 1318/715/599
f 1282/679/565 1258/655/543 1319/716/600
f 1320/717/601 1321/718/602 1322/719/603
f 1322/719/603 1321/718/602 1323/720/604
f 1322/719/603 1323/720/604 1324/721/605
f 1324/721/605 1323/720/604 1325/722/606
f 1326/723/607 1325/722/606 1323/720/604
f 1327/724/608 1325/722/606 1326/723/607
f 1328/725/609 1329/726/610 1330/727/611
f 1331/728/612 1328/725/609 1330/727/611
f 1331/728/612 1330/727/611 1332/729/613
f 1333/730/614 1331/728/612 1332/729/613
f 1328/725/609 1334/731/615 1329/726/610
f 1334/731/615 1335/732/616 1329/726/610
f 1336/733/617 1334/731/615 1328/725/609
f 1337/734/618 1336/733/617 1328/725/609
f 1337/734/618 1328/725/609 1331/728/612
f 1338/735/619 1331/728/612 1333/730/614
f 1338/735/619 1337/734/618 1331/728/612
f 1339/736/620 1338/735/619 1333/730/614
f 1334/731/615 1340/737/621 1335/732/616
f 1340/737/621 1341/738/622 1335/732/616
f 1336/733/617 1342/739/623 1334/731/615
f 1342/739/623 1340/737/621 1334/731/615
f 1343/740/624 1342/739/623 1336/733/617
f 1344/741/625 1343/740/624 1336/733/617
f 1344/741/625 1336/733/617 1337/734/618
f 1345/742/626 1337/734/618 1338/735/619
f 1345/742/626 1344/741/625 1337/734/618
f 1346/743/627 1345/742/626 1338/735/619
f 1346/743/627 1338/735/619 1339/736/620
f 1347/744/628 1346/743/627 1339/736/620
f 1340/737/621 1348/745/629 1341/738/622
f 1348/745/629 1349/746/630 1341/738/622
f 1342/739/623 1350/747/631 1340/737/621
f 1350/747/631 1348/745/629 1340/737/621
f 1351/748/632 1350/747/631 1342/739/623
f 1343/740/624 1351/748/632 1342/739/623
f 1352/749/633 1351/748/632 1343/740/624
f 1353/750/634 1343/740/624 1344/741/625
f 1353/750/634 1352/749/633 1343/740/624
f 1354/751/635 1344/741/625 1345/742/626
f 1354/751/635 1353/750/634 1344/741/625
f 1355/752/636 1354/751/635 1345/742/626
f 1355/752/636 1345/742/626 1346/743/627
f 1356/753/637 1346/743/627 1347/744/628
f 1356/753/637 1355/752/636 1346/743/627
f 1357/754/638 1356/753/637 1347/744/628
f 1358/755/604 1356/753/637 1357/754/638
f 1359/756/607 1358/755/604 1357/754/638
f 1360/757/602 1355/752/636 1356/753/637
f 1358/755/604 1360/757/602 1356/753/637
f 1361/758/601 1354/751/635 1355/752/636
f 1360/757/602 1361/758/601 1355/752/636
f 1362/759/603 1353/750/634 1354/751/635
f 1361/758/601 1362/759/603 1354/751/635
f 1362/759/603 1363/760/605 1353/750/634
f 1363/760/605 1352/749/633 1353/750/634
f 1363/760/605 1364/761/606 1352/749/633
f 1352/749/633 1365/762/639 1351/748/632
f 1364/761/606 1365/762/639 1352/749/633
f 1365/762/639 1366/763/640 1351/748/632
f 1351/748/632 1366/763/640 1350/747/631
f 1350/747/631 1367/764/641 1348/745/629
f 1366/763/640 1367/764/641 1350/747/631
f 1348/745/629 1368/765/642 1349/746/630
f 1367/764/641 1368/765/642 1348/745/629
f 1368/765/642 1369/766/643 1349/746/630
f 1357/754/638 1347/744/628 1370/767/644
f 1347/744/628 1339/736/620 1371/768/645
f 1370/767/644 1347/744/628 1371/768/645
f 1372/769/646 1357/754/638 1370/767/644
f 1359/756/607 1357/754/638 1372/769/646
f 1373/770/647 1359/756/607 1372/769/646
f 1373/770/647 1372/769/646 1374/771/648
f 1375/772/606 1373/770/647 1374/771/648
f 1374/771/648 1372/769/646 1376/773/649
f 1372/769/646 1370/767/644 1376/773/649
f 1370/767/644 1371/768/645 1377/774/650
f 1376/773/649 1370/767/644 1377/774/650
f 1377/774/650 1371/768/645 1378/775/642
f 1371/768/645 1339/736/620 1379/776/651
f 1339/736/620 1333/730/614 1379/776/651
f 1371/768/645 1379/776/651 1378/775/642
f 1378/775/642 1379/776/651 1380/777/652
f 1379/776/651 1381/778/653 1380/777/652
f 1333/730/614 1332/729/613 1381/778/653
f 1379/776/651 1333/730/614 1381/778/653
f 1380/777/652 1381/778/653 1382/779/654
f 1381/778/653 1332/729/613 1383/780/655
f 1381/778/653 1383/780/655 1382/779/654
f 1382/779/654 1383/780/655 1384/781/656
f 1383/780/655 1385/782/657 1384/781/656
f 1332/729/613 1386/783/658 1383/780/655
f 1383/780/655 1386/783/658 1385/782/657
f 1332/729/613 1330/727/611 1386/783/658
f 1386/783/658 1387/784/659 1385/782/657
f 1330/727/611 1388/785/660 1386/783/658
f 1330/727/611 1329/726/610 1388/785/660
f 1386/783/658 1388/785/660 1387/784/659
f 1388/785/660 1389/786/661 1387/784/659
f 1349/746/630 1369/766/643 1390/787/662
f 1341/738/622 1349/746/630 1391/788/663
f 1349/746/630 1390/787/662 1391/788/663
f 1335/732/616 1341/738/622 1392/789/664
f 1341/738/622 1391/788/663 1392/789/664
f 1335/732/616 1392/789/664 1393/790/665
f 1388/785/660 1393/790/665 1389/786/661
f 1329/726/610 1335/732/616 1393/790/665
f 1329/726/610 1393/790/665 1388/785/660
f 1393/790/665 1392/789/664 1394/791/666
f 1393/790/665 1394/791/666 1389/786/661
f 1392/789/664 1391/788/663 1395/792/667
f 1392/789/664 1395/792/667 1394/791/666
f 1391/788/663 1396/793/668 1395/792/667
f 1391/788/663 1390/787/662 1396/793/668
f 1390/787/662 1397/794/669 1396/793/668
f 1369/766/643 1398/795/670 1390/787/662
f 1390/787/662 1398/795/670 1397/794/669
f 1398/795/670 1399/796/671 1397/794/669
f 1400/797/672 1401/798/673 1402/799/674
f 1400/797/672 1402/799/674 1403/800/675
f 1404/801/676 1400/797/672 1403/800/675
f 1403/800/675 1402/799/674 1405/802/677
f 1406/803/678 1401/798/673 1400/797/672
f 1406/803/678 1407/804/679 1401/798/673
f 1408/805/680 1406/803/678 1400/797/672
f 1408/805/680 1400/797/672 1404/801/676
f 1409/806/681 1408/805/680 1404/801/676
f 1410/807/682 1411/808/683 1412/809/684
f 1412/809/684 1413/810/685 1409/806/681
f 1413/810/685 1408/805/680 1409/806/681
f 1411/808/683 1413/810/685 1412/809/684
f 1413/810/685 1414/811/686 1408/805/680
f 1414/811/686 1406/803/678 1408/805/680
f 1415/812/687 1407/804/679 1406/803/678
f 1414/811/686 1415/812/687 1406/803/678
f 1415/812/687 1416/813/688 1407/804/679
f 1416/813/688 1417/814/689 1407/804/679
f 1407/804/679 1418/815/690 1401/798/673
f 1407/804/679 1417/814/689 1418/815/690
f 1401/798/673 1418/815/690 1419/816/691
f 1401/798/673 1419/816/691 1402/799/674
f 1402/799/674 1420/817/692 1405/802/677
f 1402/799/674 1419/816/691 1420/817/692
f 1405/802/677 1420/817/692 1421/818/693
f 1422/819/694 1414/811/686 1413/810/685
f 1411/808/683 1422/819/694 1413/810/685
f 1422/819/694 1423/820/695 1414/811/686
f 1423/820/695 1415/812/687 1414/811/686
f 1424/821/696 1416/813/688 1415/812/687
f 1423/820/695 1424/821/696 1415/812/687
f 1424/821/696 1425/822/697 1416/813/688
f 1416/813/688 1426/823/698 1417/814/689
f 1425/822/697 1426/823/698 1416/813/688
f 1426/823/698 1427/824/699 1417/814/689
f 1417/814/689 1427/824/699 1428/825/700
f 1417/814/689 1428/825/700 1418/815/690
f 1418/815/690 1429/826/701 1419/816/691
f 1418/815/690 1428/825/700 1429/826/701
f 1419/816/691 1430/827/702 1420/817/692
f 1419/816/691 1429/826/701 1430/827/702
f 1420/817/692 1431/828/703 1421/818/693
f 1420/817/692 1430/827/702 1431/828/703
f 1421/818/693 1431/828/703 1432/829/704
f 1431/828/703 1433/830/705 1432/829/704
f 1432/829/704 1433/830/705 1434/831/682
f 1430/827/702 1435/832/706 1431/828/703
f 1431/828/703 1435/832/706 1433/830/705
f 1429/826/701 1436/833/707 1430/827/702
f 1430/827/702 1436/833/707 1435/832/706
f 1429/826/701 1437/834/708 1436/833/707
f 1428/825/700 1437/834/708 1429/826/701
f 1428/825/700 1438/835/709 1437/834/708
f 1427/824/699 1438/835/709 1428/825/700
f 1433/830/705 1439/836/683 1434/831/682
f 1433/830/705 1440/837/710 1439/836/683
f 1435/832/706 1440/837/710 1433/830/705
f 1436/833/707 1441/838/711 1435/832/706
f 1435/832/706 1441/838/711 1440/837/710
f 1437/834/708 1442/839/712 1436/833/707
f 1436/833/707 1442/839/712 1441/838/711
f 1438/835/709 1443/840/713 1437/834/708
f 1437/834/708 1443/840/713 1442/839/712
f 1440/837/710 1444/841/694 1439/836/683
f 1441/838/711 1445/842/714 1440/837/710
f 1440/837/710 1445/842/714 1444/841/694
f 1442/839/712 1446/843/715 1441/838/711
f 1441/838/711 1446/843/715 1445/842/714
f 1443/840/713 1447/844/716 1442/839/712
f 1442/839/712 1447/844/716 1446/843/715
f 1445/842/714 1448/845/717 1444/841/694
f 1446/843/715 1449/846/718 1445/842/714
f 1445/842/714 1449/846/718 1448/845/717
f 1447/844/716 1450/847/719 1446/843/715
f 1446/843/715 1450/847/719 1449/846/718
f 1449/846/718 1451/848/720 1448/845/717
f 1450/847/719 1452/849/721 1449/846/718
f 1449/846/718 1452/849/721 1451/848/720
f 1452/849/721 1453/850/722 1451/848/720
f 1454/851/723 1455/852/724 1456/853/725
f 1457/854/726 1454/851/723 1456/853/725
f 1458/855/727 1454/851/723 1457/854/726
f 1459/856/728 1458/855/727 1457/854/726
f 1459/856/728 1457/854/726 1460/857/729
f 1461/858/730 1459/856/728 1460/857/729
f 1460/857/729 1457/854/726 1462/859/731
f 1457/854/726 1456/853/725 1462/859/731
f 1462/859/731 1456/853/725 1463/860/732
f 1456/853/725 1455/852/724 1464/861/733
f 1456/853/725 1464/861/733 1463/860/732
f 1455/852/724 1465/862/734 1464/861/733
f 1455/852/724 1466/863/735 1465/862/734
f 1454/851/723 1467/864/736 1455/852/724
f 1467/864/736 1466/863/735 1455/852/724
f 1468/865/737 1467/864/736 1454/851/723
f 1458/855/727 1468/865/737 1454/851/723
f 1469/866/738 1468/865/737 1458/855/727
f 1470/867/739 1458/855/727 1459/856/728
f 1470/867/739 1469/866/738 1458/855/727
f 1471/868/740 1459/856/728 1461/858/730
f 1471/868/740 1470/867/739 1459/856/728
f 1472/869/741 1471/868/740 1461/858/730
f 1472/869/741 1461/858/730 1473/870/742
f 1474/871/743 1472/869/741 1473/870/742
f 1461/858/730 1460/857/729 1475/872/744
f 1473/870/742 1461/858/730 1475/872/744
f 1460/857/729 1462/859/731 1476/873/745
f 1475/872/744 1460/857/729 1476/873/745
f 1462/859/731 1463/860/732 1477/874/746
f 1476/873/745 1462/859/731 1477/874/746
f 1477/874/746 1463/860/732 1478/875/747
f 1463/860/732 1464/861/733 1479/876/748
f 1463/860/732 1479/876/748 1478/875/747
f 1464/861/733 1465/862/734 1480/877/749
f 1464/861/733 1480/877/749 1479/876/748
f 1465/862/734 1481/878/750 1480/877/749
f 1466/863/735 1482/879/751 1465/862/734
f 1465/862/734 1482/879/751 1481/878/750
f 1466/863/735 1483/880/752 1482/879/751
f 1467/864/736 1484/881/753 1466/863/735
f 1484/881/753 1483/880/752 1466/863/735
f 1468/865/737 1485/882/754 1467/864/736
f 1485/882/754 1484/881/753 1467/864/736
f 1483/880/752 1486/883/755 1482/879/751
f 1483/880/752 1487/884/756 1486/883/755
f 1482/879/751 1488/885/757 1481/878/750
f 1482/879/751 1486/883/755 1488/885/757
f 1481/878/750 1488/885/757 1489/886/758
f 1480/877/749 1481/878/750 1490/887/759
f 1481/878/750 1489/886/758 1490/887/759
f 1480/877/749 1490/887/759 1491/888/760
f 1479/876/748 1480/877/749 1491/888/760
f 1478/875/747 1479/876/748 1492/889/761
f 1479/876/748 1491/888/760 1492/889/761
f 1478/875/747 1492/889/761 1493/890/762
f 1477/874/746 1478/875/747 1494/891/763
f 1494/891/763 1478/875/747 1493/890/762
f 1476/873/745 1477/874/746 1495/892/764
f 1495/892/764 1477/874/746 1494/891/763
f 1475/872/744 1476/873/745 1496/893/765
f 1496/893/765 1476/873/745 1495/892/764
f 1488/885/757 1497/894/766 1489/886/758
f 1486/883/755 1498/895/767 1488/885/757
f 1488/885/757 1498/895/767 1497/894/766
f 1486/883/755 1499/896/768 1498/895/767
f 1487/884/756 1499/896/768 1486/883/755
f 1498/895/767 1500/897/769 1497/894/766
f 1499/896/768 1501/898/770 1498/895/767
f 1498/895/767 1501/898/770 1500/897/769
f 1501/898/770 1502/899/771 1500/897/769
f 1473/870/742 1475/872/744 1503/900/772
f 1503/900/772 1475/872/744 1496/893/765
f 1474/871/743 1473/870/742 1504/901/773
f 1504/901/773 1473/870/742 1503/900/772
f 1505/902/774 1474/871/743 1504/901/773
f 1506/903/775 1474/871/743 1505/902/774
f 1507/904/776 1506/903/775 1505/902/774
f 1508/905/777 1506/903/775 1507/904/776
f 1509/906/762 1508/905/777 1507/904/776
f 1469/866/738 1510/907/778 1468/865/737
f 1510/907/778 1485/882/754 1468/865/737
f 1511/908/779 1510/907/778 1469/866/738
f 1512/909/780 1511/908/779 1469/866/738
f 1512/909/780 1469/866/738 1470/867/739
f 1513/910/781 1470/867/739 1471/868/740
f 1513/910/781 1512/909/780 1470/867/739
f 1514/911/782 1471/868/740 1472/869/741
f 1514/911/782 1513/910/781 1471/868/740
f 1515/912/783 1514/911/782 1472/869/741
f 1515/912/783 1472/869/741 1474/871/743
f 1506/903/775 1515/912/783 1474/871/743
f 1508/905/777 1516/913/760 1506/903/775
f 1516/913/760 1515/912/783 1506/903/775
f 1517/914/784 1514/911/782 1515/912/783
f 1516/913/760 1517/914/784 1515/912/783
f 1518/915/785 1513/910/781 1514/911/782
f 1517/914/784 1518/915/785 1514/911/782
f 1518/915/785 1519/916/786 1513/910/781
f 1519/916/786 1512/909/780 1513/910/781
f 1520/917/769 1511/908/779 1512/909/780
f 1519/916/786 1520/917/769 1512/909/780
f 1520/917/769 1521/918/787 1511/908/779
f 1511/908/779 1522/919/788 1510/907/778
f 1521/918/787 1522/919/788 1511/908/779
f 1522/919/788 1523/920/789 1510/907/778
f 1510/907/778 1523/920/789 1485/882/754
f 1485/882/754 1524/921/790 1484/881/753
f 1523/920/789 1524/921/790 1485/882/754
f 1484/881/753 1525/922/791 1483/880/752
f 1525/922/791 1487/884/756 1483/880/752
f 1524/921/790 1525/922/791 1484/881/753
f 1526/923/495 1527/924/792 1528/925/497
f 1527/924/792 1526/923/495 1529/926/793
f 1530/927/794 1529/926/793 1526/923/495
f 1531/928/507 1529/926/793 1530/927/794
f 1531/928/507 1532/929/795 1529/926/793
f 1533/930/796 1532/929/795 1531/928/507
f 1534/931/797 1535/932/798 1536/933/799
f 1536/933/799 1535/932/798 1537/934/800
f 1536/933/799 1537/934/800 1538/935/801
f 1538/935/801 1537/934/800 1539/936/802
f 1540/937/803 1539/936/802 1537/934/800
f 1541/938/804 1539/936/802 1540/937/803
f 1542/939/805 1543/940/806 1544/941/807
f 1545/942/808 1542/939/805 1544/941/807
f 1542/939/805 1546/943/809 1543/940/806
f 1546/943/809 1547/944/810 1543/940/806
f 1548/945/811 1546/943/809 1542/939/805
f 1549/946/812 1548/945/811 1542/939/805
f 1549/946/812 1542/939/805 1545/942/808
f 1550/947/813 1549/946/812 1545/942/808
f 1546/943/809 1551/948/814 1547/944/810
f 1551/948/814 1552/949/815 1547/944/810
f 1548/945/811 1553/950/816 1546/943/809
f 1553/950/816 1551/948/814 1546/943/809
f 1554/951/817 1553/950/816 1548/945/811
f 1555/952/818 1548/945/811 1549/946/812
f 1555/952/818 1554/951/817 1548/945/811
f 1556/953/819 1549/946/812 1550/947/813
f 1556/953/819 1555/952/818 1549/946/812
f 1557/954/820 1556/953/819 1550/947/813
f 1551/948/814 1558/955/821 1552/949/815
f 1558/955/821 1559/956/822 1552/949/815
f 1560/957/823 1558/955/821 1551/948/814
f 1553/950/816 1560/957/823 1551/948/814
f 1554/951/817 1561/958/824 1553/950/816
f 1561/958/824 1560/957/823 1553/950/816
f 1562/959/825 1561/958/824 1554/951/817
f 1563/960/826 1554/951/817 1555/952/818
f 1563/960/826 1562/959/825 1554/951/817
f 1564/961/827 1563/960/826 1555/952/818
f 1564/961/827 1555/952/818 1556/953/819
f 1565/962/828 1556/953/819 1557/954/820
f 1565/962/828 1564/961/827 1556/953/819
f 1566/963/829 1565/962/828 1557/954/820
f 1566/963/829 1557/954/820 1567/964/830
f 1568/965/831 1565/962/828 1566/963/829
f 1567/964/830 1568/965/831 1566/963/829
f 1568/965/831 1569/966/832 1565/962/828
f 1569/966/832 1564/961/827 1565/962/828
f 1570/967/833 1563/960/826 1564/961/827
f 1569/966/832 1570/967/833 1564/961/827
f 1571/968/834 1562/959/825 1563/960/826
f 1570/967/833 1571/968/834 1563/960/826
f 1562/959/825 1571/968/834 1572/969/835
f 1561/958/824 1562/959/825 1572/969/835
f 1560/957/823 1561/958/824 1573/970/836
f 1561/958/824 1572/969/835 1573/970/836
f 1560/957/823 1573/970/836 1574/971/837
f 1558/955/821 1560/957/823 1574/971/837
f 1574/971/837 1573/970/836 1575/972/838
f 1574/971/837 1575/972/838 1576/973/839
f 1577/974/840 1574/971/837 1576/973/839
f 1559/956/822 1558/955/821 1577/974/840
f 1558/955/821 1574/971/837 1577/974/840
f 1577/974/840 1576/973/839 1578/975/841
f 1579/976/842 1569/966/832 1568/965/831
f 1579/976/842 1580/977/843 1569/966/832
f 1580/977/843 1570/967/833 1569/966/832
f 1581/978/844 1571/968/834 1570/967/833
f 1580/977/843 1581/978/844 1570/967/833
f 1571/968/834 1581/978/844 1582/979/845
f 1572/969/835 1571/968/834 1582/979/845
f 1573/970/836 1572/969/835 1583/980/846
f 1572/969/835 1582/979/845 1583/980/846
f 1573/970/836 1583/980/846 1575/972/838
f 1584/981/847 1577/974/840 1578/975/841
f 1559/956/822 1577/974/840 1584/981/847
f 1552/949/815 1559/956/822 1584/981/847
f 1584/981/847 1578/975/841 1585/982/848
f 1586/983/849 1584/981/847 1585/982/848
f 1547/944/810 1552/949/815 1586/983/849
f 1552/949/815 1584/981/847 1586/983/849
f 1586/983/849 1585/982/848 1587/984/850
f 1543/940/806 1547/944/810 1588/985/851
f 1588/985/851 1586/983/849 1587/984/850
f 1547/944/810 1586/983/849 1588/985/851
f 1588/985/851 1587/984/850 1589/986/852
f 1590/987/853 1588/985/851 1589/986/852
f 1544/941/807 1543/940/806 1590/987/853
f 1543/940/806 1588/985/851 1590/987/853
f 1590/987/853 1589/986/852 1591/988/854
f 1592/989/855 1590/987/853 1591/988/854
f 1544/941/807 1590/987/853 1592/989/855
f 1545/942/808 1544/941/807 1592/989/855
f 1592/989/855 1591/988/854 1593/990/856
f 1550/947/813 1545/942/808 1594/991/857
f 1594/991/857 1592/989/855 1593/990/856
f 1545/942/808 1592/989/855 1594/991/857
f 1594/991/857 1593/990/856 1595/992/858
f 1557/954/820 1550/947/813 1596/993/859
f 1550/947/813 1594/991/857 1596/993/859
f 1557/954/820 1596/993/859 1567/964/830
f 1596/993/859 1594/991/857 1595/992/858
f 1567/964/830 1596/993/859 1597/994/860
f 1596/993/859 1595/992/858 1597/994/860
f 1597/994/860 1598/995/861 1567/964/830
f 1598/995/861 1568/965/831 1567/964/830
f 1598/995/861 1579/976/842 1568/965/831
f 1599/996/862 1600/997/863 1601/998/864
f 1602/999/865 1599/996/862 1601/998/864
f 1602/999/865 1601/998/864 1603/1000/866
f 1604/1001/867 1599/996/862 1602/999/865
f 1605/1002/868 1602/999/865 1603/1000/866
f 1605/1002/868 1603/1000/866 1606/1003/869
f 1607/1004/870 1604/1001/867 1602/999/865
f 1607/1004/870 1602/999/865 1605/1002/868
f 1608/1005/871 1604/1001/867 1607/1004/870
f 1609/1006/872 1608/1005/871 1607/1004/870
f 1610/1007/873 1607/1004/870 1605/1002/868
f 1609/1006/872 1607/1004/870 1610/1007/873
f 1610/1007/873 1605/1002/868 1611/1008/874
f 1611/1008/874 1605/1002/868 1606/1003/869
f 1611/1008/874 1606/1003/869 1612/1009/875
f 1613/1010/876 1611/1008/874 1612/1009/875
f 1613/1010/876 1612/1009/875 1614/1011/877
f 1615/1012/878 1613/1010/876 1614/1011/877
f 1615/1012/878 1614/1011/877 1616/1013/879
f 1617/1014/880 1615/1012/878 1616/1013/879
f 1617/1014/880 1616/1013/879 1618/1015/881
f 1619/1016/882 1617/1014/880 1618/1015/881
f 1619/1016/882 1618/1015/881 1620/1017/883
f 1621/1018/884 1619/1016/882 1620/1017/883
f 1622/1019/885 1619/1016/882 1621/1018/884
f 1623/1020/886 1622/1019/885 1621/1018/884
f 1624/1021/887 1622/1019/885 1623/1020/886
f 1625/1022/888 1615/1012/878 1617/1014/880
f 1625/1022/888 1626/1023/889 1615/1012/878
f 1626/1023/889 1613/1010/876 1615/1012/878
f 1627/1024/890 1617/1014/880 1619/1016/882
f 1622/1019/885 1627/1024/890 1619/1016/882
f 1627/1024/890 1625/1022/888 1617/1014/880
f 1624/1021/887 1628/1025/891 1622/1019/885
f 1628/1025/891 1627/1024/890 1622/1019/885
f 1629/1026/892 1628/1025/891 1624/1021/887
f 1630/1027/893 1629/1026/892 1624/1021/887
f 1631/1028/894 1629/1026/892 1630/1027/893
f 1632/1029/895 1631/1028/894 1630/1027/893
f 1633/1030/896 1631/1028/894 1632/1029/895
f 1634/1031/897 1633/1030/896 1632/1029/895
f 1635/1032/898 1633/1030/896 1634/1031/897
f 1636/1033/899 1635/1032/898 1634/1031/897
f 1630/1027/893 1624/1021/887 1637/1034/900
f 1637/1034/900 1624/1021/887 1623/1020/886
f 1632/1029/895 1630/1027/893 1638/1035/901
f 1638/1035/901 1630/1027/893 1637/1034/900
f 1639/1036/902 1632/1029/895 1638/1035/901
f 1634/1031/897 1632/1029/895 1639/1036/902
f 1636/1033/899 1634/1031/897 1640/1037/903
f 1640/1037/903 1634/1031/897 1639/1036/902
f 1641/1038/904 1636/1033/899 1640/1037/903
f 1642/1039/905 1643/1040/906 1644/1041/907
f 1643/1040/906 1645/1042/908 1644/1041/907
f 1643/1040/906 1646/1043/909 1645/1042/908
f 1646/1043/909 1647/1044/910 1645/1042/908
f 1645/1042/908 1647/1044/910 1648/1045/911
f 1649/1046/912 1609/1006/872 1610/1007/873
f 1647/1044/910 1649/1046/912 1648/1045/911
f 1648/1045/911 1650/1047/913 1626/1023/889
f 1648/1045/911 1649/1046/912 1650/1047/913
f 1626/1023/889 1650/1047/913 1613/1010/876
f 1650/1047/913 1611/1008/874 1613/1010/876
f 1650/1047/913 1610/1007/873 1611/1008/874
f 1649/1046/912 1610/1007/873 1650/1047/913
f 1645/1042/908 1648/1045/911 1651/1048/914
f 1651/1048/914 1648/1045/911 1626/1023/889
f 1651/1048/914 1626/1023/889 1625/1022/888
f 1644/1041/907 1645/1042/908 1651/1048/914
f 1644/1041/907 1651/1048/914 1652/1049/915
f 1652/1049/915 1651/1048/914 1625/1022/888
f 1652/1049/915 1625/1022/888 1627/1024/890
f 1628/1025/891 1652/1049/915 1627/1024/890
f 1653/1050/916 1644/1041/907 1652/1049/915
f 1642/1039/905 1644/1041/907 1653/1050/916
f 1653/1050/916 1652/1049/915 1628/1025/891
f 1629/1026/892 1653/1050/916 1628/1025/891
f 1654/1051/917 1653/1050/916 1629/1026/892
f 1654/1051/917 1642/1039/905 1653/1050/916
f 1631/1028/894 1654/1051/917 1629/1026/892
f 1655/1052/918 1654/1051/917 1631/1028/894
f 1633/1030/896 1655/1052/918 1631/1028/894
f 1655/1052/918 1656/1053/919 1654/1051/917
f 1656/1053/919 1642/1039/905 1654/1051/917
f 1656/1053/919 1657/1054/920 1642/1039/905
f 1657/1054/920 1643/1040/906 1642/1039/905
f 1658/1055/921 1646/1043/909 1643/1040/906
f 1657/1054/920 1658/1055/921 1643/1040/906
f 1658/1055/921 1659/1056/922 1646/1043/909
f 1646/1043/909 1660/1057/923 1647/1044/910
f 1659/1056/922 1660/1057/923 1646/1043/909
f 1660/1057/923 1661/1058/924 1647/1044/910
f 1647/1044/910 1661/1058/924 1649/1046/912
f 1661/1058/924 1609/1006/872 1649/1046/912
f 1662/1059/925 1655/1052/918 1633/1030/896
f 1635/1032/898 1662/1059/925 1633/1030/896
f 1662/1059/925 1663/1060/926 1655/1052/918
f 1663/1060/926 1656/1053/919 1655/1052/918
f 1663/1060/926 1664/1061/927 1656/1053/919
f 1664/1061/927 1657/1054/920 1656/1053/919
f 1664/1061/927 1665/1062/928 1657/1054/920
f 1665/1062/928 1658/1055/921 1657/1054/920
f 1666/1063/929 1659/1056/922 1658/1055/921
f 1665/1062/928 1666/1063/929 1658/1055/921
f 1666/1063/929 1667/1064/930 1659/1056/922
f 1667/1064/930 1668/1065/931 1659/1056/922
f 1659/1056/922 1668/1065/931 1660/1057/923
f 1660/1057/923 1669/1066/932 1661/1058/924
f 1668/1065/931 1669/1066/932 1660/1057/923
f 1670/1067/933 1608/1005/871 1609/1006/872
f 1669/1066/932 1670/1067/933 1661/1058/924
f 1661/1058/924 1670/1067/933 1609/1006/872
f 1671/1068/799 1672/1069/934 1673/1070/935
f 1672/1069/934 1674/1071/936 1673/1070/935
f 1672/1069/934 1675/1072/802 1674/1071/936
f 1673/1070/935 1674/1071/936 1676/1073/937
f 1675/1072/802 1677/1074/804 1678/1075/938
f 1675/1072/802 1678/1075/938 1674/1071/936
f 1674/1071/936 1678/1075/938 1679/1076/939
f 1674/1071/936 1679/1076/939 1676/1073/937
f 1676/1073/937 1679/1076/939 1680/1077/940
f 1676/1073/937 1680/1077/940 1681/1078/941
f 1673/1070/935 1676/1073/937 1682/1079/942
f 1682/1079/942 1676/1073/937 1681/1078/941
f 1683/1080/943 1673/1070/935 1682/1079/942
f 1671/1068/799 1673/1070/935 1683/1080/943
f 1684/1081/797 1671/1068/799 1683/1080/943
f 1677/1074/804 1685/1082/944 1678/1075/938
f 1677/1074/804 1686/1083/945 1685/1082/944
f 1678/1075/938 1685/1082/944 1687/1084/946
f 1678/1075/938 1687/1084/946 1679/1076/939
f 1679/1076/939 1688/1085/947 1680/1077/940
f 1679/1076/939 1687/1084/946 1688/1085/947
f 1680/1077/940 1688/1085/947 1689/1086/948
f 1680/1077/940 1689/1086/948 1690/1087/949
f 1681/1078/941 1680/1077/940 1690/1087/949
f 1681/1078/941 1690/1087/949 1691/1088/950
f 1682/1079/942 1681/1078/941 1692/1089/951
f 1692/1089/951 1681/1078/941 1691/1088/950
f 1693/1090/952 1682/1079/942 1692/1089/951
f 1683/1080/943 1682/1079/942 1693/1090/952
f 1694/1091/953 1683/1080/943 1693/1090/952
f 1684/1081/797 1683/1080/943 1694/1091/953
f 1695/1092/954 1684/1081/797 1694/1091/953
f 1690/1087/949 1689/1086/948 1696/1093/955
f 1691/1088/950 1690/1087/949 1697/1094/956
f 1690/1087/949 1696/1093/955 1697/1094/956
f 1691/1088/950 1697/1094/956 1698/1095/957
f 1699/1096/958 1691/1088/950 1698/1095/957
f 1692/1089/951 1691/1088/950 1699/1096/958
f 1700/1097/959 1692/1089/951 1699/1096/958
f 1693/1090/952 1692/1089/951 1700/1097/959
f 1701/1098/960 1693/1090/952 1700/1097/959
f 1694/1091/953 1693/1090/952 1701/1098/960
f 1702/1099/961 1694/1091/953 1701/1098/960
f 1695/1092/954 1694/1091/953 1702/1099/961
f 1703/1100/962 1695/1092/954 1702/1099/961
f 1698/1095/957 1697/1094/956 1704/1101/963
f 1697/1094/956 1705/1102/964 1704/1101/963
f 1697/1094/956 1696/1093/955 1705/1102/964
f 1696/1093/955 1706/1103/965 1705/1102/964
f 1706/1103/965 1707/1104/371 1708/1105/966
f 1705/1102/964 1706/1103/965 1708/1105/966
f 1705/1102/964 1708/1105/966 1709/1106/967
f 1704/1101/963 1705/1102/964 1709/1106/967
f 1689/1086/948 1710/1107/324 1696/1093/955
f 1689/1086/948 1711/1108/968 1710/1107/324
f 1688/1085/947 1711/1108/968 1689/1086/948
f 1688/1085/947 1712/1109/969 1711/1108/968
f 1687/1084/946 1712/1109/969 1688/1085/947
f 1687/1084/946 1713/1110/970 1712/1109/969
f 1685/1082/944 1713/1110/970 1687/1084/946
f 1685/1082/944 1714/1111/971 1713/1110/970
f 1686/1083/945 1714/1111/971 1685/1082/944
f 1686/1083/945 1715/1112/972 1714/1111/971
f 1715/1112/972 1716/1113/961 1714/1111/971
f 1714/1111/971 1717/1114/973 1713/1110/970
f 1714/1111/971 1716/1113/961 1717/1114/973
f 1716/1113/961 1718/1115/960 1717/1114/973
f 1717/1114/973 1718/1115/960 1719/1116/974
f 1718/1115/960 1720/1117/959 1719/1116/974
f 1719/1116/974 1720/1117/959 1721/1118/975
f 1720/1117/959 1722/1119/958 1721/1118/975
f 1721/1118/975 1722/1119/958 1723/1120/976
f 1721/1118/975 1723/1120/976 1724/1121/977
f 1719/1116/974 1721/1118/975 1725/1122/978
f 1725/1122/978 1721/1118/975 1724/1121/977
f 1725/1122/978 1724/1121/977 1726/1123/979
f 1723/1120/976 1727/1124/980 1728/1125/981
f 1724/1121/977 1723/1120/976 1728/1125/981
f 1726/1123/979 1724/1121/977 1729/1126/982
f 1724/1121/977 1728/1125/981 1729/1126/982
f 1726/1123/979 1729/1126/982 1730/1127/983
f 1731/1128/984 1726/1123/979 1730/1127/983
f 1711/1108/968 1731/1128/984 1710/1107/324
f 1732/1129/985 1725/1122/978 1726/1123/979
f 1712/1109/969 1732/1129/985 1711/1108/968
f 1732/1129/985 1726/1123/979 1731/1128/984
f 1711/1108/968 1732/1129/985 1731/1128/984
f 1713/1110/970 1733/1130/986 1712/1109/969
f 1712/1109/969 1733/1130/986 1732/1129/985
f 1733/1130/986 1725/1122/978 1732/1129/985
f 1713/1110/970 1717/1114/973 1733/1130/986
f 1717/1114/973 1719/1116/974 1733/1130/986
f 1733/1130/986 1719/1116/974 1725/1122/978
f 1727/1124/980 1734/1131/987 1735/1132/988
f 1728/1125/981 1727/1124/980 1735/1132/988
f 1728/1125/981 1735/1132/988 1736/1133/989
f 1729/1126/982 1728/1125/981 1736/1133/989
f 1729/1126/982 1736/1133/989 1737/1134/990
f 1730/1127/983 1729/1126/982 1737/1134/990
f 1730/1127/983 1737/1134/990 1738/1135/991
f 1731/1128/984 1730/1127/983 1739/1136/992
f 1739/1136/992 1730/1127/983 1738/1135/991
f 1710/1107/324 1731/1128/984 1739/1136/992
f 1723/1120/976 1740/1137/957 1727/1124/980
f 1722/1119/958 1740/1137/957 1723/1120/976
f 1740/1137/957 1741/1138/993 1727/1124/980
f 1727/1124/980 1741/1138/993 1734/1131/987
f 1741/1138/993 1742/1139/967 1734/1131/987
f 1743/1140/994 1744/1141/995 1745/1142/996
f 1744/1141/995 1743/1140/994 1746/1143/997
f 1747/1144/998 1746/1143/997 1743/1140/994
f 1748/1145/999 1746/1143/997 1747/1144/998
f 1748/1145/999 1749/1146/1000 1746/1143/997
f 1750/1147/1001 1749/1146/1000 1748/1145/999
f 1421/818/693 1432/829/704 1751/1148/1002
f 1405/802/677 1421/818/693 1752/1149/1003
f 1752/1149/1003 1421/818/693 1751/1148/1002
f 1753/1150/1004 1405/802/677 1752/1149/1003
f 1403/800/675 1405/802/677 1753/1150/1004
f 1754/1151/1005 1403/800/675 1753/1150/1004
f 1404/801/676 1403/800/675 1754/1151/1005
f 1755/1152/1006 1404/801/676 1754/1151/1005
f 1409/806/681 1404/801/676 1755/1152/1006
f 1412/809/684 1409/806/681 1756/1153/1007
f 1756/1153/1007 1409/806/681 1755/1152/1006
f 1410/807/682 1412/809/684 1757/1154/1008
f 1757/1154/1008 1412/809/684 1756/1153/1007
f 1758/1155/1009 1410/807/682 1757/1154/1008
f 1758/1155/1009 1757/1154/1008 1759/1156/1010
f 1760/1157/1011 1758/1155/1009 1759/1156/1010
f 1757/1154/1008 1756/1153/1007 1761/1158/1012
f 1759/1156/1010 1757/1154/1008 1761/1158/1012
f 1761/1158/1012 1756/1153/1007 1762/1159/1013
f 1756/1153/1007 1755/1152/1006 1762/1159/1013
f 1762/1159/1013 1755/1152/1006 1763/1160/1014
f 1755/1152/1006 1754/1151/1005 1763/1160/1014
f 1763/1160/1014 1754/1151/1005 1764/1161/1015
f 1754/1151/1005 1753/1150/1004 1764/1161/1015
f 1753/1150/1004 1752/1149/1003 1765/1162/1016
f 1764/1161/1015 1753/1150/1004 1765/1162/1016
f 1765/1162/1016 1752/1149/1003 1766/1163/1017
f 1752/1149/1003 1751/1148/1002 1766/1163/1017
f 1766/1163/1017 1751/1148/1002 1767/1164/1018
f 1751/1148/1002 1432/829/704 1768/1165/1019
f 1432/829/704 1434/831/682 1768/1165/1019
f 1751/1148/1002 1768/1165/1019 1767/1164/1018
f 1769/1166/1020 1770/1167/1021 1771/1168/1022
f 1769/1166/1020 1772/1169/1000 1770/1167/1021
f 1772/1169/1000 1773/1170/1001 1770/1167/1021
f 1774/1171/997 1772/1169/1000 1769/1166/1020
f 1773/1170/1001 1775/1172/999 1776/1173/1023
f 1770/1167/1021 1773/1170/1001 1776/1173/1023
f 1771/1168/1022 1770/1167/1021 1777/1174/1024
f 1770/1167/1021 1776/1173/1023 1777/1174/1024
f 1771/1168/1022 1777/1174/1024 1778/1175/1025
f 1776/1173/1023 1775/1172/999 1779/1176/1026
f 1775/1172/999 1780/1177/998 1779/1176/1026
f 1777/1174/1024 1776/1173/1023 1781/1178/1027
f 1776/1173/1023 1779/1176/1026 1781/1178/1027
f 1777/1174/1024 1781/1178/1027 1782/1179/1028
f 1778/1175/1025 1777/1174/1024 1782/1179/1028
f 1778/1175/1025 1782/1179/1028 1783/1180/1029
f 1784/1181/1030 1778/1175/1025 1783/1180/1029
f 1784/1181/1030 1783/1180/1029 1785/1182/1031
f 1786/1183/1032 1771/1168/1022 1778/1175/1025
f 1786/1183/1032 1778/1175/1025 1784/1181/1030
f 1787/1184/1033 1769/1166/1020 1771/1168/1022
f 1787/1184/1033 1771/1168/1022 1786/1183/1032
f 1788/1185/1034 1769/1166/1020 1787/1184/1033
f 1788/1185/1034 1774/1171/997 1769/1166/1020
f 1789/1186/1035 1774/1171/997 1788/1185/1034
f 1790/1187/1036 1784/1181/1030 1785/1182/1031
f 1790/1187/1036 1785/1182/1031 1791/1188/1037
f 1792/1189/1038 1784/1181/1030 1790/1187/1036
f 1792/1189/1038 1786/1183/1032 1784/1181/1030
f 1793/1190/1039 1786/1183/1032 1792/1189/1038
f 1793/1190/1039 1787/1184/1033 1786/1183/1032
f 1794/1191/1040 1788/1185/1034 1787/1184/1033
f 1794/1191/1040 1787/1184/1033 1793/1190/1039
f 1795/1192/1041 1789/1186/1035 1788/1185/1034
f 1795/1192/1041 1788/1185/1034 1794/1191/1040
f 1796/1193/1042 1789/1186/1035 1795/1192/1041
f 1797/1194/1043 1793/1190/1039 1792/1189/1038
f 1798/1195/1044 1793/1190/1039 1797/1194/1043
f 1798/1195/1044 1794/1191/1040 1793/1190/1039
f 1799/1196/1045 1795/1192/1041 1794/1191/1040
f 1799/1196/1045 1794/1191/1040 1798/1195/1044
f 1800/1197/1046 1796/1193/1042 1795/1192/1041
f 1800/1197/1046 1795/1192/1041 1799/1196/1045
f 1801/1198/994 1796/1193/1042 1800/1197/1046
f 1802/1199/1047 1801/1198/994 1800/1197/1046
f 1803/1200/1048 1801/1198/994 1802/1199/1047
f 1804/1201/1049 1803/1200/1048 1802/1199/1047
f 1804/1201/1049 1802/1199/1047 1805/1202/1050
f 1806/1203/1051 1804/1201/1049 1805/1202/1050
f 1806/1203/1051 1805/1202/1050 1807/1204/1052
f 1808/1205/1053 1806/1203/1051 1807/1204/1052
f 1808/1205/1053 1807/1204/1052 1809/1206/1054
f 1810/1207/1055 1808/1205/1053 1809/1206/1054
f 1810/1207/1055 1809/1206/1054 1811/1208/1056
f 1805/1202/1050 1802/1199/1047 1812/1209/1057
f 1802/1199/1047 1800/1197/1046 1812/1209/1057
f 1812/1209/1057 1800/1197/1046 1799/1196/1045
f 1807/1204/1052 1805/1202/1050 1813/1210/1058
f 1805/1202/1050 1812/1209/1057 1813/1210/1058
f 1814/1211/1059 1799/1196/1045 1798/1195/1044
f 1812/1209/1057 1799/1196/1045 1814/1211/1059
f 1813/1210/1058 1812/1209/1057 1814/1211/1059
f 1815/1212/1060 1798/1195/1044 1797/1194/1043
f 1814/1211/1059 1798/1195/1044 1815/1212/1060
f 1815/1212/1060 1797/1194/1043 1816/1213/1061
f 1816/1213/1061 1797/1194/1043 1817/1214/1062
f 1817/1214/1062 1792/1189/1038 1790/1187/1036
f 1797/1194/1043 1792/1189/1038 1817/1214/1062
f 1816/1213/1061 1817/1214/1062 1818/1215/1063
f 1818/1215/1063 1817/1214/1062 1819/1216/1064
f 1819/1216/1064 1790/1187/1036 1791/1188/1037
f 1817/1214/1062 1790/1187/1036 1819/1216/1064
f 1818/1215/1063 1819/1216/1064 1820/1217/1065
f 1821/1218/1066 1818/1215/1063 1820/1217/1065
f 1821/1218/1066 1820/1217/1065 1822/1219/1067
f 1823/1220/1068 1821/1218/1066 1822/1219/1067
f 1824/1221/1069 1823/1220/1068 1822/1219/1067
f 1824/1221/1069 1825/1222/1070 1823/1220/1068
f 1826/1223/1071 1816/1213/1061 1818/1215/1063
f 1826/1223/1071 1818/1215/1063 1821/1218/1066
f 1827/1224/1072 1821/1218/1066 1823/1220/1068
f 1827/1224/1072 1826/1223/1071 1821/1218/1066
f 1828/1225/1073 1827/1224/1072 1823/1220/1068
f 1825/1222/1070 1828/1225/1073 1823/1220/1068
f 1829/1226/1074 1816/1213/1061 1826/1223/1071
f 1829/1226/1074 1815/1212/1060 1816/1213/1061
f 1830/1227/1075 1829/1226/1074 1826/1223/1071
f 1830/1227/1075 1826/1223/1071 1827/1224/1072
f 1831/1228/1076 1830/1227/1075 1827/1224/1072
f 1831/1228/1076 1827/1224/1072 1828/1225/1073
f 1832/1229/1077 1831/1228/1076 1828/1225/1073
f 1825/1222/1070 1833/1230/1078 1828/1225/1073
f 1833/1230/1078 1832/1229/1077 1828/1225/1073
f 1834/1231/1079 1833/1230/1078 1825/1222/1070
f 1835/1232/1080 1814/1211/1059 1815/1212/1060
f 1835/1232/1080 1815/1212/1060 1829/1226/1074
f 1813/1210/1058 1814/1211/1059 1835/1232/1080
f 1836/1233/1081 1829/1226/1074 1830/1227/1075
f 1836/1233/1081 1835/1232/1080 1829/1226/1074
f 1837/1234/1082 1830/1227/1075 1831/1228/1076
f 1837/1234/1082 1836/1233/1081 1830/1227/1075
f 1838/1235/1083 1837/1234/1082 1831/1228/1076
f 1838/1235/1083 1831/1228/1076 1832/1229/1077
f 1839/1236/1084 1838/1235/1083 1832/1229/1077
f 1833/1230/1078 1840/1237/1085 1832/1229/1077
f 1840/1237/1085 1839/1236/1084 1832/1229/1077
f 1834/1231/1079 1841/1238/1086 1833/1230/1078
f 1841/1238/1086 1840/1237/1085 1833/1230/1078
f 1842/1239/1087 1841/1238/1086 1834/1231/1079
f 1843/1240/1088 1835/1232/1080 1836/1233/1081
f 1843/1240/1088 1813/1210/1058 1835/1232/1080
f 1807/1204/1052 1813/1210/1058 1843/1240/1088
f 1809/1206/1054 1807/1204/1052 1843/1240/1088
f 1811/1208/1056 1809/1206/1054 1844/1241/1089
f 1844/1241/1089 1836/1233/1081 1837/1234/1082
f 1844/1241/1089 1843/1240/1088 1836/1233/1081
f 1809/1206/1054 1843/1240/1088 1844/1241/1089
f 1845/1242/1090 1844/1241/1089 1837/1234/1082
f 1811/1208/1056 1844/1241/1089 1845/1242/1090
f 1845/1242/1090 1837/1234/1082 1838/1235/1083
f 1846/1243/1091 1838/1235/1083 1839/1236/1084
f 1846/1243/1091 1845/1242/1090 1838/1235/1083
f 1847/1244/1092 1846/1243/1091 1839/1236/1084
f 1840/1237/1085 1848/1245/1093 1839/1236/1084
f 1848/1245/1093 1847/1244/1092 1839/1236/1084
f 1849/1246/1094 1848/1245/1093 1840/1237/1085
f 1841/1238/1086 1849/1246/1094 1840/1237/1085
f 1842/1239/1087 1850/1247/1095 1841/1238/1086
f 1850/1247/1095 1849/1246/1094 1841/1238/1086
f 1851/1248/1096 1850/1247/1095 1842/1239/1087
f 1851/1248/1096 1852/1249/1097 1850/1247/1095
f 1853/1250/1098 1852/1249/1097 1851/1248/1096
f 1850/1247/1095 1854/1251/1099 1849/1246/1094
f 1852/1249/1097 1854/1251/1099 1850/1247/1095
f 1849/1246/1094 1855/1252/1100 1848/1245/1093
f 1854/1251/1099 1855/1252/1100 1849/1246/1094
f 1848/1245/1093 1856/1253/1101 1847/1244/1092
f 1855/1252/1100 1856/1253/1101 1848/1245/1093
f 1846/1243/1091 1847/1244/1092 1857/1254/1102
f 1856/1253/1101 1857/1254/1102 1847/1244/1092
f 1858/1255/1103 1846/1243/1091 1857/1254/1102
f 1859/1256/1104 1845/1242/1090 1846/1243/1091
f 1858/1255/1103 1859/1256/1104 1846/1243/1091
f 1859/1256/1104 1811/1208/1056 1845/1242/1090
f 1860/1257/1031 1811/1208/1056 1859/1256/1104
f 1860/1257/1031 1810/1207/1055 1811/1208/1056
f 1861/1258/1037 1859/1256/1104 1858/1255/1103
f 1861/1258/1037 1860/1257/1031 1859/1256/1104
f 1862/1259/1105 1858/1255/1103 1857/1254/1102
f 1862/1259/1105 1861/1258/1037 1858/1255/1103
f 1863/1260/1106 1862/1259/1105 1857/1254/1102
f 1856/1253/1101 1864/1261/1107 1857/1254/1102
f 1864/1261/1107 1863/1260/1106 1857/1254/1102
f 1855/1252/1100 1865/1262/1108 1856/1253/1101
f 1865/1262/1108 1864/1261/1107 1856/1253/1101
f 1866/1263/1109 1865/1262/1108 1855/1252/1100
f 1854/1251/1099 1866/1263/1109 1855/1252/1100
f 1867/1264/1110 1866/1263/1109 1854/1251/1099
f 1852/1249/1097 1867/1264/1110 1854/1251/1099
f 1868/1265/1111 1867/1264/1110 1852/1249/1097
f 1853/1250/1098 1868/1265/1111 1852/1249/1097
f 1869/1266/1112 1868/1265/1111 1853/1250/1098
f 1870/1267/1113 1869/1266/1112 1853/1250/1098
f 1871/1268/1114 1869/1266/1112 1870/1267/1113
f 1872/1269/1115 1871/1268/1114 1870/1267/1113
f 1872/1269/1115 1870/1267/1113 1873/1270/1116
f 1874/1271/1117 1872/1269/1115 1873/1270/1116
f 1874/1271/1117 1873/1270/1116 1875/1272/1118
f 1876/1273/1119 1874/1271/1117 1875/1272/1118
f 1876/1273/1119 1875/1272/1118 1877/1274/1120
f 1878/1275/1121 1876/1273/1119 1877/1274/1120
f 1878/1275/1121 1877/1274/1120 1879/1276/1122
f 1880/1277/1123 1878/1275/1121 1879/1276/1122
f 1880/1277/1123 1879/1276/1122 1881/1278/1124
f 1882/1279/1125 1880/1277/1123 1881/1278/1124
f 1882/1279/1125 1881/1278/1124 1883/1280/1126
f 1884/1281/1127 1882/1279/1125 1883/1280/1126
f 1884/1281/1127 1883/1280/1126 1885/1282/1128
f 1886/1283/1114 1884/1281/1127 1885/1282/1128
f 1881/1278/1124 1879/1276/1122 1887/1284/1129
f 1883/1280/1126 1881/1278/1124 1888/1285/1130
f 1881/1278/1124 1887/1284/1129 1888/1285/1130
f 1883/1280/1126 1888/1285/1130 1889/1286/1131
f 1885/1282/1128 1883/1280/1126 1889/1286/1131
f 1877/1274/1120 1875/1272/1118 1890/1287/1132
f 1875/1272/1118 1891/1288/1133 1890/1287/1132
f 1875/1272/1118 1873/1270/1116 1891/1288/1133
f 1890/1287/1132 1891/1288/1133 1892/1289/1134
f 1890/1287/1132 1892/1289/1134 1893/1290/1135
f 1879/1276/1122 1877/1274/1120 1894/1291/1136
f 1877/1274/1120 1890/1287/1132 1894/1291/1136
f 1894/1291/1136 1890/1287/1132 1893/1290/1135
f 1879/1276/1122 1894/1291/1136 1887/1284/1129
f 1894/1291/1136 1893/1290/1135 1895/1292/1137
f 1887/1284/1129 1894/1291/1136 1895/1292/1137
f 1887/1284/1129 1895/1292/1137 1896/1293/1138
f 1888/1285/1130 1887/1284/1129 1896/1293/1138
f 1888/1285/1130 1896/1293/1138 1897/1294/1139
f 1889/1286/1131 1888/1285/1130 1897/1294/1139
f 1893/1290/1135 1892/1289/1134 1898/1295/1140
f 1895/1292/1137 1893/1290/1135 1899/1296/1141
f 1893/1290/1135 1898/1295/1140 1899/1296/1141
f 1895/1292/1137 1899/1296/1141 1900/1297/1142
f 1896/1293/1138 1895/1292/1137 1900/1297/1142
f 1896/1293/1138 1900/1297/1142 1901/1298/1109
f 1897/1294/1139 1896/1293/1138 1901/1298/1109
f 1899/1296/1141 1898/1295/1140 1902/1299/1143
f 1900/1297/1142 1899/1296/1141 1903/1300/1144
f 1899/1296/1141 1902/1299/1143 1903/1300/1144
f 1900/1297/1142 1903/1300/1144 1904/1301/1145
f 1901/1298/1109 1900/1297/1142 1904/1301/1145
f 1902/1299/1143 1824/1221/1069 1905/1302/1146
f 1903/1300/1144 1902/1299/1143 1905/1302/1146
f 1905/1302/1146 1824/1221/1069 1822/1219/1067
f 1903/1300/1144 1905/1302/1146 1906/1303/1147
f 1904/1301/1145 1903/1300/1144 1906/1303/1147
f 1906/1303/1147 1905/1302/1146 1907/1304/1148
f 1905/1302/1146 1822/1219/1067 1907/1304/1148
f 1822/1219/1067 1820/1217/1065 1907/1304/1148
f 1873/1270/1116 1908/1305/1149 1891/1288/1133
f 1873/1270/1116 1870/1267/1113 1908/1305/1149
f 1870/1267/1113 1853/1250/1098 1908/1305/1149
f 1908/1305/1149 1853/1250/1098 1851/1248/1096
f 1908/1305/1149 1851/1248/1096 1909/1306/1150
f 1891/1288/1133 1909/1306/1150 1892/1289/1134
f 1909/1306/1150 1851/1248/1096 1842/1239/1087
f 1891/1288/1133 1908/1305/1149 1909/1306/1150
f 1909/1306/1150 1842/1239/1087 1910/1307/1151
f 1910/1307/1151 1842/1239/1087 1834/1231/1079
f 1892/1289/1134 1909/1306/1150 1910/1307/1151
f 1892/1289/1134 1910/1307/1151 1898/1295/1140
f 1911/1308/1152 1834/1231/1079 1825/1222/1070
f 1902/1299/1143 1911/1308/1152 1824/1221/1069
f 1898/1295/1140 1911/1308/1152 1902/1299/1143
f 1898/1295/1140 1910/1307/1151 1911/1308/1152
f 1911/1308/1152 1825/1222/1070 1824/1221/1069
f 1910/1307/1151 1834/1231/1079 1911/1308/1152
f 1820/1217/1065 1819/1216/1064 1912/1309/1153
f 1819/1216/1064 1791/1188/1037 1912/1309/1153
f 1820/1217/1065 1912/1309/1153 1907/1304/1148
f 1913/1310/698 1914/1311/1154 1915/1312/699
f 1914/1311/1154 1913/1310/698 1916/1313/1155
f 1917/1314/697 1916/1313/1155 1913/1310/698
f 1918/1315/721 1916/1313/1155 1917/1314/697
f 1918/1315/721 1919/1316/716 1916/1313/1155
f 1920/1317/1156 1919/1316/716 1918/1315/721
f 1921/1318/1157 1922/1319/1158 1923/1320/1159
f 1922/1319/1158 1924/1321/1160 1923/1320/1159
f 1923/1320/1159 1924/1321/1160 1925/1322/1161
f 1922/1319/1158 1926/1323/1162 1924/1321/1160
f 1923/1320/1159 1925/1322/1161 1927/1324/1163
f 1927/1324/1163 1925/1322/1161 1928/1325/1164
f 1929/1326/1165 1923/1320/1159 1927/1324/1163
f 1921/1318/1157 1923/1320/1159 1929/1326/1165
f 1930/1327/1166 1921/1318/1157 1929/1326/1165
f 1931/1328/1167 1930/1327/1166 1929/1326/1165
f 1932/1329/1168 1921/1318/1157 1930/1327/1166
f 1931/1328/1167 1932/1329/1168 1930/1327/1166
f 1933/1330/1169 1931/1328/1167 1929/1326/1165
f 1933/1330/1169 1929/1326/1165 1927/1324/1163
f 1934/1331/1170 1927/1324/1163 1928/1325/1164
f 1934/1331/1170 1933/1330/1169 1927/1324/1163
f 1935/1332/1171 1934/1331/1170 1928/1325/1164
f 1935/1332/1171 1928/1325/1164 1936/1333/1172
f 1925/1322/1161 1937/1334/1173 1928/1325/1164
f 1928/1325/1164 1937/1334/1173 1936/1333/1172
f 1924/1321/1160 1938/1335/1174 1925/1322/1161
f 1925/1322/1161 1938/1335/1174 1937/1334/1173
f 1924/1321/1160 1939/1336/1175 1938/1335/1174
f 1926/1323/1162 1939/1336/1175 1924/1321/1160
f 1926/1323/1162 1940/1337/1176 1939/1336/1175
f 1940/1337/1176 1941/1338/1177 1939/1336/1175
f 1939/1336/1175 1942/1339/1178 1938/1335/1174
f 1939/1336/1175 1941/1338/1177 1942/1339/1178
f 1938/1335/1174 1943/1340/1179 1937/1334/1173
f 1938/1335/1174 1942/1339/1178 1943/1340/1179
f 1937/1334/1173 1943/1340/1179 1944/1341/1180
f 1937/1334/1173 1944/1341/1180 1936/1333/1172
f 1945/1342/1181 1935/1332/1171 1936/1333/1172
f 1936/1333/1172 1944/1341/1180 1945/1342/1181
f 1946/1343/1182 1935/1332/1171 1945/1342/1181
f 1947/1344/856 1934/1331/1170 1935/1332/1171
f 1946/1343/1182 1947/1344/856 1935/1332/1171
f 1947/1344/856 1948/1345/1183 1934/1331/1170
f 1948/1345/1183 1933/1330/1169 1934/1331/1170
f 1949/1346/852 1931/1328/1167 1933/1330/1169
f 1948/1345/1183 1949/1346/852 1933/1330/1169
f 1949/1346/852 1950/1347/1184 1931/1328/1167
f 1950/1347/1184 1932/1329/1168 1931/1328/1167
f 1944/1341/1180 1951/1348/1185 1945/1342/1181
f 1944/1341/1180 1952/1349/1186 1951/1348/1185
f 1943/1340/1179 1952/1349/1186 1944/1341/1180
f 1943/1340/1179 1953/1350/1187 1952/1349/1186
f 1942/1339/1178 1953/1350/1187 1943/1340/1179
f 1941/1338/1177 1954/1351/1188 1942/1339/1178
f 1942/1339/1178 1954/1351/1188 1953/1350/1187
f 1955/1352/1189 1954/1351/1188 1941/1338/1177
f 1956/1353/1190 1955/1352/1189 1941/1338/1177
f 1956/1353/1190 1941/1338/1177 1940/1337/1176
f 1957/1354/1191 1956/1353/1190 1940/1337/1176
f 1957/1354/1191 1940/1337/1176 1926/1323/1162
f 1958/1355/1192 1957/1354/1191 1926/1323/1162
f 1958/1355/1192 1926/1323/1162 1922/1319/1158
f 1959/1356/1193 1958/1355/1192 1922/1319/1158
f 1959/1356/1193 1922/1319/1158 1921/1318/1157
f 1932/1329/1168 1959/1356/1193 1921/1318/1157
f 1952/1349/1186 1960/1357/1194 1951/1348/1185
f 1953/1350/1187 1961/1358/1195 1952/1349/1186
f 1952/1349/1186 1961/1358/1195 1960/1357/1194
f 1953/1350/1187 1962/1359/1196 1961/1358/1195
f 1954/1351/1188 1962/1359/1196 1953/1350/1187
f 1963/1360/1197 1962/1359/1196 1954/1351/1188
f 1955/1352/1189 1963/1360/1197 1954/1351/1188
f 1961/1358/1195 1964/1361/1198 1960/1357/1194
f 1962/1359/1196 1965/1362/1199 1961/1358/1195
f 1961/1358/1195 1965/1362/1199 1964/1361/1198
f 1966/1363/1200 1965/1362/1199 1962/1359/1196
f 1963/1360/1197 1966/1363/1200 1962/1359/1196
f 1965/1362/1199 1966/1363/1200 1964/1361/1198
f 1967/1364/1201 1959/1356/1193 1932/1329/1168
f 1950/1347/1184 1967/1364/1201 1932/1329/1168
f 1968/1365/1202 1958/1355/1192 1959/1356/1193
f 1967/1364/1201 1968/1365/1202 1959/1356/1193
f 1969/1366/1203 1957/1354/1191 1958/1355/1192
f 1968/1365/1202 1969/1366/1203 1958/1355/1192
f 1969/1366/1203 1970/1367/1204 1957/1354/1191
f 1970/1367/1204 1956/1353/1190 1957/1354/1191
f 1970/1367/1204 1971/1368/1205 1956/1353/1190
f 1971/1368/1205 1955/1352/1189 1956/1353/1190
f 1971/1368/1205 1972/1369/845 1955/1352/1189
f 1972/1369/845 1963/1360/1197 1955/1352/1189
f 1973/1370/1206 1966/1363/1200 1963/1360/1197
f 1972/1369/845 1973/1370/1206 1963/1360/1197
f 1966/1363/1200 1973/1370/1206 1974/1371/843
f 1964/1361/1198 1966/1363/1200 1974/1371/843
f 1964/1361/1198 1974/1371/843 1975/1372/1207
f 1960/1357/1194 1964/1361/1198 1975/1372/1207
f 1951/1348/1185 1960/1357/1194 1976/1373/1208
f 1960/1357/1194 1975/1372/1207 1976/1373/1208
f 1945/1342/1181 1951/1348/1185 1977/1374/1209
f 1951/1348/1185 1976/1373/1208 1977/1374/1209
f 1977/1374/1209 1946/1343/1182 1945/1342/1181
f 1978/1375/1210 1979/1376/1211 1980/1377/1212
f 1981/1378/1213 1978/1375/1210 1980/1377/1212
f 1982/1379/1214 1978/1375/1210 1981/1378/1213
f 1983/1380/1215 1982/1379/1214 1981/1378/1213
f 1980/1377/1212 1979/1376/1211 1984/1381/1216
f 1979/1376/1211 1985/1382/1217 1984/1381/1216
f 1980/1377/1212 1984/1381/1216 1986/1383/1218
f 1987/1384/1219 1980/1377/1212 1986/1383/1218
f 1981/1378/1213 1980/1377/1212 1987/1384/1219
f 1983/1380/1215 1981/1378/1213 1988/1385/1220
f 1988/1385/1220 1981/1378/1213 1987/1384/1219
f 1989/1386/1221 1983/1380/1215 1988/1385/1220
f 1985/1382/1217 1990/1387/1222 1991/1388/1223
f 1984/1381/1216 1985/1382/1217 1991/1388/1223
f 1984/1381/1216 1991/1388/1223 1992/1389/1224
f 1986/1383/1218 1984/1381/1216 1992/1389/1224
f 1986/1383/1218 1992/1389/1224 1993/1390/1225
f 1994/1391/1226 1986/1383/1218 1993/1390/1225
f 1987/1384/1219 1986/1383/1218 1994/1391/1226
f 1995/1392/1227 1987/1384/1219 1994/1391/1226
f 1988/1385/1220 1987/1384/1219 1995/1392/1227
f 1989/1386/1221 1988/1385/1220 1996/1393/1228
f 1996/1393/1228 1988/1385/1220 1995/1392/1227
f 1997/1394/1229 1989/1386/1221 1996/1393/1228
f 1991/1388/1223 1990/1387/1222 1998/1395/1230
f 1990/1387/1222 1999/1396/1231 1998/1395/1230
f 1991/1388/1223 1998/1395/1230 2000/1397/1232
f 1992/1389/1224 1991/1388/1223 2000/1397/1232
f 1993/1390/1225 1992/1389/1224 2001/1398/1233
f 1992/1389/1224 2000/1397/1232 2001/1398/1233
f 1993/1390/1225 2001/1398/1233 2002/1399/1234
f 1994/1391/1226 1993/1390/1225 2003/1400/1235
f 2003/1400/1235 1993/1390/1225 2002/1399/1234
f 2004/1401/1236 1994/1391/1226 2003/1400/1235
f 1995/1392/1227 1994/1391/1226 2004/1401/1236
f 2005/1402/1237 1995/1392/1227 2004/1401/1236
f 1996/1393/1228 1995/1392/1227 2005/1402/1237
f 1997/1394/1229 1996/1393/1228 2006/1403/1238
f 2006/1403/1238 1996/1393/1228 2005/1402/1237
f 2007/1404/1239 1997/1394/1229 2006/1403/1238
f 1998/1395/1230 1999/1396/1231 2008/1405/1240
f 1999/1396/1231 2009/1406/1241 2008/1405/1240
f 1998/1395/1230 2008/1405/1240 2010/1407/1242
f 2000/1397/1232 1998/1395/1230 2010/1407/1242
f 2000/1397/1232 2010/1407/1242 2011/1408/1243
f 2001/1398/1233 2000/1397/1232 2011/1408/1243
f 2002/1399/1234 2001/1398/1233 2012/1409/1244
f 2001/1398/1233 2011/1408/1243 2012/1409/1244
f 2002/1399/1234 2012/1409/1244 2013/1410/1245
f 2014/1411/1246 2002/1399/1234 2013/1410/1245
f 2003/1400/1235 2002/1399/1234 2014/1411/1246
f 2004/1401/1236 2003/1400/1235 2015/1412/1247
f 2015/1412/1247 2003/1400/1235 2014/1411/1246
f 2016/1413/1248 2004/1401/1236 2015/1412/1247
f 2005/1402/1237 2004/1401/1236 2016/1413/1248
f 2006/1403/1238 2005/1402/1237 2017/1414/1249
f 2017/1414/1249 2005/1402/1237 2016/1413/1248
f 2007/1404/1239 2006/1403/1238 2018/1415/1250
f 2018/1415/1250 2006/1403/1238 2017/1414/1249
f 2019/1416/1251 2007/1404/1239 2018/1415/1250
f 2014/1411/1246 2013/1410/1245 2020/1417/1252
f 2015/1412/1247 2014/1411/1246 2021/1418/1253
f 2021/1418/1253 2014/1411/1246 2020/1417/1252
f 2016/1413/1248 2015/1412/1247 2022/1419/1254
f 2022/1419/1254 2015/1412/1247 2021/1418/1253
f 2023/1420/1255 2016/1413/1248 2022/1419/1254
f 2017/1414/1249 2016/1413/1248 2023/1420/1255
f 2018/1415/1250 2017/1414/1249 2024/1421/1256
f 2024/1421/1256 2017/1414/1249 2023/1420/1255
f 2019/1416/1251 2018/1415/1250 2025/1422/1257
f 2025/1422/1257 2018/1415/1250 2024/1421/1256
f 2026/1423/1258 2019/1416/1251 2025/1422/1257
f 2022/1419/1254 2021/1418/1253 2027/1424/1259
f 2023/1420/1255 2022/1419/1254 2028/1425/1260
f 2028/1425/1260 2022/1419/1254 2027/1424/1259
f 2024/1421/1256 2023/1420/1255 2029/1426/1261
f 2029/1426/1261 2023/1420/1255 2028/1425/1260
f 2025/1422/1257 2024/1421/1256 2030/1427/1262
f 2030/1427/1262 2024/1421/1256 2029/1426/1261
f 2031/1428/1263 2025/1422/1257 2030/1427/1262
f 2026/1423/1258 2025/1422/1257 2031/1428/1263
f 2032/1429/1264 2026/1423/1258 2031/1428/1263
f 2033/1430/1265 2034/1431/1266 2035/1432/1267
f 2009/1406/1241 2033/1430/1265 2036/1433/1268
f 2008/1405/1240 2009/1406/1241 2036/1433/1268
f 2036/1433/1268 2033/1430/1265 2035/1432/1267
f 2008/1405/1240 2036/1433/1268 2037/1434/1269
f 2010/1407/1242 2008/1405/1240 2037/1434/1269
f 2011/1408/1243 2010/1407/1242 2038/1435/1270
f 2010/1407/1242 2037/1434/1269 2038/1435/1270
f 2012/1409/1244 2011/1408/1243 2039/1436/1271
f 2011/1408/1243 2038/1435/1270 2039/1436/1271
f 2012/1409/1244 2039/1436/1271 2040/1437/1272
f 2013/1410/1245 2012/1409/1244 2040/1437/1272
f 2020/1417/1252 2013/1410/1245 2041/1438/1273
f 2013/1410/1245 2040/1437/1272 2041/1438/1273
f 2020/1417/1252 2041/1438/1273 2042/1439/1274
f 2021/1418/1253 2020/1417/1252 2043/1440/1275
f 2027/1424/1259 2021/1418/1253 2043/1440/1275
f 2043/1440/1275 2020/1417/1252 2042/1439/1274
f 2042/1439/1274 2041/1438/1273 2044/1441/1276
f 2041/1438/1273 2045/1442/1277 2044/1441/1276
f 2041/1438/1273 2040/1437/1272 2045/1442/1277
f 2040/1437/1272 2039/1436/1271 2046/1443/1278
f 2040/1437/1272 2046/1443/1278 2045/1442/1277
f 2039/1436/1271 2038/1435/1270 2047/1444/1279
f 2039/1436/1271 2047/1444/1279 2046/1443/1278
f 2038/1435/1270 2048/1445/1280 2047/1444/1279
f 2038/1435/1270 2037/1434/1269 2048/1445/1280
f 2037/1434/1269 2036/1433/1268 2049/1446/1281
f 2036/1433/1268 2035/1432/1267 2049/1446/1281
f 2037/1434/1269 2049/1446/1281 2048/1445/1280
f 2050/1447/928 2051/1448/1282 2052/1449/929
f 2052/1449/929 2051/1448/1282 2053/1450/1283
f 2052/1449/929 2053/1450/1283 2054/1451/930
f 2054/1451/930 2053/1450/1283 2055/1452/899
f 2056/1453/1284 2055/1452/899 2053/1450/1283
f 2057/1454/898 2055/1452/899 2056/1453/1284
f 2058/1455/1285 2059/1456/1286 2060/1457/1287
f 2060/1457/1287 2059/1456/1286 2061/1458/1288
f 2060/1457/1287 2061/1458/1288 2062/1459/1289
f 2062/1459/1289 2061/1458/1288 2063/1460/1290
f 2064/1461/1291 2063/1460/1290 2061/1458/1288
f 2065/1462/1292 2063/1460/1290 2064/1461/1291
f 2066/1463/1293 2067/1464/1294 2068/1465/1115
f 2068/1465/1115 2067/1464/1294 2069/1466/1295
f 2068/1465/1115 2069/1466/1295 2070/1467/1296
f 2070/1467/1296 2069/1466/1295 2071/1468/1127
f 2072/1469/1297 2071/1468/1127 2069/1466/1295
f 2073/1470/1125 2071/1468/1127 2072/1469/1297
f 2074/1471/1289 2075/1472/1298 2076/1473/1299
f 2077/1474/1300 2074/1471/1289 2076/1473/1299
f 2076/1473/1299 2075/1472/1298 2078/1475/1301
f 2075/1472/1298 2079/1476/1302 2078/1475/1301
f 2076/1473/1299 2078/1475/1301 2080/1477/1303
f 2077/1474/1300 2076/1473/1299 2081/1478/1304
f 2081/1478/1304 2076/1473/1299 2080/1477/1303
f 2082/1479/1305 2077/1474/1300 2081/1478/1304
f 2083/1480/1306 2082/1479/1305 2084/1481/1307
f 2082/1479/1305 2081/1478/1304 2084/1481/1307
f 2081/1478/1304 2080/1477/1303 2085/1482/1308
f 2084/1481/1307 2081/1478/1304 2085/1482/1308
f 2085/1482/1308 2080/1477/1303 2086/1483/1309
f 2080/1477/1303 2078/1475/1301 2087/1484/1310
f 2080/1477/1303 2087/1484/1310 2086/1483/1309
f 2078/1475/1301 2079/1476/1302 2088/1485/1311
f 2078/1475/1301 2088/1485/1311 2087/1484/1310
f 2079/1476/1302 2089/1486/1312 2088/1485/1311
f 2088/1485/1311 2089/1486/1312 2090/1487/1313
f 2089/1486/1312 2091/1488/1314 2090/1487/1313
f 2087/1484/1310 2088/1485/1311 2092/1489/1315
f 2088/1485/1311 2090/1487/1313 2092/1489/1315
f 2086/1483/1309 2087/1484/1310 2093/1490/1316
f 2087/1484/1310 2092/1489/1315 2093/1490/1316
f 2086/1483/1309 2093/1490/1316 2094/1491/1317
f 2085/1482/1308 2086/1483/1309 2095/1492/1318
f 2095/1492/1318 2086/1483/1309 2094/1491/1317
f 2084/1481/1307 2085/1482/1308 2096/1493/1319
f 2096/1493/1319 2085/1482/1308 2095/1492/1318
f 2083/1480/1306 2084/1481/1307 2097/1494/1320
f 2097/1494/1320 2084/1481/1307 2096/1493/1319
f 2098/1495/1288 2083/1480/1306 2097/1494/1320
f 2090/1487/1313 2091/1488/1314 2099/1496/1321
f 2091/1488/1314 2100/1497/1322 2099/1496/1321
f 2092/1489/1315 2090/1487/1313 2101/1498/1323
f 2090/1487/1313 2099/1496/1321 2101/1498/1323
f 2093/1490/1316 2092/1489/1315 2102/1499/1324
f 2092/1489/1315 2101/1498/1323 2102/1499/1324
f 2093/1490/1316 2102/1499/1324 2103/1500/1325
f 2094/1491/1317 2093/1490/1316 2103/1500/1325
f 2094/1491/1317 2103/1500/1325 2104/1501/1326
f 2095/1492/1318 2094/1491/1317 2105/1502/1327
f 2105/1502/1327 2094/1491/1317 2104/1501/1326
f 2096/1493/1319 2095/1492/1318 2106/1503/1328
f 2106/1503/1328 2095/1492/1318 2105/1502/1327
f 2097/1494/1320 2096/1493/1319 2107/1504/1329
f 2107/1504/1329 2096/1493/1319 2106/1503/1328
f 2108/1505/1330 2097/1494/1320 2107/1504/1329
f 2098/1495/1288 2097/1494/1320 2108/1505/1330
f 2109/1506/1331 2098/1495/1288 2108/1505/1330
f 2108/1505/1330 2107/1504/1329 2110/1507/1332
f 2109/1506/1331 2108/1505/1330 2111/1508/1333
f 2111/1508/1333 2108/1505/1330 2110/1507/1332
f 2112/1509/1334 2109/1506/1331 2111/1508/1333
f 2100/1497/1322 2113/1510/1335 2114/1511/1336
f 2099/1496/1321 2100/1497/1322 2114/1511/1336
f 2101/1498/1323 2099/1496/1321 2115/1512/1337
f 2099/1496/1321 2114/1511/1336 2115/1512/1337
f 2102/1499/1324 2101/1498/1323 2116/1513/1338
f 2101/1498/1323 2115/1512/1337 2116/1513/1338
f 2103/1500/1325 2102/1499/1324 2117/1514/1339
f 2102/1499/1324 2116/1513/1338 2117/1514/1339
f 2103/1500/1325 2117/1514/1339 2118/1515/1340
f 2104/1501/1326 2103/1500/1325 2118/1515/1340
f 2104/1501/1326 2118/1515/1340 2119/1516/1341
f 2105/1502/1327 2104/1501/1326 2120/1517/1342
f 2120/1517/1342 2104/1501/1326 2119/1516/1341
f 2106/1503/1328 2105/1502/1327 2121/1518/1343
f 2121/1518/1343 2105/1502/1327 2120/1517/1342
f 2122/1519/1344 2106/1503/1328 2121/1518/1343
f 2107/1504/1329 2106/1503/1328 2122/1519/1344
f 2110/1507/1332 2107/1504/1329 2122/1519/1344
f 2114/1511/1336 2113/1510/1335 2123/1520/1345
f 2113/1510/1335 2124/1521/1346 2123/1520/1345
f 2115/1512/1337 2114/1511/1336 2125/1522/1347
f 2114/1511/1336 2123/1520/1345 2125/1522/1347
f 2116/1513/1338 2115/1512/1337 2126/1523/1348
f 2115/1512/1337 2125/1522/1347 2126/1523/1348
f 2116/1513/1338 2126/1523/1348 2127/1524/1349
f 2117/1514/1339 2116/1513/1338 2127/1524/1349
f 2118/1515/1340 2117/1514/1339 2128/1525/1350
f 2117/1514/1339 2127/1524/1349 2128/1525/1350
f 2119/1516/1341 2118/1515/1340 2129/1526/1351
f 2118/1515/1340 2128/1525/1350 2129/1526/1351
f 2119/1516/1341 2129/1526/1351 2130/1527/1352
f 2131/1528/1353 2119/1516/1341 2130/1527/1352
f 2120/1517/1342 2119/1516/1341 2131/1528/1353
f 2121/1518/1343 2120/1517/1342 2132/1529/1354
f 2132/1529/1354 2120/1517/1342 2131/1528/1353
f 2133/1530/1355 2121/1518/1343 2132/1529/1354
f 2122/1519/1344 2121/1518/1343 2133/1530/1355
f 2131/1528/1353 2130/1527/1352 2134/1531/1356
f 2135/1532/1357 2131/1528/1353 2134/1531/1356
f 2132/1529/1354 2131/1528/1353 2135/1532/1357
f 2133/1530/1355 2132/1529/1354 2136/1533/1358
f 2136/1533/1358 2132/1529/1354 2135/1532/1357
f 2137/1534/1314 2133/1530/1355 2136/1533/1358
f 2110/1507/1332 2122/1519/1344 2138/1535/1359
f 2138/1535/1359 2122/1519/1344 2133/1530/1355
f 2138/1535/1359 2133/1530/1355 2137/1534/1314
f 2139/1536/1312 2138/1535/1359 2137/1534/1314
f 2140/1537/1360 2110/1507/1332 2138/1535/1359
f 2140/1537/1360 2138/1535/1359 2139/1536/1312
f 2111/1508/1333 2110/1507/1332 2140/1537/1360
f 2141/1538/1361 2140/1537/1360 2139/1536/1312
f 2142/1539/1362 2140/1537/1360 2141/1538/1361
f 2142/1539/1362 2111/1508/1333 2140/1537/1360
f 2112/1509/1334 2111/1508/1333 2142/1539/1362
f 2143/1540/1363 2142/1539/1362 2141/1538/1361
f 2144/1541/1364 2112/1509/1334 2142/1539/1362
f 2144/1541/1364 2142/1539/1362 2143/1540/1363
f 2145/1542/1289 2144/1541/1364 2143/1540/1363
f 2146/1543/1365 2147/1544/1366 2148/1545/791
f 2147/1544/1366 2146/1543/1365 2149/1546/1367
f 2150/1547/789 2149/1546/1367 2146/1543/1365
f 2151/1548/788 2149/1546/1367 2150/1547/789
f 2151/1548/788 2152/1549/1368 2149/1546/1367
f 2153/1550/1369 2152/1549/1368 2151/1548/788
f 2154/1551/1210 2155/1552/1370 2156/1553/1211
f 2155/1552/1370 2154/1551/1210 2157/1554/1371
f 2158/1555/1266 2157/1554/1371 2154/1551/1210
f 2159/1556/1372 2157/1554/1371 2158/1555/1266
f 2159/1556/1372 2160/1557/1373 2157/1554/1371
f 2161/1558/1241 2160/1557/1373 2159/1556/1372
f 2162/1559/1374 2163/1560/1375 2164/1561/357
f 2163/1560/1375 2162/1559/1374 2165/1562/1376
f 2166/1563/1377 2165/1562/1376 2162/1559/1374
f 2167/1564/1378 2165/1562/1376 2166/1563/1377
f 2167/1564/1378 2168/1565/1379 2165/1562/1376
f 2169/1566/342 2168/1565/1379 2167/1564/1378
s 0
f 2170/1567/278 2171/1568/278 2172/1569/278
f 2173/1570/278 2174/239/278 2175/1571/278
f 2176/1572/278 2173/1570/278 2175/1571/278
f 2177/1573/278 2173/1570/278 2176/1572/278
f 2178/1574/278 2177/1573/278 2176/1572/278
f 2179/236/278 2177/1573/278 2178/1574/278
f 2180/1575/278 2179/236/278 2178/1574/278
f 2181/1576/278 2179/236/278 2180/1575/278
f 2182/1577/278 2181/1576/278 2180/1575/278
f 2183/1578/278 2181/1576/278 2182/1577/278
f 2171/1568/278 2184/1579/278 2172/1569/278
f 2184/1579/278 2183/1578/278 2182/1577/278
f 2171/1568/278 2185/202/278 2184/1579/278
f 2185/202/278 2183/1578/278 2184/1579/278
f 2184/1579/278 2182/1577/278 2186/1580/278
f 2172/1569/278 2184/1579/278 2186/1580/278
f 2176/1572/278 2175/1571/278 2187/1/278
f 2178/1574/278 2176/1572/278 2188/1581/278
f 2188/1581/278 2176/1572/278 2187/1/278
f 2189/1582/278 2178/1574/278 2188/1581/278
f 2180/1575/278 2178/1574/278 2189/1582/278
f 2186/1580/278 2182/1577/278 2190/1583/278
f 2182/1577/278 2180/1575/278 2190/1583/278
f 2190/1583/278 2180/1575/278 2189/1582/278
f 2191/1584/278 2192/1585/278 2193/1586/278
f 2192/1585/278 2194/1587/278 2193/1586/278
f 2194/1587/278 2195/236/278 2193/1586/278
f 2196/216/278 2195/236/278 2194/1587/278
f 2197/1588/278 2196/216/278 2194/1587/278
f 2196/216/278 2197/1588/278 2198/1589/278
f 2199/202/278 2196/216/278 2198/1589/278
f 2200/1590/278 2199/202/278 2198/1589/278
f 2201/1591/278 2200/1590/278 2198/1589/278
f 2202/1568/278 2200/1590/278 2201/1591/278
f 2203/1592/278 2202/1568/278 2201/1591/278
f 2202/1568/278 2203/1592/278 2204/1593/278
f 2205/1594/278 2202/1568/278 2204/1593/278
f 2205/1594/278 2204/1593/278 2206/1595/278
f 2207/1567/278 2205/1594/278 2206/1595/278
f 2208/1596/278 2207/1567/278 2206/1595/278
f 2209/1597/278 2208/1596/278 2206/1595/278
f 2208/1596/278 2209/1597/278 2210/1598/278
f 2211/1583/278 2208/1596/278 2210/1598/278
f 2212/1599/278 2211/1583/278 2210/1598/278
f 2213/1600/278 2212/1599/278 2210/1598/278
f 2212/1599/278 2213/1600/278 2214/1601/278
f 2215/1/278 2212/1599/278 2214/1601/278
f 2216/1602/278 2215/1/278 2214/1601/278
f 2217/1603/278 2216/1602/278 2214/1601/278
f 2218/1571/278 2216/1602/278 2217/1603/278
f 2219/1604/278 2218/1571/278 2217/1603/278
f 2218/1571/278 2219/1604/278 2220/1605/278
f 2221/1606/278 2218/1571/278 2220/1605/278
f 2221/1606/278 2220/1605/278 2222/1607/278
f 2223/239/278 2221/1606/278 2222/1607/278
f 2195/236/278 2224/256/278 2193/1586/278
f 2224/256/278 2223/239/278 2222/1607/278
f 2224/256/278 2225/1608/278 2193/1586/278
f 2225/1608/278 2224/256/278 2222/1607/278
o Object_89
v -0.053741 0.232741 0.055249
v -0.047341 0.230685 0.057479
v -0.053738 0.299499 0.055249
v -0.059640 0.236080 0.053194
v -0.064810 0.240574 0.051393
v -0.069052 0.246049 0.049914
v -0.072205 0.252295 0.048816
v -0.074146 0.259073 0.048140
v -0.074801 0.266121 0.047911
v -0.074145 0.273170 0.048140
v -0.072203 0.279947 0.048816
v -0.069050 0.286193 0.049914
v -0.064807 0.291668 0.051393
v -0.059636 0.296160 0.053194
v -0.040681 0.302248 0.059798
v -0.047337 0.301554 0.057479
v -0.034025 0.301554 0.062117
v -0.027625 0.299497 0.064347
v -0.021727 0.296159 0.066402
v -0.016557 0.291665 0.068203
v -0.012314 0.286190 0.069681
v -0.009162 0.279944 0.070780
v -0.007220 0.273166 0.071456
v -0.006565 0.266118 0.071685
v -0.007221 0.259069 0.071456
v -0.009163 0.252292 0.070780
v -0.012316 0.246046 0.069681
v -0.016559 0.240571 0.068203
v -0.021730 0.236078 0.066402
v -0.027629 0.232740 0.064347
v -0.034029 0.230684 0.062117
v -0.040685 0.229991 0.059798
v 0.021731 0.296160 0.066402
v 0.016560 0.291668 0.068203
v 0.074146 0.259069 0.048140
v 0.027630 0.299499 0.064347
v 0.034030 0.301554 0.062117
v 0.040686 0.302248 0.059798
v 0.047342 0.301554 0.057479
v 0.053742 0.299497 0.055250
v 0.059641 0.296158 0.053195
v 0.064811 0.291665 0.051393
v 0.069053 0.286190 0.049915
v 0.072206 0.279944 0.048817
v 0.074147 0.273166 0.048140
v 0.074802 0.266117 0.047912
v 0.069051 0.246046 0.049915
v 0.072204 0.252292 0.048817
v 0.064808 0.240571 0.051393
v 0.059637 0.236078 0.053194
v 0.053739 0.232740 0.055250
v 0.047338 0.230684 0.057479
v 0.040682 0.229990 0.059798
v 0.034026 0.230685 0.062117
v 0.027626 0.232741 0.064347
v 0.021728 0.236080 0.066402
v 0.016558 0.240574 0.068203
v 0.012315 0.246049 0.069682
v 0.009162 0.252295 0.070780
v 0.007221 0.259073 0.071457
v 0.006566 0.266121 0.071685
v 0.007222 0.273169 0.071457
v 0.009164 0.279947 0.070780
v 0.012317 0.286193 0.069682
v -0.161779 0.086797 -0.063486
v -0.154476 0.090703 -0.060115
v -0.169788 0.084491 -0.066726
v -0.178193 0.083873 -0.069713
v -0.186673 0.084967 -0.072331
v -0.194901 0.087732 -0.074479
v -0.202562 0.092060 -0.076075
v -0.222191 0.120930 -0.076075
v -0.138053 0.135918 -0.044155
v -0.143068 0.102658 -0.053505
v -0.148157 0.096058 -0.056745
v -0.139402 0.110247 -0.050518
v -0.137301 0.118535 -0.047900
v -0.136846 0.127203 -0.045752
v -0.219366 0.112503 -0.077059
v -0.215033 0.104688 -0.077391
v -0.209359 0.097785 -0.077059
v -0.223398 0.129645 -0.074479
v -0.222943 0.138313 -0.072331
v -0.220842 0.146601 -0.069713
v -0.217176 0.154190 -0.066727
v -0.150884 0.159062 -0.043173
v -0.157682 0.164788 -0.044156
v -0.145210 0.152160 -0.042841
v -0.140878 0.144344 -0.043172
v -0.190456 0.172357 -0.053505
v -0.205768 0.166145 -0.060116
v -0.212086 0.160789 -0.063486
v -0.198465 0.170051 -0.056746
v -0.165342 0.169116 -0.045752
v -0.173571 0.171880 -0.047900
v -0.182050 0.172974 -0.050518
v -0.165342 0.169116 -0.167427
v -0.157682 0.164788 -0.169024
v -0.173570 0.171880 -0.165279
v -0.182050 0.172974 -0.162661
v -0.190456 0.172357 -0.159675
v -0.198464 0.170051 -0.156434
v -0.205768 0.166145 -0.153064
v -0.145210 0.152160 -0.170338
v -0.150884 0.159062 -0.170007
v -0.212086 0.160789 -0.149694
v -0.217176 0.154190 -0.146453
v -0.220842 0.146601 -0.143467
v -0.222942 0.138313 -0.140849
v -0.222190 0.120930 -0.137105
v -0.215033 0.104688 -0.135789
v -0.219366 0.112503 -0.136121
v -0.223398 0.129645 -0.138701
v -0.140877 0.144344 -0.170007
v -0.138053 0.135918 -0.169024
v -0.136845 0.127203 -0.167427
v -0.137301 0.118535 -0.165279
v -0.154475 0.090703 -0.153064
v -0.169787 0.084491 -0.146453
v -0.186673 0.084967 -0.140849
v -0.178193 0.083873 -0.143467
v -0.161779 0.086797 -0.149694
v -0.143067 0.102658 -0.159674
v -0.139401 0.110247 -0.162661
v -0.148157 0.096058 -0.156434
v -0.202561 0.092059 -0.137104
v -0.209359 0.097785 -0.136121
v -0.194901 0.087732 -0.138701
v -0.000001 0.208779 0.060277
v 0.000877 0.214696 0.060277
v -0.000684 0.214696 0.060277
v 0.011672 0.208706 0.060277
v 0.010994 0.215884 0.060277
v 0.006462 0.208779 0.060277
v 0.006112 0.216154 0.060277
v 0.009698 0.222804 0.060277
v 0.005243 0.222804 0.060277
v 0.000850 0.222804 0.060277
v 0.006401 0.201404 0.060277
v -0.000001 0.201404 0.060277
v -0.006403 0.201405 0.060277
v -0.006463 0.208780 0.060277
v -0.006108 0.216155 0.060277
v -0.000647 0.222804 0.060277
v -0.005250 0.222804 0.060277
v -0.009705 0.222805 0.060277
v -0.010989 0.215886 0.060277
v -0.011673 0.208708 0.060277
v -0.011575 0.201755 0.060277
v -0.010040 0.195427 0.060277
v -0.005249 0.194237 0.060277
v -0.000001 0.193661 0.060277
v 0.005247 0.194237 0.060277
v 0.010038 0.195426 0.060277
v 0.011574 0.201754 0.060277
vn -0.3290 -0.0000 0.9443
vn 0.3290 -0.0000 0.9443
vn -0.3132 -0.2130 0.9255
vn -0.3132 -0.2129 0.9255
vn -0.3131 -0.2128 0.9256
vn -0.3131 -0.2130 0.9255
vn -0.3133 -0.2129 0.9255
vn -0.3133 -0.2130 0.9255
vn -0.3133 -0.2131 0.9254
vn -0.3131 -0.2129 0.9255
vn -0.3132 -0.2128 0.9255
vn -0.3132 -0.2130 -0.9255
vn -0.3132 -0.2132 -0.9255
vn -0.3132 -0.2129 -0.9255
vn -0.3132 -0.2128 -0.9255
vn -0.3133 -0.2129 -0.9255
vn -0.3131 -0.2129 -0.9256
vn -0.3131 -0.2129 -0.9255
vn -0.3133 -0.2130 -0.9255
vn -0.3131 -0.2130 -0.9255
vn -0.3133 -0.2128 -0.9255
vn -0.3133 -0.2131 -0.9254
vn -0.0000 -0.0000 1.0000
vt 0.000000 1.000000
vt 0.205492 0.973758
vt 0.250000 0.978142
vt 0.162694 0.960776
vt 0.123251 0.939693
vt 0.088679 0.911321
vt 0.060307 0.876749
vt 0.039224 0.837306
vt 0.039224 0.662694
vt 0.460776 0.837306
vt 0.337306 0.960776
vt 0.294508 0.973758
vt 0.376749 0.939693
vt 0.411321 0.911321
vt 0.439693 0.876749
vt 0.026242 0.705492
vt 0.021858 0.750000
vt 0.026242 0.794508
vt 0.060307 0.623251
vt 0.088679 0.588679
vt 0.123251 0.560307
vt 0.162694 0.539224
vt 0.473758 0.705492
vt 0.460775 0.662694
vt 0.478142 0.750000
vt 0.473758 0.794508
vt 0.337306 0.539224
vt 0.250000 0.521858
vt 0.205492 0.526242
vt 0.294508 0.526242
vt 0.439693 0.623251
vt 0.411321 0.588679
vt 0.376749 0.560307
vt 0.500000 0.500000
vt 0.500000 0.250000
vt 0.471951 0.250000
vt 0.962543 0.503174
vt 0.960622 0.253765
vt 0.750000 0.500000
vt 0.750000 0.250000
vt 0.959535 0.040752
vt 0.748434 0.040752
vt 0.500000 0.040752
vt 0.750000 0.750000
vt 0.500000 0.750000
vt 0.250000 0.750000
vt 0.250000 0.500000
vt 0.250000 0.250000
vt 0.469536 0.040752
vt 0.251566 0.040752
vt 0.040465 0.040752
vt 0.039378 0.253765
vt 0.037312 0.503174
vt 0.036557 0.744757
vt 0.043729 0.959265
vt 0.260860 0.965406
vt 0.500000 0.967731
vt 0.739140 0.965406
vt 0.956271 0.959265
vt 0.963443 0.744757
s 0
usemtl paper
f 2226/1609/1380 2227/1609/1380 2228/1609/1380
f 2229/1609/1380 2226/1609/1380 2228/1609/1380
f 2230/1609/1380 2229/1609/1380 2228/1609/1380
f 2231/1609/1380 2230/1609/1380 2228/1609/1380
f 2232/1609/1380 2231/1609/1380 2228/1609/1380
f 2233/1609/1380 2232/1609/1380 2228/1609/1380
f 2234/1609/1380 2233/1609/1380 2228/1609/1380
f 2235/1609/1380 2234/1609/1380 2228/1609/1380
f 2236/1609/1380 2235/1609/1380 2228/1609/1380
f 2237/1609/1380 2236/1609/1380 2228/1609/1380
f 2238/1609/1380 2237/1609/1380 2228/1609/1380
f 2239/1609/1380 2238/1609/1380 2228/1609/1380
f 2240/1609/1380 2241/1609/1380 2228/1609/1380
f 2242/1609/1380 2240/1609/1380 2228/1609/1380
f 2243/1609/1380 2242/1609/1380 2228/1609/1380
f 2244/1609/1380 2243/1609/1380 2228/1609/1380
f 2245/1609/1380 2244/1609/1380 2228/1609/1380
f 2246/1609/1380 2245/1609/1380 2228/1609/1380
f 2247/1609/1380 2246/1609/1380 2228/1609/1380
f 2248/1609/1380 2247/1609/1380 2228/1609/1380
f 2249/1609/1380 2248/1609/1380 2228/1609/1380
f 2250/1609/1380 2249/1609/1380 2228/1609/1380
f 2251/1609/1380 2250/1609/1380 2228/1609/1380
f 2252/1609/1380 2251/1609/1380 2228/1609/1380
f 2253/1609/1380 2252/1609/1380 2228/1609/1380
f 2254/1609/1380 2253/1609/1380 2228/1609/1380
f 2255/1609/1380 2254/1609/1380 2228/1609/1380
f 2256/1609/1380 2255/1609/1380 2228/1609/1380
f 2227/1609/1380 2257/1609/1380 2228/1609/1380
f 2257/1609/1380 2256/1609/1380 2228/1609/1380
f 2258/1609/1381 2259/1609/1381 2260/1609/1381
f 2261/1609/1381 2258/1609/1381 2260/1609/1381
f 2262/1609/1381 2261/1609/1381 2260/1609/1381
f 2263/1609/1381 2262/1609/1381 2260/1609/1381
f 2264/1609/1381 2263/1609/1381 2260/1609/1381
f 2265/1609/1381 2264/1609/1381 2260/1609/1381
f 2266/1609/1381 2265/1609/1381 2260/1609/1381
f 2267/1609/1381 2266/1609/1381 2260/1609/1381
f 2268/1609/1381 2267/1609/1381 2260/1609/1381
f 2269/1609/1381 2268/1609/1381 2260/1609/1381
f 2270/1609/1381 2269/1609/1381 2260/1609/1381
f 2271/1609/1381 2270/1609/1381 2260/1609/1381
s 1
f 2272/1609/1381 2273/1609/1381 2260/1609/1381
s 0
f 2274/1609/1381 2272/1609/1381 2260/1609/1381
f 2275/1609/1381 2274/1609/1381 2260/1609/1381
f 2276/1609/1381 2275/1609/1381 2260/1609/1381
f 2277/1609/1381 2276/1609/1381 2260/1609/1381
f 2278/1609/1381 2277/1609/1381 2260/1609/1381
f 2279/1609/1381 2278/1609/1381 2260/1609/1381
f 2280/1609/1381 2279/1609/1381 2260/1609/1381
f 2281/1609/1381 2280/1609/1381 2260/1609/1381
f 2282/1609/1381 2281/1609/1381 2260/1609/1381
f 2283/1609/1381 2282/1609/1381 2260/1609/1381
s 1
f 2284/1609/1381 2283/1609/1381 2260/1609/1381
f 2285/1609/1381 2284/1609/1381 2260/1609/1381
s 0
f 2286/1609/1381 2285/1609/1381 2260/1609/1381
f 2287/1609/1381 2286/1609/1381 2260/1609/1381
f 2288/1609/1381 2287/1609/1381 2260/1609/1381
f 2259/1609/1381 2289/1609/1381 2260/1609/1381
f 2289/1609/1381 2288/1609/1381 2260/1609/1381
s 1
f 2290/1610/1382 2291/1611/1382 2292/1612/1382
s 0
f 2293/1613/1383 2292/1612/1383 2294/1614/1383
f 2295/1615/1384 2294/1614/1384 2296/1616/1384
f 2294/1614/1383 2297/1617/1383 2296/1616/1383
f 2292/1612/1383 2297/1617/1383 2294/1614/1383
f 2291/1611/1383 2298/1618/1383 2292/1612/1383
f 2292/1612/1383 2298/1618/1383 2297/1617/1383
s 1
f 2299/1619/1383 2298/1618/1383 2291/1611/1383
s 0
f 2300/1620/1385 2299/1619/1385 2291/1611/1385
f 2301/1621/1383 2298/1618/1383 2299/1619/1383
f 2302/1622/1383 2298/1618/1383 2301/1621/1383
s 1
f 2303/1623/1386 2298/1618/1386 2302/1622/1386
s 0
f 2304/1624/1387 2296/1616/1387 2297/1617/1387
f 2305/1625/1383 2296/1616/1383 2304/1624/1383
f 2306/1626/1388 2296/1616/1388 2305/1625/1388
s 1
f 2307/1627/1389 2297/1617/1389 2308/1628/1389
s 0
f 2308/1628/1383 2297/1617/1383 2309/1629/1383
f 2309/1629/1383 2297/1617/1383 2310/1630/1383
f 2311/1631/1382 2312/1632/1382 2313/1633/1382
f 2314/1634/1383 2312/1632/1383 2298/1618/1383
f 2313/1633/1389 2312/1632/1389 2314/1634/1389
f 2297/1617/1383 2298/1618/1383 2315/1635/1383
f 2312/1632/1383 2315/1635/1383 2298/1618/1383
f 2310/1630/1383 2297/1617/1383 2316/1636/1383
f 2316/1636/1383 2297/1617/1383 2315/1635/1383
f 2317/1637/1386 2310/1630/1386 2316/1636/1386
f 2318/1638/1390 2316/1636/1390 2315/1635/1390
f 2319/1639/1383 2320/1640/1383 2312/1632/1383
f 2320/1640/1383 2315/1635/1383 2312/1632/1383
f 2321/1641/1383 2315/1635/1383 2320/1640/1383
s 1
f 2322/1639/1391 2323/1632/1391 2324/1640/1391
s 0
f 2325/1641/1392 2324/1640/1392 2326/1635/1392
f 2326/1635/1391 2324/1640/1391 2327/1638/1391
f 2323/1632/1393 2328/1636/1393 2324/1640/1393
f 2327/1638/1394 2324/1640/1394 2328/1636/1394
f 2329/1633/1393 2328/1636/1393 2323/1632/1393
f 2330/1631/1391 2329/1633/1391 2323/1632/1391
f 2331/1637/1395 2328/1636/1395 2332/1630/1395
f 2332/1630/1393 2328/1636/1393 2333/1629/1393
f 2333/1629/1393 2328/1636/1393 2334/1628/1393
f 2334/1628/1393 2328/1636/1393 2335/1617/1393
f 2335/1617/1393 2328/1636/1393 2336/1625/1393
f 2337/1624/1396 2335/1617/1396 2336/1625/1396
s 1
f 2338/1627/1397 2334/1628/1397 2335/1617/1397
s 0
f 2339/1634/1398 2340/1618/1398 2329/1633/1398
f 2341/1623/1393 2329/1633/1393 2340/1618/1393
f 2342/1622/1393 2328/1636/1393 2329/1633/1393
f 2342/1622/1393 2329/1633/1393 2341/1623/1393
f 2336/1625/1393 2328/1636/1393 2343/1611/1393
f 2343/1611/1393 2328/1636/1393 2342/1622/1393
f 2344/1612/1393 2336/1625/1393 2343/1611/1393
f 2345/1614/1393 2336/1625/1393 2344/1612/1393
f 2346/1613/1393 2345/1614/1393 2344/1612/1393
f 2347/1610/1393 2344/1612/1393 2343/1611/1393
f 2348/1619/1393 2343/1611/1393 2342/1622/1393
f 2349/1621/1399 2348/1619/1399 2342/1622/1399
s 1
f 2350/1620/1399 2343/1611/1399 2348/1619/1400
s 0
f 2351/1616/1397 2336/1625/1397 2345/1614/1397
f 2352/1626/1401 2336/1625/1401 2351/1616/1401
f 2353/1615/1396 2351/1616/1396 2345/1614/1396
f 2354/1642/1402 2355/1643/1402 2356/1644/1402
f 2357/1645/1402 2358/1646/1402 2359/1647/1402
f 2355/1643/1402 2354/1642/1402 2359/1647/1402
f 2358/1646/1402 2360/1648/1402 2359/1647/1402
f 2360/1648/1402 2355/1643/1402 2359/1647/1402
f 2358/1646/1402 2361/1649/1402 2360/1648/1402
f 2361/1649/1402 2362/1650/1402 2360/1648/1402
f 2363/1651/1402 2355/1643/1402 2360/1648/1402
f 2362/1650/1402 2363/1651/1402 2360/1648/1402
f 2359/1647/1402 2354/1642/1402 2364/1652/1402
f 2354/1642/1402 2365/1653/1402 2364/1652/1402
f 2365/1653/1402 2354/1642/1402 2366/1654/1402
f 2354/1642/1402 2367/1655/1402 2366/1654/1402
f 2367/1655/1402 2354/1642/1402 2356/1644/1402
f 2368/1656/1402 2367/1655/1402 2356/1644/1402
f 2356/1644/1402 2369/1657/1402 2368/1656/1402
f 2369/1657/1402 2370/1658/1402 2368/1656/1402
f 2370/1658/1402 2371/1659/1402 2368/1656/1402
f 2368/1656/1402 2372/1660/1402 2367/1655/1402
f 2371/1659/1402 2372/1660/1402 2368/1656/1402
f 2372/1660/1402 2373/1661/1402 2367/1655/1402
f 2366/1654/1402 2367/1655/1402 2374/1662/1402
f 2367/1655/1402 2373/1661/1402 2374/1662/1402
f 2366/1654/1402 2374/1662/1402 2375/1663/1402
f 2376/1664/1402 2366/1654/1402 2375/1663/1402
f 2365/1653/1402 2366/1654/1402 2376/1664/1402
f 2377/1665/1402 2365/1653/1402 2376/1664/1402
f 2364/1652/1402 2365/1653/1402 2378/1666/1402
f 2365/1653/1402 2377/1665/1402 2378/1666/1402
f 2364/1652/1402 2378/1666/1402 2379/1667/1402
f 2359/1647/1402 2364/1652/1402 2380/1668/1402
f 2357/1645/1402 2359/1647/1402 2380/1668/1402
f 2380/1668/1402 2364/1652/1402 2379/1667/1402
o Object_92
v 0.039820 0.141901 0.056982
v 0.019271 0.129024 0.061444
v 0.019271 0.127565 0.057233
v 0.039820 0.140442 0.052771
v 0.000000 0.064488 0.062738
v -0.047507 0.064290 0.047507
v -0.062738 0.064488 -0.000000
v 0.000000 0.059381 0.000000
v -0.047507 0.064290 -0.047508
v 0.047507 0.064290 0.047507
v 0.062738 0.064488 0.000000
v 0.000000 0.064488 -0.062738
v 0.047507 0.064290 -0.047507
v 0.000000 0.124150 -0.050146
v 0.038095 0.124104 -0.038095
v 0.000000 0.093233 -0.056652
v -0.056652 0.093232 -0.000000
v -0.062738 0.064488 -0.000000
v -0.047507 0.064290 0.047507
v -0.043016 0.093193 0.043016
v -0.050146 0.124150 -0.000000
v -0.038095 0.124104 0.038095
v 0.000000 0.093233 0.056652
v -0.000000 0.124150 0.050146
v 0.043016 0.093193 0.043016
v 0.038095 0.124104 0.038095
v 0.056652 0.093233 0.000000
v 0.050146 0.124150 0.000000
v 0.043016 0.093193 -0.043016
v 0.000000 0.064488 -0.062738
v 0.047507 0.064290 -0.047507
v 0.062738 0.064488 0.000000
v 0.047507 0.064290 0.047507
v 0.000000 0.064488 0.062738
v -0.043016 0.093193 -0.043016
v -0.047507 0.064290 -0.047508
v -0.038095 0.124104 -0.038095
v -0.032120 0.155049 -0.032120
v -0.042247 0.155098 -0.000000
v -0.032120 0.155049 0.032119
v 0.000000 0.155098 0.042247
v 0.032120 0.155049 0.032120
v 0.042247 0.155098 0.000000
v 0.032120 0.155049 -0.032119
v 0.000000 0.155098 -0.042247
v 0.034957 0.184687 0.000000
v 0.026471 0.184806 -0.026471
v 0.000000 0.184687 -0.034957
v 0.000000 0.093233 -0.056652
v 0.000000 0.064488 -0.062738
v 0.000000 0.124150 -0.050146
v 0.000000 0.155098 -0.042247
v 0.000000 0.184687 -0.034957
v -0.026471 0.184806 -0.026471
v -0.034957 0.184687 -0.000000
v -0.026471 0.184806 0.026471
v 0.000000 0.184687 0.034957
v 0.026471 0.184806 0.026471
v -0.006281 0.177702 0.042157
v 0.019271 0.127565 0.057233
v 0.019271 0.129024 0.061444
v -0.006281 0.177740 0.042266
v 0.001569 0.182621 0.040453
v 0.039820 0.140442 0.052771
v 0.019271 0.127565 0.057233
v -0.006281 0.177702 0.042157
v 0.001569 0.182659 0.040561
v 0.039820 0.141901 0.056982
v 0.039820 0.140442 0.052771
v 0.001569 0.182621 0.040453
v -0.006281 0.177740 0.042266
v 0.019271 0.129024 0.061444
v 0.039820 0.141901 0.056982
v 0.001569 0.182659 0.040561
v 0.028535 0.004828 0.000000
v 0.028535 0.003820 -0.016656
v 0.041805 0.003708 -0.013271
v 0.045191 0.003820 -0.000000
v 0.011879 0.003820 0.000000
v 0.015264 0.003708 -0.013270
v 0.015264 0.003708 0.013271
v 0.028535 0.003820 0.016656
v 0.041805 0.003708 0.013271
v 0.000000 0.184687 0.034957
v 0.026471 0.184806 0.026471
v 0.034957 0.184687 0.000000
v 0.000000 0.186752 0.000000
v 0.026471 0.184806 -0.026471
v 0.000000 0.184687 -0.034957
v -0.034957 0.184687 -0.000000
v -0.026471 0.184806 -0.026471
v -0.026471 0.184806 0.026471
v -0.028535 0.004828 0.000000
v -0.045191 0.003820 0.000000
v -0.041805 0.003708 -0.013271
v -0.028535 0.003820 -0.016656
v -0.028535 0.003820 0.016656
v -0.041805 0.003708 0.013271
v -0.015264 0.003708 0.013271
v -0.011879 0.003820 0.000000
v -0.015264 0.003708 -0.013270
v -0.028535 0.072782 -0.021609
v -0.028535 0.003820 -0.016656
v -0.041805 0.003708 -0.013271
v -0.045850 0.072810 -0.017316
v -0.045191 0.003820 0.000000
v -0.050143 0.072782 -0.000000
v -0.041805 0.003708 0.013271
v -0.045850 0.072810 0.017315
v -0.028535 0.003820 0.016656
v -0.028535 0.072782 0.021609
v -0.015264 0.003708 0.013271
v -0.011219 0.072810 0.017315
v -0.011879 0.003820 0.000000
v -0.006926 0.072782 -0.000000
v -0.015264 0.003708 -0.013270
v -0.011219 0.072810 -0.017315
v -0.028535 0.003820 -0.016656
v -0.028535 0.072782 -0.021609
v -0.047998 0.072536 -0.019463
v -0.028535 0.072536 -0.024649
v -0.028535 0.072782 -0.021609
v -0.045850 0.072810 -0.017316
v -0.053183 0.072535 -0.000000
v -0.050143 0.072782 -0.000000
v -0.047998 0.072536 0.019463
v -0.045850 0.072810 0.017315
v -0.028535 0.072536 0.024649
v -0.028535 0.072782 0.021609
v -0.009071 0.072536 0.019463
v -0.011219 0.072810 0.017315
v -0.003886 0.072536 0.000000
v -0.006926 0.072782 -0.000000
v -0.009071 0.072536 -0.019463
v -0.011219 0.072810 -0.017315
v -0.028535 0.072536 -0.024649
v -0.028535 0.072782 -0.021609
v 0.009071 0.072536 -0.019463
v 0.028535 0.072536 -0.024649
v 0.028535 0.072782 -0.021609
v 0.011219 0.072810 -0.017315
v 0.003886 0.072536 0.000000
v 0.006926 0.072782 0.000000
v 0.009071 0.072536 0.019463
v 0.011219 0.072810 0.017315
v 0.028535 0.072536 0.024649
v 0.028535 0.072782 0.021609
v 0.047998 0.072536 0.019463
v 0.045850 0.072810 0.017316
v 0.053183 0.072536 0.000000
v 0.050143 0.072782 0.000000
v 0.047998 0.072536 -0.019463
v 0.045850 0.072810 -0.017315
v 0.028535 0.072536 -0.024649
v 0.028535 0.072782 -0.021609
v 0.011219 0.072810 -0.017315
v 0.028535 0.072782 -0.021609
v 0.028535 0.003820 -0.016656
v 0.015264 0.003708 -0.013270
v 0.006926 0.072782 0.000000
v 0.011879 0.003820 0.000000
v 0.011219 0.072810 0.017315
v 0.015264 0.003708 0.013271
v 0.028535 0.072782 0.021609
v 0.028535 0.003820 0.016656
v 0.045850 0.072810 0.017316
v 0.041805 0.003708 0.013271
v 0.050143 0.072782 0.000000
v 0.045191 0.003820 -0.000000
v 0.045850 0.072810 -0.017315
v 0.041805 0.003708 -0.013271
v 0.028535 0.072782 -0.021609
v 0.028535 0.003820 -0.016656
v -0.006281 0.177740 0.042266
v 0.001569 0.182659 0.040561
v 0.001569 0.182621 0.040453
v -0.006281 0.177702 0.042157
v -0.068107 0.233019 -0.000003
v -0.053762 0.211577 -0.000003
v -0.050470 0.214276 0.025910
v -0.063460 0.234413 0.027270
v -0.044036 0.219600 0.042111
v -0.071856 0.264202 -0.000004
v -0.065140 0.295965 -0.000004
v -0.066984 0.264045 0.028041
v -0.050049 0.236010 0.047101
v -0.026291 0.214171 0.047541
v -0.028173 0.204397 0.027546
v -0.029709 0.201228 -0.000003
v 0.000000 0.201210 0.028810
v 0.000000 0.198533 -0.000003
v 0.028174 0.204397 0.027546
v 0.029710 0.201228 -0.000003
v 0.050470 0.214276 0.025910
v 0.053763 0.211577 -0.000002
v 0.063461 0.234413 0.027270
v 0.068107 0.233019 -0.000003
v 0.066985 0.264045 0.028041
v -0.052479 0.263865 0.048725
v -0.027871 0.234223 0.057633
v 0.000000 0.211436 0.050194
v 0.026291 0.214171 0.047542
v 0.044036 0.219599 0.042111
v 0.050050 0.236010 0.047102
v 0.052480 0.263865 0.048725
v 0.048156 0.292393 0.045092
v 0.060866 0.294311 0.026053
v 0.041106 0.310809 0.039235
v 0.046528 0.316964 0.023872
v 0.024229 0.317084 0.043957
v 0.028896 0.264045 0.059404
v 0.027871 0.234223 0.057633
v 0.026728 0.294504 0.055030
v 0.025137 0.329793 0.024809
v 0.000000 0.320202 0.046261
v 0.000001 0.334058 0.025808
v -0.024229 0.317084 0.043957
v -0.025136 0.329793 0.024809
v -0.041105 0.310809 0.039235
v -0.046527 0.316964 0.023871
v -0.048156 0.292393 0.045092
v -0.060865 0.294311 0.026053
v -0.028895 0.264045 0.059404
v 0.000000 0.232781 0.060875
v 0.000000 0.296207 0.058020
v 0.000000 0.264202 0.062158
v -0.026727 0.294504 0.055030
v 0.071857 0.264202 -0.000003
v 0.065141 0.295965 -0.000003
v 0.049242 0.320038 -0.000002
v 0.026182 0.334032 -0.000002
v 0.000001 0.338556 -0.000002
v -0.026181 0.334032 -0.000002
v -0.049241 0.320038 -0.000002
v 0.063441 0.234431 -0.027668
v 0.050458 0.214290 -0.026207
v 0.043955 0.219684 -0.043953
v -0.049241 0.320038 -0.000002
v -0.046514 0.316947 -0.024151
v -0.065140 0.295965 -0.000004
v -0.025125 0.329773 -0.025125
v -0.026181 0.334032 -0.000002
v 0.000001 0.334032 -0.026181
v 0.000001 0.338556 -0.000002
v 0.025126 0.329773 -0.025124
v 0.026182 0.334032 -0.000002
v 0.046516 0.316947 -0.024151
v 0.049242 0.320038 -0.000002
v 0.060846 0.294296 -0.026532
v 0.065141 0.295965 -0.000003
v 0.066956 0.264048 -0.028661
v 0.071857 0.264202 -0.000003
v 0.049910 0.236103 -0.049909
v 0.026208 0.214290 -0.050457
v 0.000001 0.320038 -0.049241
v 0.024153 0.316947 -0.046514
v 0.041021 0.310716 -0.041019
v 0.048021 0.292304 -0.048019
v 0.052313 0.263870 -0.052311
v 0.027670 0.234431 -0.063440
v 0.000000 0.211577 -0.053761
v 0.000001 0.233020 -0.068106
v -0.026207 0.214290 -0.050457
v -0.027669 0.234431 -0.063440
v -0.043954 0.219684 -0.043954
v -0.049909 0.236103 -0.049909
v 0.000001 0.295965 -0.065140
v -0.026533 0.294296 -0.060845
v -0.028662 0.264048 -0.066955
v 0.000001 0.264203 -0.071856
v 0.028663 0.264048 -0.066955
v 0.026534 0.294296 -0.060844
v -0.024151 0.316947 -0.046514
v -0.052312 0.263870 -0.052312
v -0.048020 0.292304 -0.048020
v -0.041019 0.310716 -0.041019
v 0.028160 0.204409 -0.028159
v 0.000000 0.201227 -0.029708
v -0.028159 0.204409 -0.028159
v -0.050457 0.214290 -0.026208
v -0.063440 0.234431 -0.027669
v -0.066955 0.264048 -0.028662
v -0.060845 0.294296 -0.026533
v 0.068107 0.233019 -0.000003
v 0.053763 0.211577 -0.000002
v 0.029710 0.201228 -0.000003
v 0.000000 0.198533 -0.000003
v -0.029709 0.201228 -0.000003
v -0.053762 0.211577 -0.000003
v -0.068107 0.233019 -0.000003
v -0.071856 0.264202 -0.000004
vn 0.5527 -0.7874 0.2729
vn -0.0132 -0.9978 0.0647
vn 0.0061 -1.0000 -0.0061
vn -0.0647 -0.9978 0.0132
vn -0.0000 -1.0000 -0.0000
vn -0.0515 -0.9973 -0.0515
vn 0.0515 -0.9973 0.0515
vn 0.0647 -0.9978 -0.0132
vn 0.0132 -0.9978 -0.0647
vn -0.0061 -1.0000 0.0061
vn -0.0001 0.2256 -0.9742
vn 0.6865 0.2402 -0.6863
vn -0.0007 0.2059 -0.9786
vn -0.9786 0.2059 0.0008
vn -0.9785 0.2060 0.0011
vn -0.6912 0.2158 0.6897
vn -0.6907 0.2177 0.6896
vn -0.9742 0.2256 0.0002
vn -0.6865 0.2402 0.6863
vn 0.0008 0.2059 0.9786
vn 0.0002 0.2256 0.9742
vn 0.6896 0.2177 0.6907
vn 0.6863 0.2402 0.6865
vn 0.9786 0.2059 -0.0008
vn 0.9742 0.2256 -0.0002
vn 0.6907 0.2177 -0.6896
vn -0.0011 0.2060 -0.9785
vn 0.6912 0.2158 -0.6897
vn 0.9785 0.2060 -0.0011
vn 0.6897 0.2158 0.6912
vn 0.0011 0.2060 0.9785
vn -0.6896 0.2177 -0.6907
vn -0.6897 0.2158 -0.6912
vn -0.6863 0.2402 -0.6865
vn -0.6827 0.2613 -0.6824
vn -0.9698 0.2437 -0.0002
vn -0.6824 0.2613 0.6827
vn -0.0002 0.2437 0.9698
vn 0.6827 0.2613 0.6824
vn 0.9698 0.2437 0.0002
vn 0.6824 0.2613 -0.6827
vn 0.0002 0.2437 -0.9698
vn 0.9707 0.2401 0.0010
vn 0.6824 0.2584 -0.6838
vn 0.0010 0.2401 -0.9707
vn -0.0008 0.2059 -0.9786
vn -0.0012 0.2060 -0.9785
vn -0.0003 0.2256 -0.9742
vn 0.0009 0.2401 -0.9707
vn -0.6838 0.2584 -0.6824
vn -0.9707 0.2401 -0.0010
vn -0.6824 0.2584 0.6838
vn -0.0010 0.2401 0.9707
vn 0.6838 0.2584 0.6824
vn -0.8985 -0.4149 0.1433
vn -0.8985 -0.4147 0.1437
vn -0.8985 -0.4145 0.1442
vn -0.0208 -0.2976 -0.9545
vn 0.7537 0.6208 -0.2157
vn 0.7539 0.6208 -0.2151
vn 0.7538 0.6210 -0.2150
vn -0.0208 0.3568 0.9340
vn 0.0083 -0.9987 0.0504
vn -0.0421 -0.9982 0.0421
vn -0.0504 -0.9987 -0.0083
vn 0.0504 -0.9987 0.0083
vn 0.0114 -0.9999 0.0114
vn 0.0421 -0.9982 -0.0421
vn -0.0083 -0.9987 -0.0504
vn -0.0114 -0.9999 -0.0114
vn 0.0099 0.9989 0.0466
vn -0.0066 1.0000 -0.0066
vn 0.0466 0.9989 0.0099
vn -0.0000 1.0000 -0.0000
vn 0.0367 0.9987 -0.0367
vn -0.0099 0.9989 -0.0466
vn -0.0466 0.9989 -0.0099
vn 0.0066 1.0000 0.0066
vn -0.0367 0.9987 0.0367
vn 0.0504 -0.9987 -0.0083
vn 0.0421 -0.9982 0.0421
vn -0.0083 -0.9987 0.0504
vn 0.0083 -0.9987 -0.0504
vn 0.0114 -0.9999 -0.0114
vn -0.0421 -0.9982 -0.0421
vn -0.0504 -0.9987 0.0083
vn -0.0114 -0.9999 0.0114
vn -0.0004 -0.0722 -0.9974
vn -0.0005 -0.0723 -0.9974
vn -0.7044 -0.0817 -0.7051
vn -0.7045 -0.0819 -0.7050
vn -0.9974 -0.0723 0.0005
vn -0.9974 -0.0722 0.0004
vn -0.7051 -0.0817 0.7044
vn -0.7050 -0.0819 0.7045
vn 0.0005 -0.0723 0.9974
vn 0.0004 -0.0722 0.9974
vn 0.7044 -0.0817 0.7051
vn 0.7045 -0.0819 0.7050
vn 0.9974 -0.0723 -0.0005
vn 0.9974 -0.0722 -0.0004
vn 0.7051 -0.0817 -0.7044
vn 0.7050 -0.0819 -0.7045
vn -0.0004 -0.0723 -0.9974
vn -0.0003 -0.0722 -0.9974
vn 0.0621 -0.9961 0.0634
vn 0.0011 -0.9967 0.0818
vn 0.0017 -0.9967 0.0815
vn 0.0615 -0.9960 0.0647
vn 0.0818 -0.9967 -0.0011
vn 0.0815 -0.9967 -0.0017
vn 0.0634 -0.9961 -0.0621
vn 0.0647 -0.9960 -0.0615
vn -0.0011 -0.9967 -0.0818
vn -0.0017 -0.9967 -0.0815
vn -0.0621 -0.9961 -0.0634
vn -0.0615 -0.9960 -0.0647
vn -0.0818 -0.9967 0.0011
vn -0.0815 -0.9967 0.0017
vn -0.0634 -0.9961 0.0621
vn -0.0647 -0.9960 0.0615
vn -0.0817 -0.9967 0.0011
vn 0.0016 -0.9967 0.0815
vn -0.7050 -0.0819 -0.7045
vn 0.0003 -0.0722 -0.9974
vn 0.0004 -0.0723 -0.9974
vn -0.7051 -0.0817 -0.7044
vn -0.9974 -0.0722 -0.0004
vn -0.9974 -0.0723 -0.0005
vn -0.7045 -0.0819 0.7050
vn -0.7044 -0.0817 0.7051
vn -0.0004 -0.0722 0.9974
vn -0.0005 -0.0723 0.9974
vn 0.7050 -0.0819 0.7045
vn 0.7051 -0.0817 0.7044
vn 0.9974 -0.0722 0.0004
vn 0.9974 -0.0723 0.0005
vn 0.7045 -0.0819 -0.7050
vn 0.7044 -0.0817 -0.7051
vn 0.0004 -0.0722 -0.9974
vn 0.0005 -0.0723 -0.9974
vn -0.5526 0.7872 -0.2736
vn -0.5528 0.7875 -0.2725
vn -0.5529 0.7872 -0.2731
vn -0.5527 0.7875 -0.2728
vn -0.9384 -0.3456 0.0005
vn -0.6458 -0.7635 -0.0026
vn -0.6208 -0.7248 0.2989
vn -0.8790 -0.3166 0.3565
vn -0.5188 -0.5925 0.6163
vn -0.9990 0.0441 0.0014
vn -0.9229 0.3850 0.0014
vn -0.9244 0.0445 0.3788
vn -0.6272 -0.2583 0.7348
vn -0.2660 -0.6824 0.6809
vn -0.2629 -0.9218 0.2850
vn -0.2538 -0.9672 -0.0047
vn 0.0056 -0.9621 0.2726
vn -0.0000 -1.0000 0.0011
vn 0.2584 -0.9245 0.2803
vn 0.2537 -0.9673 0.0068
vn 0.6245 -0.7194 0.3040
vn 0.6459 -0.7634 0.0039
vn 0.8740 -0.3228 0.3631
vn 0.9384 -0.3455 0.0012
vn 0.9243 0.0435 0.3791
vn -0.6442 0.0480 0.7634
vn -0.2765 -0.2607 0.9250
vn 0.0036 -0.7130 0.7012
vn 0.2560 -0.6869 0.6801
vn 0.5485 -0.5858 0.5967
vn 0.6336 -0.2597 0.7288
vn 0.6442 0.0408 0.7638
vn 0.6170 0.3096 0.7235
vn 0.8632 0.3595 0.3544
vn 0.5308 0.5746 0.6229
vn 0.6529 0.6872 0.3185
vn 0.2861 0.6407 0.7125
vn 0.2648 0.0389 0.9635
vn 0.2709 -0.2525 0.9289
vn 0.2747 0.3026 0.9127
vn 0.3305 0.8747 0.3545
vn -0.0012 0.6616 0.7499
vn -0.0001 0.9284 0.3716
vn -0.2750 0.6389 0.7185
vn -0.3268 0.8780 0.3498
vn -0.5630 0.5563 0.6112
vn -0.6617 0.6785 0.3191
vn -0.6210 0.3115 0.7192
vn -0.8584 0.3653 0.3601
vn -0.2646 0.0499 0.9631
vn 0.0041 -0.2562 0.9666
vn -0.0044 0.2950 0.9555
vn -0.0000 0.0439 0.9990
vn -0.2699 0.2959 0.9163
vn 0.9990 0.0439 0.0011
vn 0.9229 0.3850 0.0008
vn 0.6933 0.7207 -0.0002
vn 0.3491 0.9371 -0.0000
vn -0.0000 1.0000 0.0007
vn -0.3491 0.9371 0.0013
vn -0.6934 0.7206 0.0014
vn 0.8856 -0.3212 -0.3355
vn 0.6251 -0.7272 -0.2836
vn 0.5445 -0.6134 -0.5721
vn -0.6934 0.7206 0.0013
vn -0.6571 0.6905 -0.3025
vn -0.9229 0.3850 0.0013
vn -0.3338 0.8816 -0.3338
vn -0.3491 0.9371 0.0012
vn 0.0006 0.9371 -0.3491
vn -0.0000 1.0000 0.0006
vn 0.3301 0.8844 -0.3301
vn 0.6642 0.6835 -0.3028
vn 0.8660 0.3696 -0.3368
vn 0.9229 0.3850 0.0007
vn 0.9345 0.0430 -0.3534
vn 0.9990 0.0439 0.0010
vn 0.6729 -0.2873 -0.6817
vn 0.2910 -0.7209 -0.6290
vn -0.0004 0.7207 -0.6933
vn 0.2973 0.6889 -0.6611
vn 0.5853 0.5867 -0.5597
vn 0.6691 0.3377 -0.6621
vn 0.7066 0.0428 -0.7063
vn 0.3405 -0.3278 -0.8813
vn -0.0016 -0.7634 -0.6459
vn 0.0003 -0.3456 -0.9384
vn -0.2803 -0.7299 -0.6234
vn -0.3355 -0.3212 -0.8856
vn -0.5726 -0.6124 -0.5450
vn -0.6817 -0.2873 -0.6729
vn -0.0002 0.3851 -0.9229
vn -0.3367 0.3696 -0.8660
vn -0.3534 0.0430 -0.9345
vn -0.0002 0.0439 -0.9990
vn 0.3534 0.0438 -0.9344
vn 0.3324 0.3641 -0.8700
vn -0.3080 0.6851 -0.6601
vn -0.7063 0.0428 -0.7066
vn -0.6621 0.3377 -0.6691
vn -0.5537 0.5981 -0.5794
vn 0.2665 -0.9262 -0.2665
vn -0.0059 -0.9672 -0.2539
vn -0.2626 -0.9285 -0.2626
vn -0.6273 -0.7236 -0.2878
vn -0.8813 -0.3278 -0.3405
vn -0.9344 0.0438 -0.3534
vn -0.8700 0.3641 -0.3324
vn 0.9384 -0.3455 0.0011
vn 0.2537 -0.9673 0.0067
vn -0.0000 -1.0000 0.0010
vn -0.2538 -0.9672 -0.0048
vn -0.6458 -0.7635 -0.0027
vn -0.9384 -0.3455 0.0004
vn -0.9990 0.0441 0.0013
vt 0.705545 0.422585
vt 0.774688 0.436541
vt 0.778631 0.417006
vt 0.709488 0.403049
vt 0.880891 0.000223
vt 0.778005 0.000223
vt 0.717922 0.083743
vt 0.841167 0.123468
vt 0.717922 0.186630
vt 0.964411 0.060306
vt 0.964411 0.163193
vt 0.801442 0.246713
vt 0.904328 0.246713
vt 0.095383 0.314148
vt 0.145927 0.380889
vt 0.144061 0.272937
vt 0.238099 0.798339
vt 0.297135 0.820112
vt 0.325992 0.720117
vt 0.264445 0.709084
vt 0.179780 0.776662
vt 0.203429 0.698100
vt 0.270800 0.616371
vt 0.208765 0.616371
vt 0.264444 0.523657
vt 0.203429 0.534641
vt 0.238098 0.434402
vt 0.179780 0.456080
vt 0.199879 0.349241
vt 0.193403 0.232964
vt 0.254304 0.317775
vt 0.297135 0.412629
vt 0.325992 0.512624
vt 0.333641 0.616371
vt 0.199879 0.883500
vt 0.254304 0.914966
vt 0.145927 0.851852
vt 0.091538 0.819200
vt 0.121121 0.754620
vt 0.141508 0.686877
vt 0.146281 0.616371
vt 0.141508 0.545864
vt 0.121121 0.478121
vt 0.091538 0.413541
vt 0.047609 0.357055
vt 0.061512 0.500688
vt 0.036673 0.447042
vt 0.000223 0.400534
vt 0.144061 0.959804
vt 0.193403 0.999777
vt 0.095383 0.918594
vt 0.047609 0.875686
vt 0.000223 0.832208
vt 0.036673 0.785699
vt 0.061511 0.732053
vt 0.078418 0.675375
vt 0.082612 0.616371
vt 0.078418 0.557366
vt 0.789640 0.263945
vt 0.798548 0.417721
vt 0.798548 0.264265
vt 0.758714 0.257702
vt 0.750379 0.254542
vt 0.690853 0.395983
vt 0.725462 0.581889
vt 0.694536 0.575646
vt 0.234803 0.099482
vt 0.187028 0.112210
vt 0.187028 0.071808
vt 0.222075 0.051706
vt 0.247532 0.147257
vt 0.207129 0.147257
vt 0.282579 0.127155
vt 0.282579 0.086753
vt 0.262477 0.051706
vt 0.092672 0.232518
vt 0.140075 0.198447
vt 0.140075 0.140069
vt 0.070149 0.162592
vt 0.106004 0.092666
vt 0.047626 0.092666
vt 0.000223 0.185115
vt 0.000223 0.126737
vt 0.034295 0.232518
vt 0.533333 0.565088
vt 0.354240 0.613434
vt 0.363957 0.652650
vt 0.545992 0.616177
vt 0.370099 0.692584
vt 0.553993 0.668199
vt 0.374576 0.732737
vt 0.559826 0.720509
vt 0.375416 0.773131
vt 0.560920 0.773131
vt 0.374576 0.813525
vt 0.559826 0.825754
vt 0.370099 0.853679
vt 0.553993 0.878063
vt 0.363957 0.893612
vt 0.545992 0.930086
vt 0.354240 0.932829
vt 0.533333 0.981175
vt 0.692772 0.584384
vt 0.723698 0.590626
vt 0.593920 0.752008
vt 0.593920 0.818833
vt 0.650054 0.810656
vt 0.654884 0.765218
vt 0.682211 0.806976
vt 0.627202 0.675355
vt 0.694583 0.622298
vt 0.681343 0.716674
vt 0.693807 0.779803
vt 0.702918 0.829692
vt 0.670889 0.852205
vt 0.616622 0.882832
vt 0.708577 0.888576
vt 0.667687 0.942806
vt 0.753911 0.914804
vt 0.739393 0.975403
vt 0.799589 0.923406
vt 0.807168 0.979624
vt 0.841944 0.906263
vt 0.871415 0.961242
vt 0.881337 0.867472
vt 0.716648 0.743495
vt 0.723744 0.802033
vt 0.733446 0.855593
vt 0.766745 0.877818
vt 0.794281 0.891478
vt 0.817216 0.872854
vt 0.845840 0.840907
vt 0.870251 0.802648
vt 0.909136 0.816726
vt 0.883517 0.771289
vt 0.915304 0.765090
vt 0.863598 0.747515
vt 0.815181 0.816993
vt 0.787608 0.850187
vt 0.840703 0.779699
vt 0.895519 0.720588
vt 0.835057 0.720831
vt 0.860809 0.686678
vt 0.801552 0.700732
vt 0.818659 0.662635
vt 0.773216 0.688121
vt 0.770432 0.655855
vt 0.746716 0.709502
vt 0.722485 0.675989
vt 0.748073 0.766393
vt 0.754771 0.827311
vt 0.810134 0.753886
vt 0.781924 0.791298
vt 0.776908 0.731597
vt 0.935956 0.908158
vt 0.968431 0.828782
vt 0.967724 0.755177
vt 0.944515 0.690299
vt 0.898630 0.636518
vt 0.834303 0.607197
vt 0.765543 0.602731
vt 0.621853 0.274448
vt 0.626882 0.227970
vt 0.592174 0.232037
vt 0.302484 0.284775
vt 0.356497 0.274493
vt 0.301533 0.209479
vt 0.376783 0.319697
vt 0.326221 0.351043
vt 0.412042 0.354566
vt 0.373089 0.406267
vt 0.455283 0.378841
vt 0.439098 0.436086
vt 0.504329 0.385872
vt 0.509343 0.440626
vt 0.553154 0.365179
vt 0.581980 0.420773
vt 0.594815 0.323750
vt 0.651013 0.366584
vt 0.579550 0.259186
vt 0.570390 0.209789
vt 0.440804 0.316391
vt 0.472976 0.337759
vt 0.501312 0.351192
vt 0.527398 0.328599
vt 0.556394 0.294573
vt 0.547913 0.237502
vt 0.539877 0.184892
vt 0.518064 0.213845
vt 0.507531 0.162429
vt 0.487092 0.191678
vt 0.480138 0.147627
vt 0.457523 0.167249
vt 0.466087 0.282833
vt 0.436448 0.258773
vt 0.461312 0.223517
vt 0.492659 0.247564
vt 0.524419 0.271063
vt 0.497388 0.304687
vt 0.411391 0.291360
vt 0.429896 0.199266
vt 0.405186 0.236522
vt 0.390664 0.267828
vt 0.605299 0.185657
vt 0.566877 0.149056
vt 0.521099 0.122218
vt 0.474474 0.113143
vt 0.431186 0.130796
vt 0.391253 0.170383
vt 0.362922 0.221854
vt 0.684921 0.288056
vt 0.684921 0.219571
vt 0.661833 0.153866
vt 0.609655 0.092277
vt 0.536065 0.059110
vt 0.466540 0.055038
vt 0.400712 0.073927
vt 0.334582 0.128178
s 0
usemtl chip_body
f 2381/1669/1403 2382/1670/1403 2383/1671/1403
f 2384/1672/1403 2381/1669/1403 2383/1671/1403
s 1
f 2385/1673/1404 2386/1674/1405 2387/1675/1406
f 2388/1676/1407 2385/1673/1404 2387/1675/1406
f 2388/1676/1407 2387/1675/1406 2389/1677/1408
f 2390/1678/1409 2385/1673/1404 2388/1676/1407
f 2391/1679/1410 2390/1678/1409 2388/1676/1407
f 2391/1679/1410 2388/1676/1407 2392/1680/1411
f 2392/1680/1411 2388/1676/1407 2389/1677/1408
f 2393/1681/1412 2391/1679/1410 2392/1680/1411
f 2394/1682/1413 2395/1683/1414 2396/1684/1415
f 2397/1685/1416 2398/1686/1417 2399/1687/1418
f 2400/1688/1419 2397/1685/1416 2399/1687/1418
f 2401/1689/1420 2397/1685/1416 2400/1688/1419
f 2402/1690/1421 2401/1689/1420 2400/1688/1419
f 2402/1690/1421 2400/1688/1419 2403/1691/1422
f 2404/1692/1423 2402/1690/1421 2403/1691/1422
f 2404/1692/1423 2403/1691/1422 2405/1693/1424
f 2406/1694/1425 2404/1692/1423 2405/1693/1424
f 2406/1694/1425 2405/1693/1424 2407/1695/1426
f 2408/1696/1427 2406/1694/1425 2407/1695/1426
f 2408/1696/1427 2407/1695/1426 2409/1697/1428
f 2395/1683/1414 2408/1696/1427 2409/1697/1428
f 2395/1683/1414 2409/1697/1428 2396/1684/1415
f 2396/1684/1415 2409/1697/1428 2410/1698/1429
f 2409/1697/1428 2407/1695/1426 2411/1699/1430
f 2409/1697/1428 2411/1699/1430 2410/1698/1429
f 2407/1695/1426 2405/1693/1424 2412/1700/1431
f 2407/1695/1426 2412/1700/1431 2411/1699/1430
f 2405/1693/1424 2403/1691/1422 2413/1701/1432
f 2405/1693/1424 2413/1701/1432 2412/1700/1431
f 2403/1691/1422 2414/1702/1433 2413/1701/1432
f 2403/1691/1422 2400/1688/1419 2414/1702/1433
f 2400/1688/1419 2399/1687/1418 2414/1702/1433
f 2397/1685/1416 2415/1703/1434 2398/1686/1417
f 2415/1703/1434 2416/1704/1435 2398/1686/1417
f 2401/1689/1420 2417/1705/1436 2397/1685/1416
f 2417/1705/1436 2415/1703/1434 2397/1685/1416
f 2418/1706/1437 2417/1705/1436 2401/1689/1420
f 2419/1707/1438 2401/1689/1420 2402/1690/1421
f 2419/1707/1438 2418/1706/1437 2401/1689/1420
f 2420/1708/1439 2402/1690/1421 2404/1692/1423
f 2420/1708/1439 2419/1707/1438 2402/1690/1421
f 2421/1709/1440 2404/1692/1423 2406/1694/1425
f 2421/1709/1440 2420/1708/1439 2404/1692/1423
f 2422/1710/1441 2406/1694/1425 2408/1696/1427
f 2422/1710/1441 2421/1709/1440 2406/1694/1425
f 2423/1711/1442 2408/1696/1427 2395/1683/1414
f 2423/1711/1442 2422/1710/1441 2408/1696/1427
f 2424/1712/1443 2395/1683/1414 2394/1682/1413
f 2424/1712/1443 2423/1711/1442 2395/1683/1414
f 2425/1713/1444 2424/1712/1443 2394/1682/1413
f 2426/1714/1445 2423/1711/1442 2424/1712/1443
f 2427/1715/1446 2426/1714/1445 2424/1712/1443
f 2427/1715/1446 2424/1712/1443 2425/1713/1444
f 2428/1716/1447 2427/1715/1446 2425/1713/1444
f 2415/1703/1434 2429/1717/1448 2416/1704/1435
f 2429/1717/1448 2430/1718/1449 2416/1704/1435
f 2417/1705/1436 2431/1719/1450 2415/1703/1434
f 2431/1719/1450 2429/1717/1448 2415/1703/1434
f 2432/1720/1444 2431/1719/1450 2417/1705/1436
f 2418/1706/1437 2432/1720/1444 2417/1705/1436
f 2433/1721/1451 2432/1720/1444 2418/1706/1437
f 2434/1722/1452 2433/1721/1451 2418/1706/1437
f 2434/1722/1452 2418/1706/1437 2419/1707/1438
f 2435/1723/1453 2419/1707/1438 2420/1708/1439
f 2435/1723/1453 2434/1722/1452 2419/1707/1438
f 2436/1724/1454 2435/1723/1453 2420/1708/1439
f 2436/1724/1454 2420/1708/1439 2421/1709/1440
f 2437/1725/1455 2421/1709/1440 2422/1710/1441
f 2437/1725/1455 2436/1724/1454 2421/1709/1440
f 2438/1726/1456 2422/1710/1441 2423/1711/1442
f 2426/1714/1445 2438/1726/1456 2423/1711/1442
f 2438/1726/1456 2437/1725/1455 2422/1710/1441
f 2439/1727/1457 2440/1671/1458 2441/1728/1458
f 2442/1729/1459 2439/1727/1457 2441/1728/1458
s 0
f 2443/1730/1460 2444/1672/1460 2445/1671/1460
f 2446/1727/1460 2443/1730/1460 2445/1671/1460
s 1
f 2447/1731/1461 2448/1732/1462 2449/1672/1462
f 2450/1730/1463 2447/1731/1461 2449/1672/1462
s 0
f 2451/1733/1464 2452/1670/1464 2453/1669/1464
f 2454/1734/1464 2451/1733/1464 2453/1669/1464
s 1
f 2455/1735/1407 2456/1736/1465 2457/1737/1466
f 2458/1738/1467 2455/1735/1407 2457/1737/1466
f 2455/1735/1407 2459/1739/1468 2456/1736/1465
f 2459/1739/1468 2460/1740/1469 2456/1736/1465
f 2461/1741/1470 2459/1739/1468 2455/1735/1407
f 2462/1742/1471 2455/1735/1407 2458/1738/1467
f 2462/1742/1471 2461/1741/1470 2455/1735/1407
f 2463/1743/1472 2462/1742/1471 2458/1738/1467
f 2464/1744/1473 2465/1745/1474 2466/1746/1475
f 2467/1747/1476 2464/1744/1473 2466/1746/1475
f 2467/1747/1476 2466/1746/1475 2468/1748/1477
f 2469/1749/1478 2467/1747/1476 2468/1748/1477
f 2470/1750/1479 2467/1747/1476 2469/1749/1478
f 2471/1751/1480 2470/1750/1479 2469/1749/1478
f 2470/1750/1479 2472/1752/1481 2467/1747/1476
f 2472/1752/1481 2464/1744/1473 2467/1747/1476
f 2473/1735/1407 2474/1738/1482 2475/1737/1483
f 2476/1736/1484 2473/1735/1407 2475/1737/1483
f 2473/1735/1407 2477/1742/1485 2474/1738/1482
f 2477/1742/1485 2478/1743/1486 2474/1738/1482
f 2479/1741/1487 2477/1742/1485 2473/1735/1407
f 2480/1739/1488 2473/1735/1407 2476/1736/1484
f 2480/1739/1488 2479/1741/1487 2473/1735/1407
f 2481/1740/1489 2480/1739/1488 2476/1736/1484
f 2482/1753/1490 2483/1754/1491 2484/1755/1492
f 2485/1756/1493 2482/1753/1490 2484/1755/1492
f 2485/1756/1493 2484/1755/1492 2486/1757/1494
f 2487/1758/1495 2485/1756/1493 2486/1757/1494
f 2487/1758/1495 2486/1757/1494 2488/1759/1496
f 2489/1760/1497 2487/1758/1495 2488/1759/1496
f 2489/1760/1497 2488/1759/1496 2490/1761/1498
f 2491/1762/1499 2489/1760/1497 2490/1761/1498
f 2491/1762/1499 2490/1761/1498 2492/1763/1500
f 2493/1764/1501 2491/1762/1499 2492/1763/1500
f 2493/1764/1501 2492/1763/1500 2494/1765/1502
f 2495/1766/1503 2493/1764/1501 2494/1765/1502
f 2495/1766/1503 2494/1765/1502 2496/1767/1504
f 2497/1768/1505 2495/1766/1503 2496/1767/1504
f 2497/1768/1505 2496/1767/1504 2498/1769/1506
f 2499/1770/1507 2497/1768/1505 2498/1769/1506
f 2500/1756/1508 2501/1753/1509 2502/1753/1510
f 2503/1756/1511 2500/1756/1508 2502/1753/1510
f 2504/1758/1512 2500/1756/1508 2503/1756/1511
f 2505/1758/1513 2504/1758/1512 2503/1756/1511
f 2506/1760/1514 2504/1758/1512 2505/1758/1513
f 2507/1760/1515 2506/1760/1514 2505/1758/1513
f 2508/1762/1516 2506/1760/1514 2507/1760/1515
f 2509/1762/1517 2508/1762/1516 2507/1760/1515
f 2510/1764/1518 2508/1762/1516 2509/1762/1517
f 2511/1764/1519 2510/1764/1518 2509/1762/1517
f 2512/1766/1520 2510/1764/1518 2511/1764/1519
f 2513/1766/1521 2512/1766/1520 2511/1764/1519
f 2514/1768/1522 2512/1766/1520 2513/1766/1521
f 2515/1768/1523 2514/1768/1522 2513/1766/1521
f 2516/1770/1509 2514/1768/1522 2515/1768/1523
f 2517/1770/1510 2516/1770/1509 2515/1768/1523
f 2518/1768/1508 2519/1770/1509 2520/1770/1510
f 2521/1768/1511 2518/1768/1508 2520/1770/1510
f 2522/1766/1512 2518/1768/1508 2521/1768/1511
f 2523/1766/1513 2522/1766/1512 2521/1768/1511
f 2524/1764/1514 2522/1766/1512 2523/1766/1513
f 2525/1764/1515 2524/1764/1514 2523/1766/1513
f 2526/1762/1516 2524/1764/1514 2525/1764/1515
f 2527/1762/1517 2526/1762/1516 2525/1764/1515
f 2528/1760/1518 2526/1762/1516 2527/1762/1517
f 2529/1760/1519 2528/1760/1518 2527/1762/1517
f 2530/1758/1524 2528/1760/1518 2529/1760/1519
f 2531/1758/1521 2530/1758/1524 2529/1760/1519
f 2532/1756/1522 2530/1758/1524 2531/1758/1521
f 2533/1756/1523 2532/1756/1522 2531/1758/1521
f 2534/1753/1509 2532/1756/1522 2533/1756/1523
f 2535/1753/1525 2534/1753/1509 2533/1756/1523
f 2536/1768/1526 2537/1770/1527 2538/1769/1528
f 2539/1767/1529 2536/1768/1526 2538/1769/1528
f 2540/1766/1530 2536/1768/1526 2539/1767/1529
f 2541/1765/1531 2540/1766/1530 2539/1767/1529
f 2542/1764/1532 2540/1766/1530 2541/1765/1531
f 2543/1763/1533 2542/1764/1532 2541/1765/1531
f 2544/1762/1534 2542/1764/1532 2543/1763/1533
f 2545/1761/1535 2544/1762/1534 2543/1763/1533
f 2546/1760/1536 2544/1762/1534 2545/1761/1535
f 2547/1759/1537 2546/1760/1536 2545/1761/1535
f 2548/1758/1538 2546/1760/1536 2547/1759/1537
f 2549/1757/1539 2548/1758/1538 2547/1759/1537
f 2550/1756/1540 2548/1758/1538 2549/1757/1539
f 2551/1755/1541 2550/1756/1540 2549/1757/1539
f 2552/1753/1542 2550/1756/1540 2551/1755/1541
f 2553/1754/1543 2552/1753/1542 2551/1755/1541
f 2554/1733/1544 2555/1734/1545 2556/1771/1546
f 2557/1772/1547 2554/1733/1544 2556/1771/1546
f 2558/1773/1548 2559/1774/1549 2560/1775/1550
f 2561/1776/1551 2558/1773/1548 2560/1775/1550
f 2561/1776/1551 2560/1775/1550 2562/1777/1552
f 2563/1778/1553 2558/1773/1548 2561/1776/1551
f 2564/1779/1554 2563/1778/1553 2565/1780/1555
f 2565/1780/1555 2563/1778/1553 2561/1776/1551
f 2565/1780/1555 2561/1776/1551 2566/1781/1556
f 2566/1781/1556 2561/1776/1551 2562/1777/1552
f 2566/1781/1556 2562/1777/1552 2567/1782/1557
f 2567/1782/1557 2562/1777/1552 2560/1775/1550
f 2568/1783/1558 2560/1775/1550 2559/1774/1549
f 2568/1783/1558 2567/1782/1557 2560/1775/1550
f 2569/1784/1559 2568/1783/1558 2559/1774/1549
f 2570/1785/1560 2568/1783/1558 2569/1784/1559
f 2571/1786/1561 2570/1785/1560 2569/1784/1559
f 2572/1787/1562 2570/1785/1560 2571/1786/1561
f 2573/1788/1563 2572/1787/1562 2571/1786/1561
f 2574/1789/1564 2572/1787/1562 2573/1788/1563
f 2575/1790/1565 2574/1789/1564 2573/1788/1563
f 2576/1791/1566 2574/1789/1564 2575/1790/1565
f 2577/1792/1567 2576/1791/1566 2575/1790/1565
f 2578/1793/1568 2576/1791/1566 2577/1792/1567
f 2579/1794/1569 2565/1780/1555 2566/1781/1556
f 2580/1795/1570 2566/1781/1556 2567/1782/1557
f 2579/1794/1569 2566/1781/1556 2580/1795/1570
f 2580/1795/1570 2567/1782/1557 2581/1796/1571
f 2581/1796/1571 2567/1782/1557 2568/1783/1558
f 2570/1785/1560 2581/1796/1571 2568/1783/1558
f 2582/1797/1572 2581/1796/1571 2570/1785/1560
f 2572/1787/1562 2582/1797/1572 2570/1785/1560
f 2574/1789/1564 2583/1798/1573 2572/1787/1562
f 2583/1798/1573 2582/1797/1572 2572/1787/1562
f 2576/1791/1566 2584/1799/1574 2574/1789/1564
f 2584/1799/1574 2583/1798/1573 2574/1789/1564
f 2585/1800/1575 2584/1799/1574 2576/1791/1566
f 2578/1793/1568 2585/1800/1575 2576/1791/1566
f 2586/1801/1576 2585/1800/1575 2578/1793/1568
f 2587/1802/1577 2586/1801/1576 2578/1793/1568
f 2588/1803/1578 2586/1801/1576 2587/1802/1577
f 2589/1804/1579 2588/1803/1578 2587/1802/1577
f 2588/1803/1578 2590/1805/1580 2586/1801/1576
f 2590/1805/1580 2588/1803/1578 2589/1804/1579
f 2585/1800/1575 2591/1806/1581 2584/1799/1574
f 2591/1806/1581 2592/1807/1582 2584/1799/1574
f 2592/1807/1582 2582/1797/1572 2583/1798/1573
f 2584/1799/1574 2592/1807/1582 2583/1798/1573
f 2586/1801/1576 2593/1808/1583 2585/1800/1575
f 2590/1805/1580 2593/1808/1583 2586/1801/1576
f 2593/1808/1583 2591/1806/1581 2585/1800/1575
f 2594/1809/1584 2590/1805/1580 2589/1804/1579
f 2590/1805/1580 2595/1810/1585 2593/1808/1583
f 2595/1810/1585 2590/1805/1580 2594/1809/1584
f 2596/1811/1586 2595/1810/1585 2594/1809/1584
f 2597/1812/1587 2595/1810/1585 2596/1811/1586
f 2598/1813/1588 2597/1812/1587 2596/1811/1586
f 2599/1814/1589 2597/1812/1587 2598/1813/1588
f 2600/1815/1590 2599/1814/1589 2598/1813/1588
f 2599/1814/1589 2600/1815/1590 2601/1816/1591
f 2600/1815/1590 2602/1817/1592 2601/1816/1591
f 2601/1816/1591 2602/1817/1592 2579/1794/1569
f 2602/1817/1592 2564/1779/1554 2565/1780/1555
f 2602/1817/1592 2565/1780/1555 2579/1794/1569
f 2603/1818/1593 2579/1794/1569 2580/1795/1570
f 2601/1816/1591 2579/1794/1569 2603/1818/1593
f 2604/1819/1594 2581/1796/1571 2582/1797/1572
f 2604/1819/1594 2580/1795/1570 2581/1796/1571
f 2603/1818/1593 2580/1795/1570 2604/1819/1594
f 2592/1807/1582 2604/1819/1594 2582/1797/1572
f 2593/1808/1583 2605/1820/1595 2591/1806/1581
f 2595/1810/1585 2597/1812/1587 2605/1820/1595
f 2595/1810/1585 2605/1820/1595 2593/1808/1583
f 2605/1820/1595 2606/1821/1596 2591/1806/1581
f 2606/1821/1596 2604/1819/1594 2592/1807/1582
f 2606/1821/1596 2603/1818/1593 2604/1819/1594
f 2591/1806/1581 2606/1821/1596 2592/1807/1582
f 2605/1820/1595 2607/1822/1597 2606/1821/1596
f 2597/1812/1587 2599/1814/1589 2607/1822/1597
f 2597/1812/1587 2607/1822/1597 2605/1820/1595
f 2607/1822/1597 2601/1816/1591 2603/1818/1593
f 2607/1822/1597 2603/1818/1593 2606/1821/1596
f 2599/1814/1589 2601/1816/1591 2607/1822/1597
f 2587/1802/1577 2578/1793/1568 2608/1823/1598
f 2608/1823/1598 2578/1793/1568 2577/1792/1567
f 2609/1824/1599 2587/1802/1577 2608/1823/1598
f 2589/1804/1579 2587/1802/1577 2609/1824/1599
f 2610/1825/1600 2589/1804/1579 2609/1824/1599
f 2594/1809/1584 2589/1804/1579 2610/1825/1600
f 2596/1811/1586 2594/1809/1584 2611/1826/1601
f 2611/1826/1601 2594/1809/1584 2610/1825/1600
f 2612/1827/1602 2596/1811/1586 2611/1826/1601
f 2598/1813/1588 2596/1811/1586 2612/1827/1602
f 2613/1828/1603 2598/1813/1588 2612/1827/1602
f 2600/1815/1590 2598/1813/1588 2613/1828/1603
f 2614/1829/1604 2600/1815/1590 2613/1828/1603
f 2600/1815/1590 2614/1829/1604 2602/1817/1592
f 2614/1829/1604 2564/1779/1554 2602/1817/1592
f 2615/1830/1605 2616/1831/1606 2617/1832/1607
f 2618/1833/1608 2619/1834/1609 2620/1835/1610
f 2619/1834/1609 2618/1833/1608 2621/1836/1611
f 2618/1833/1608 2622/1837/1612 2621/1836/1611
f 2621/1836/1611 2622/1837/1612 2623/1838/1613
f 2622/1837/1612 2624/1839/1614 2623/1838/1613
f 2623/1838/1613 2624/1839/1614 2625/1840/1615
f 2624/1839/1614 2626/1841/1601 2625/1840/1615
f 2625/1840/1615 2626/1841/1601 2627/1842/1616
f 2626/1841/1601 2628/1843/1600 2627/1842/1616
f 2627/1842/1616 2628/1843/1600 2629/1844/1617
f 2628/1843/1600 2630/1845/1618 2629/1844/1617
f 2629/1844/1617 2630/1845/1618 2631/1846/1619
f 2631/1846/1619 2632/1847/1620 2615/1830/1605
f 2630/1845/1618 2632/1847/1620 2631/1846/1619
f 2633/1848/1621 2615/1830/1605 2617/1832/1607
f 2631/1846/1619 2615/1830/1605 2633/1848/1621
f 2617/1832/1607 2616/1831/1606 2634/1849/1622
f 2633/1848/1621 2617/1832/1607 2634/1849/1622
f 2621/1836/1611 2623/1838/1613 2635/1850/1623
f 2623/1838/1613 2625/1840/1615 2636/1851/1624
f 2635/1850/1623 2623/1838/1613 2636/1851/1624
f 2625/1840/1615 2627/1842/1616 2637/1852/1625
f 2636/1851/1624 2625/1840/1615 2637/1852/1625
f 2627/1842/1616 2629/1844/1617 2638/1853/1626
f 2637/1852/1625 2627/1842/1616 2638/1853/1626
f 2638/1853/1626 2629/1844/1617 2639/1854/1627
f 2629/1844/1617 2631/1846/1619 2639/1854/1627
f 2639/1854/1627 2631/1846/1619 2633/1848/1621
f 2640/1855/1628 2633/1848/1621 2634/1849/1622
f 2639/1854/1627 2633/1848/1621 2640/1855/1628
f 2640/1855/1628 2634/1849/1622 2641/1856/1629
f 2642/1857/1630 2640/1855/1628 2641/1856/1629
f 2642/1857/1630 2641/1856/1629 2643/1858/1631
f 2644/1859/1632 2642/1857/1630 2643/1858/1631
f 2644/1859/1632 2643/1858/1631 2645/1860/1633
f 2646/1861/1634 2644/1859/1632 2645/1860/1633
f 2635/1850/1623 2647/1862/1635 2648/1863/1636
f 2635/1850/1623 2636/1851/1624 2647/1862/1635
f 2648/1863/1636 2647/1862/1635 2649/1864/1637
f 2649/1864/1637 2644/1859/1632 2646/1861/1634
f 2647/1862/1635 2650/1865/1638 2649/1864/1637
f 2650/1865/1638 2642/1857/1630 2644/1859/1632
f 2649/1864/1637 2650/1865/1638 2644/1859/1632
f 2651/1866/1639 2640/1855/1628 2642/1857/1630
f 2651/1866/1639 2639/1854/1627 2640/1855/1628
f 2638/1853/1626 2639/1854/1627 2651/1866/1639
f 2650/1865/1638 2651/1866/1639 2642/1857/1630
f 2636/1851/1624 2652/1867/1640 2647/1862/1635
f 2652/1867/1640 2638/1853/1626 2651/1866/1639
f 2636/1851/1624 2637/1852/1625 2652/1867/1640
f 2637/1852/1625 2638/1853/1626 2652/1867/1640
f 2652/1867/1640 2651/1866/1639 2650/1865/1638
f 2647/1862/1635 2652/1867/1640 2650/1865/1638
f 2653/1868/1641 2635/1850/1623 2648/1863/1636
f 2619/1834/1609 2621/1836/1611 2653/1868/1641
f 2653/1868/1641 2621/1836/1611 2635/1850/1623
f 2654/1869/1642 2649/1864/1637 2646/1861/1634
f 2648/1863/1636 2649/1864/1637 2654/1869/1642
f 2653/1868/1641 2648/1863/1636 2655/1870/1643
f 2655/1870/1643 2648/1863/1636 2654/1869/1642
f 2656/1871/1644 2619/1834/1609 2653/1868/1641
f 2656/1871/1644 2653/1868/1641 2655/1870/1643
f 2616/1831/1606 2657/1872/1645 2634/1849/1622
f 2634/1849/1622 2657/1872/1645 2641/1856/1629
f 2641/1856/1629 2658/1873/1646 2643/1858/1631
f 2657/1872/1645 2658/1873/1646 2641/1856/1629
f 2643/1858/1631 2659/1874/1647 2645/1860/1633
f 2658/1873/1646 2659/1874/1647 2643/1858/1631
f 2646/1861/1634 2645/1860/1633 2660/1875/1648
f 2659/1874/1647 2660/1875/1648 2645/1860/1633
f 2654/1869/1642 2646/1861/1634 2661/1876/1649
f 2661/1876/1649 2646/1861/1634 2660/1875/1648
f 2655/1870/1643 2654/1869/1642 2662/1877/1650
f 2662/1877/1650 2654/1869/1642 2661/1876/1649
f 2663/1878/1651 2655/1870/1643 2662/1877/1650
f 2656/1871/1644 2655/1870/1643 2663/1878/1651
f 2619/1834/1609 2656/1871/1644 2663/1878/1651
f 2619/1834/1609 2663/1878/1651 2620/1835/1610
f 2632/1847/1620 2664/1879/1652 2615/1830/1605
f 2615/1830/1605 2664/1879/1652 2616/1831/1606
f 2616/1831/1606 2665/1880/1565 2657/1872/1645
f 2664/1879/1652 2665/1880/1565 2616/1831/1606
f 2657/1872/1645 2666/1881/1653 2658/1873/1646
f 2665/1880/1565 2666/1881/1653 2657/1872/1645
f 2658/1873/1646 2667/1882/1654 2659/1874/1647
f 2666/1881/1653 2667/1882/1654 2658/1873/1646
f 2659/1874/1647 2668/1883/1655 2660/1875/1648
f 2667/1882/1654 2668/1883/1655 2659/1874/1647
f 2668/1883/1655 2669/1884/1656 2660/1875/1648
f 2661/1876/1649 2660/1875/1648 2669/1884/1656
f 2662/1877/1650 2661/1876/1649 2670/1885/1657
f 2670/1885/1657 2661/1876/1649 2669/1884/1656
f 2663/1878/1651 2662/1877/1650 2671/1886/1658
f 2620/1835/1610 2663/1878/1651 2671/1886/1658
f 2671/1886/1658 2662/1877/1650 2670/1885/1657
o Object_95
v -0.219854 0.225636 -0.103530
v -0.216085 0.219927 -0.103772
v -0.208633 0.255573 -0.104666
v 0.099161 0.439292 -0.109790
v 0.103275 0.393472 -0.109405
v 0.011735 0.406117 -0.108512
v 0.007710 0.440984 -0.109589
v -0.116931 0.358088 -0.108513
v -0.130025 0.377694 -0.109594
v -0.208633 0.255573 -0.108514
v -0.217626 0.267692 -0.109641
v -0.248881 0.079718 -0.099920
v -0.246296 0.076001 -0.101174
v -0.079407 0.066071 -0.100280
v -0.110468 0.111192 -0.062487
v 0.043136 0.121729 -0.097770
v -0.251492 0.083475 -0.102115
v -0.141315 0.156488 -0.045781
v -0.254032 0.087307 -0.099936
v -0.176002 0.207626 -0.062532
v -0.256528 0.091091 -0.101222
v -0.210370 0.258897 -0.100332
v -0.075089 0.295615 -0.046566
v -0.117870 0.358536 -0.097822
v 0.043845 0.357096 -0.062530
v 0.008806 0.407910 -0.100331
v 0.185895 0.386461 -0.101145
v 0.184670 0.389682 -0.101866
v 0.005461 0.177140 -0.046510
v 0.139960 0.215214 -0.100278
v 0.109422 0.260692 -0.062485
v 0.193742 0.376450 -0.101868
v -0.032228 0.232573 -0.023985
v 0.078644 0.306035 -0.045780
v 0.188452 0.382584 -0.103179
v 0.191102 0.378795 -0.101130
v 0.191102 0.378795 -0.112045
v 0.193742 0.376450 -0.111306
v 0.139960 0.215214 -0.112898
v -0.117870 0.358536 -0.115357
v 0.008806 0.407910 -0.112846
v -0.075089 0.295615 -0.166612
v 0.043845 0.357096 -0.150646
v 0.184670 0.389682 -0.111309
v 0.185895 0.386461 -0.112030
v 0.078644 0.306034 -0.167396
v 0.188452 0.382584 -0.109996
v 0.109423 0.260692 -0.150691
v 0.043136 0.121729 -0.115407
v 0.005462 0.177140 -0.166667
v -0.079407 0.066071 -0.112899
v -0.110468 0.111192 -0.150692
v -0.246296 0.076001 -0.112007
v -0.248881 0.079718 -0.113261
v -0.141315 0.156488 -0.167398
v -0.251492 0.083475 -0.111065
v -0.176002 0.207626 -0.150648
v -0.254032 0.087307 -0.113245
v -0.210370 0.258897 -0.112847
v -0.256528 0.091091 -0.111958
v -0.032227 0.232573 -0.189192
v -0.217626 0.267692 -0.103538
v -0.130025 0.377694 -0.103584
v -0.130025 0.377694 -0.109594
v -0.217626 0.267692 -0.109641
v 0.105422 0.393679 -0.101614
v 0.105422 0.393679 -0.111562
v 0.103275 0.393472 -0.109405
v 0.103275 0.393472 -0.103770
v -0.116931 0.358088 -0.111563
v -0.208633 0.255573 -0.111564
v -0.208633 0.255573 -0.108514
v -0.116931 0.358088 -0.108513
v -0.208633 0.255573 -0.101616
v -0.116931 0.358088 -0.101615
v -0.116931 0.358088 -0.104665
v -0.208633 0.255573 -0.104666
v -0.116931 0.358088 -0.101615
v 0.011735 0.406117 -0.101614
v 0.011735 0.406117 -0.104664
v -0.116931 0.358088 -0.104665
v -0.217869 0.218714 -0.111564
v -0.217869 0.218714 -0.101616
v -0.216085 0.219927 -0.103772
v -0.216085 0.219927 -0.109407
v 0.011735 0.406117 -0.111562
v -0.116931 0.358088 -0.111563
v -0.116931 0.358088 -0.108513
v 0.011735 0.406117 -0.108512
v -0.219854 0.225636 -0.109649
v -0.216085 0.219927 -0.109407
v -0.216085 0.219927 -0.103772
v -0.219854 0.225636 -0.103530
v -0.256528 0.091091 -0.101222
v -0.210370 0.258897 -0.100332
v -0.210370 0.258897 -0.112847
v -0.256528 0.091091 -0.111958
v 0.099142 0.114468 -0.106588
v 0.081640 0.107431 -0.106588
v 0.086483 0.110414 -0.112968
v 0.096786 0.117855 -0.116700
v 0.096786 0.117855 -0.096476
v 0.086483 0.110414 -0.100209
v 0.107350 0.124923 -0.100209
v 0.111832 0.128425 -0.106588
v 0.107350 0.124923 -0.112968
v -0.217626 0.267692 -0.103538
v -0.219854 0.225636 -0.103530
v -0.208633 0.255573 -0.104666
v -0.092402 0.020501 -0.106589
v -0.110415 0.026102 -0.106589
v -0.104776 0.025355 -0.112969
v -0.092088 0.024615 -0.116701
v -0.092088 0.024615 -0.096477
v -0.104776 0.025355 -0.100210
v -0.079434 0.023420 -0.100210
v -0.073747 0.023303 -0.106589
v -0.079434 0.023420 -0.112969
v -0.219854 0.225636 -0.109649
v -0.217626 0.267692 -0.109641
v -0.216085 0.219927 -0.109407
v 0.223525 0.455349 -0.100488
v 0.248520 0.423398 -0.102357
v 0.248520 0.423397 -0.110817
v 0.223525 0.455349 -0.112686
v 0.200581 0.486154 -0.101879
v 0.200581 0.486154 -0.111296
v 0.269042 0.388404 -0.100487
v 0.289250 0.355739 -0.101878
v 0.289250 0.355740 -0.111295
v 0.269042 0.388404 -0.112686
v 0.248520 0.423398 -0.102357
v 0.248520 0.423397 -0.110817
v 0.193742 0.376450 -0.101868
v 0.139960 0.215214 -0.100278
v 0.139960 0.215214 -0.112898
v 0.193742 0.376450 -0.111306
v 0.289250 0.355740 -0.111295
v 0.289250 0.355739 -0.101878
v 0.193742 0.376450 -0.101868
v 0.193742 0.376450 -0.111306
v 0.200581 0.486154 -0.101879
v 0.200581 0.486154 -0.111296
v 0.184670 0.389682 -0.111309
v 0.184670 0.389682 -0.101866
v 0.008806 0.407910 -0.100331
v 0.184670 0.389682 -0.101866
v 0.184670 0.389682 -0.111309
v 0.008806 0.407910 -0.112846
v -0.130025 0.377694 -0.103584
v -0.217626 0.267692 -0.103538
v -0.116931 0.358088 -0.104665
v 0.011735 0.406117 -0.104664
v 0.007710 0.440984 -0.103588
v 0.103275 0.393472 -0.103770
v 0.099161 0.439292 -0.103385
v -0.208633 0.255573 -0.104666
v -0.116931 0.358088 -0.104665
v 0.099161 0.439292 -0.103385
v 0.103275 0.393472 -0.103770
v 0.103275 0.393472 -0.109405
v 0.099161 0.439292 -0.109790
v -0.219854 0.225636 -0.103530
v -0.217626 0.267692 -0.103538
v -0.217626 0.267692 -0.109641
v -0.219854 0.225636 -0.109649
v 0.007710 0.440984 -0.103588
v 0.099161 0.439292 -0.103385
v 0.099161 0.439292 -0.109790
v 0.007710 0.440984 -0.109589
v -0.130025 0.377694 -0.103584
v 0.007710 0.440984 -0.103588
v 0.007710 0.440984 -0.109589
v -0.130025 0.377694 -0.109594
v -0.117870 0.358536 -0.097822
v 0.008806 0.407910 -0.100331
v 0.008806 0.407910 -0.112846
v -0.117870 0.358536 -0.115357
v -0.210370 0.258897 -0.100332
v -0.210370 0.258897 -0.112847
v 0.043136 0.121729 -0.097770
v -0.079407 0.066071 -0.100280
v -0.079407 0.066071 -0.112899
v 0.043136 0.121729 -0.115407
v 0.139960 0.215214 -0.100278
v 0.139960 0.215214 -0.112898
v -0.079407 0.066071 -0.100280
v -0.246296 0.076001 -0.101174
v -0.246296 0.076001 -0.112007
v -0.079407 0.066071 -0.112899
v 0.269042 0.388404 -0.112686
v 0.289250 0.355740 -0.111295
v 0.193742 0.376450 -0.111306
v 0.191102 0.378795 -0.112045
v 0.248520 0.423397 -0.110817
v 0.188452 0.382584 -0.109996
v 0.223525 0.455349 -0.112686
v 0.185895 0.386461 -0.112030
v 0.200581 0.486154 -0.111296
v 0.184670 0.389682 -0.111309
v 0.223525 0.455349 -0.100488
v 0.200581 0.486154 -0.101879
v 0.184670 0.389682 -0.101866
v 0.185895 0.386461 -0.101145
v 0.248520 0.423398 -0.102357
v 0.188452 0.382584 -0.103179
v 0.269042 0.388404 -0.100487
v 0.191102 0.378795 -0.101130
v 0.289250 0.355739 -0.101878
v 0.193742 0.376450 -0.101868
v -0.248881 0.079718 -0.113261
v -0.246296 0.076001 -0.112007
v -0.246296 0.076001 -0.101174
v -0.248881 0.079718 -0.099920
v -0.251492 0.083475 -0.111065
v -0.251492 0.083475 -0.102115
v -0.254032 0.087307 -0.113245
v -0.254032 0.087307 -0.099936
v -0.256528 0.091091 -0.111958
v -0.256528 0.091091 -0.101222
v 0.046134 0.154436 -0.119102
v 0.063132 0.166255 -0.124963
v 0.062966 0.166494 -0.121927
v 0.047326 0.155688 -0.116590
v 0.038173 0.148900 -0.106588
v 0.040373 0.151013 -0.106588
v 0.046134 0.154436 -0.094074
v 0.047326 0.155688 -0.096587
v 0.063132 0.166255 -0.088213
v 0.062966 0.166494 -0.091249
v 0.080131 0.178074 -0.094074
v 0.078542 0.177393 -0.096586
v 0.088092 0.183610 -0.106588
v 0.085345 0.182283 -0.106588
v 0.080131 0.178074 -0.119102
v 0.078542 0.177393 -0.116590
v 0.063132 0.166255 -0.124963
v 0.062966 0.166494 -0.121927
v -0.108243 0.084970 -0.119103
v -0.087599 0.083394 -0.124964
v -0.087577 0.083684 -0.121928
v -0.106528 0.085187 -0.116591
v -0.117911 0.085708 -0.106589
v -0.114871 0.085956 -0.106589
v -0.108243 0.084970 -0.094075
v -0.106528 0.085187 -0.096588
v -0.087599 0.083394 -0.088214
v -0.087577 0.083684 -0.091250
v -0.066956 0.081817 -0.094075
v -0.068618 0.082293 -0.096587
v -0.057288 0.081079 -0.106589
v -0.060255 0.081786 -0.106589
v -0.066956 0.081817 -0.119103
v -0.068618 0.082293 -0.116591
v -0.087599 0.083394 -0.124964
v -0.087577 0.083684 -0.121928
v -0.087577 0.083684 -0.121928
v -0.092088 0.024615 -0.116701
v -0.104776 0.025355 -0.112969
v -0.106528 0.085187 -0.116591
v -0.110415 0.026102 -0.106589
v -0.114871 0.085956 -0.106589
v -0.104776 0.025355 -0.100210
v -0.106528 0.085187 -0.096588
v -0.092088 0.024615 -0.096477
v -0.087577 0.083684 -0.091250
v -0.079434 0.023420 -0.100210
v -0.068618 0.082293 -0.096587
v -0.073747 0.023303 -0.106589
v -0.060255 0.081786 -0.106589
v -0.079434 0.023420 -0.112969
v -0.068618 0.082293 -0.116591
v -0.092088 0.024615 -0.116701
v -0.087577 0.083684 -0.121928
v 0.062966 0.166494 -0.121927
v 0.096786 0.117855 -0.116700
v 0.086483 0.110414 -0.112968
v 0.047326 0.155688 -0.116590
v 0.081640 0.107431 -0.106588
v 0.040373 0.151013 -0.106588
v 0.086483 0.110414 -0.100209
v 0.047326 0.155688 -0.096587
v 0.096786 0.117855 -0.096476
v 0.062966 0.166494 -0.091249
v 0.107350 0.124923 -0.100209
v 0.078542 0.177393 -0.096586
v 0.111832 0.128425 -0.106588
v 0.085345 0.182283 -0.106588
v 0.107350 0.124923 -0.112968
v 0.078542 0.177393 -0.116590
v 0.096786 0.117855 -0.116700
v 0.062966 0.166494 -0.121927
v -0.217626 0.267692 -0.109641
v -0.208633 0.255573 -0.108514
v -0.216085 0.219927 -0.109407
v -0.217869 0.218714 -0.101616
v -0.208633 0.255573 -0.101616
v -0.208633 0.255573 -0.104666
v -0.216085 0.219927 -0.103772
v -0.217869 0.218714 -0.101616
v -0.208633 0.255573 -0.104666
v -0.208633 0.255573 -0.108514
v -0.208633 0.255573 -0.111564
v -0.216085 0.219927 -0.109407
v -0.208633 0.255573 -0.111564
v -0.217869 0.218714 -0.111564
v -0.216085 0.219927 -0.109407
v 0.105422 0.393679 -0.111562
v 0.011735 0.406117 -0.111562
v 0.011735 0.406117 -0.108512
v 0.103275 0.393472 -0.109405
v 0.105422 0.393679 -0.111562
v 0.011735 0.406117 -0.108512
v 0.011735 0.406117 -0.104664
v 0.011735 0.406117 -0.101614
v 0.103275 0.393472 -0.103770
v 0.011735 0.406117 -0.101614
v 0.105422 0.393679 -0.101614
v 0.103275 0.393472 -0.103770
vn 0.0774 0.0088 0.9970
vn -0.0110 -0.0094 -0.9999
vn 0.0111 -0.0296 -0.9995
vn -0.0110 -0.0095 -0.9999
vn 0.0353 -0.0315 -0.9989
vn 0.0605 -0.0478 -0.9970
vn -0.2218 0.0176 0.9749
vn -0.0250 -0.3352 0.9418
vn 0.1210 -0.5847 0.8022
vn 0.0200 -0.5039 0.8635
vn 0.3322 -0.5019 0.7986
vn -0.1961 -0.2218 0.9552
vn -0.2075 -0.1677 0.9637
vn -0.2756 -0.2771 0.9205
vn -0.4466 0.1662 0.8792
vn -0.4782 0.0392 0.8774
vn -0.4962 0.2859 0.8198
vn -0.2350 0.3562 0.9044
vn -0.3056 0.4610 0.8331
vn 0.0099 0.4764 0.8792
vn -0.0875 0.5528 0.8287
vn 0.2073 -0.0144 0.9782
vn 0.0323 0.2299 0.9727
vn 0.2567 -0.3890 0.8848
vn 0.5140 -0.3286 0.7923
vn 0.4616 -0.2026 0.8637
vn 0.3975 0.0225 0.9173
vn 0.0084 -0.0127 0.9999
vn 0.2276 0.1407 0.9635
vn 0.1952 0.2243 0.9548
vn 0.2372 0.2857 0.9285
vn 0.0676 0.1925 -0.9790
vn 0.2168 -0.0627 -0.9742
vn 0.4996 -0.3269 -0.8022
vn -0.3163 0.4537 -0.8331
vn -0.0831 0.5667 -0.8197
vn -0.2448 0.3496 -0.9044
vn 0.0103 0.4762 -0.8793
vn 0.1734 0.3581 -0.9174
vn 0.3551 0.1220 -0.9269
vn 0.2332 0.1321 -0.9634
vn 0.2841 0.1058 -0.9530
vn 0.4616 -0.2034 -0.8634
vn 0.3446 -0.4935 -0.7986
vn 0.2673 -0.3818 -0.8848
vn 0.1169 -0.5987 -0.7924
vn 0.0193 -0.5038 -0.8636
vn -0.1320 -0.4574 -0.8794
vn -0.3566 -0.1451 -0.9229
vn -0.2136 -0.1591 -0.9639
vn -0.2754 -0.0926 -0.9569
vn -0.4462 0.1666 -0.8793
vn -0.0622 -0.2180 -0.9740
vn -0.4816 0.2853 -0.8286
vn -0.3450 0.0899 -0.9343
vn 0.0087 -0.0125 -0.9999
vn -0.7823 0.6230 -0.0000
vn -0.0959 0.9954 -0.0000
vn -0.7453 0.6667 -0.0000
vn -0.3497 0.9369 -0.0000
vn -0.5623 0.8269 -0.0000
vn -0.8346 -0.5509 -0.0000
vn -0.9642 0.2652 -0.0000
vn 0.5709 -0.8210 -0.0000
vn 0.4223 -0.9061 0.0261
vn 0.3961 -0.8917 -0.2192
vn 0.5676 -0.7492 -0.3414
vn 0.5047 -0.7929 0.3414
vn 0.6040 -0.7920 -0.0883
vn 0.6980 -0.6817 0.2192
vn 0.7023 -0.7114 -0.0261
vn 0.5322 -0.8420 0.0883
vn 0.1164 -0.0060 0.9932
vn -0.0761 -0.9971 -0.0000
vn -0.2450 -0.9692 0.0261
vn -0.2563 -0.9414 -0.2193
vn -0.0333 -0.9393 -0.3414
vn -0.1097 -0.9335 0.3414
vn -0.0321 -0.9956 -0.0882
vn 0.1104 -0.9694 0.2192
vn 0.0950 -0.9951 -0.0261
vn -0.1194 -0.9889 0.0883
vn 0.0597 -0.0030 -0.9982
vn 0.7949 0.6068 -0.0000
vn 0.7876 0.6161 -0.0000
vn 0.8020 0.5973 -0.0000
vn 0.8566 0.5161 -0.0000
vn 0.8504 0.5261 -0.0000
vn 0.8626 0.5059 -0.0000
vn 0.9486 -0.3164 -0.0000
vn -0.2119 -0.9773 -0.0000
vn -0.9867 0.1627 -0.0000
vn 0.1031 0.9947 -0.0000
vn 0.0164 -0.0441 0.9989
vn 0.0567 -0.0507 0.9971
vn -0.0142 -0.0325 0.9994
vn -0.0024 -0.0086 1.0000
vn 0.9960 0.0894 -0.0000
vn -0.9986 0.0529 -0.0000
vn 0.0185 0.9998 -0.0000
vn -0.4175 0.9087 -0.0000
vn -0.5622 0.8270 -0.0000
vn -0.3632 0.9317 -0.0000
vn -0.7329 0.6804 -0.0000
vn 0.5622 -0.8270 -0.0000
vn 0.4135 -0.9105 -0.0000
vn 0.6946 -0.7194 -0.0000
vn -0.0594 -0.9982 -0.0000
vn -0.0113 -0.0170 -0.9998
vn -0.0105 -0.0490 -0.9987
vn 0.0207 -0.2425 -0.9699
vn -0.1228 0.1022 -0.9872
vn -0.0036 0.0067 -1.0000
vn 0.0175 0.0876 -0.9960
vn -0.0139 -0.0112 -0.9998
vn 0.2008 -0.1457 -0.9687
vn -0.0501 0.0147 -0.9986
vn -0.3785 0.0626 -0.9235
vn -0.0199 -0.0044 0.9998
vn -0.0494 0.0083 0.9987
vn -0.2153 0.1070 0.9707
vn 0.0479 -0.1491 0.9877
vn 0.0048 -0.0058 1.0000
vn 0.0865 -0.0125 0.9962
vn -0.0154 -0.0087 0.9998
vn -0.0620 0.2450 0.9675
vn -0.0046 -0.0522 0.9986
vn -0.0830 -0.3832 0.9199
vn -0.8210 -0.5710 -0.0000
vn -0.8274 -0.5616 -0.0000
vn -0.8212 -0.5706 -0.0000
vn -0.8342 -0.5515 -0.0000
vn -0.8347 -0.5506 -0.0000
vn 0.6183 -0.7803 0.0941
vn 0.5691 -0.8166 0.0967
vn 0.5696 -0.8163 0.0964
vn 0.6200 -0.7784 0.0985
vn 0.6879 -0.7258 0.0039
vn 0.6900 -0.7237 0.0130
vn 0.6182 -0.7795 -0.1014
vn 0.6139 -0.7832 -0.0981
vn 0.5673 -0.8178 -0.0967
vn 0.5668 -0.8182 -0.0964
vn 0.5161 -0.8513 -0.0941
vn 0.5138 -0.8522 -0.0985
vn 0.4409 -0.8976 -0.0039
vn 0.4381 -0.8988 -0.0130
vn 0.5155 -0.8509 0.1013
vn 0.5205 -0.8482 0.0981
vn 0.5691 -0.8165 0.0967
vn -0.0136 -0.9955 0.0941
vn -0.0747 -0.9925 0.0967
vn -0.0741 -0.9926 0.0964
vn -0.0112 -0.9951 0.0984
vn 0.0748 -0.9972 0.0039
vn 0.0778 -0.9969 0.0130
vn -0.0133 -0.9948 -0.1013
vn -0.0189 -0.9950 -0.0981
vn -0.0769 -0.9923 -0.0966
vn -0.0775 -0.9923 -0.0964
vn -0.1377 -0.9860 -0.0942
vn -0.1401 -0.9852 -0.0985
vn -0.2252 -0.9743 -0.0039
vn -0.2282 -0.9735 -0.0130
vn -0.1379 -0.9852 0.1013
vn -0.1324 -0.9863 0.0981
vn -0.0747 -0.9925 0.0966
vn -0.0075 -0.0886 -0.9960
vn -0.0079 -0.0889 -0.9960
vn -0.5286 -0.0652 -0.8464
vn -0.5552 -0.0646 -0.8292
vn -0.9970 -0.0776 0.0021
vn -0.9971 -0.0765 0.0011
vn -0.5310 -0.0642 0.8450
vn -0.5568 -0.0655 0.8281
vn -0.0057 -0.0891 0.9960
vn -0.0061 -0.0887 0.9960
vn 0.5125 -0.1447 0.8464
vn 0.5390 -0.1481 0.8292
vn 0.9736 -0.2281 -0.0020
vn 0.9739 -0.2270 -0.0011
vn 0.5151 -0.1441 -0.8450
vn 0.5404 -0.1492 -0.8281
vn -0.0078 -0.0889 -0.9960
vn -0.0074 -0.0886 -0.9960
vn 0.0502 -0.0734 -0.9960
vn 0.0501 -0.0739 -0.9960
vn -0.3685 -0.3845 -0.8464
vn -0.3896 -0.4008 -0.8292
vn -0.7238 -0.6900 0.0021
vn -0.7246 -0.6892 0.0011
vn -0.3710 -0.3852 0.8450
vn -0.3903 -0.4025 0.8281
vn 0.0519 -0.0727 0.9960
vn 0.0513 -0.0726 0.9960
vn 0.4887 0.2116 0.8464
vn 0.5114 0.2257 0.8292
vn 0.8988 0.4383 -0.0020
vn 0.8983 0.4393 -0.0011
vn 0.4903 0.2137 -0.8450
vn 0.5132 0.2257 -0.8281
vn 0.1232 -0.0009 -0.9924
vn -0.9700 0.2431 -0.0000
vn -0.8021 0.1532 -0.5771
vn -0.9788 0.2046 -0.0000
vn -0.8076 0.2024 0.5540
vn 0.1316 0.9913 -0.0000
vn 0.1354 0.9644 0.2273
vn 0.1368 0.9906 -0.0000
vn 0.1284 0.9669 -0.2205
vt 0.821548 0.988526
vt 0.828269 0.996628
vt 0.836141 0.944582
vt 0.805901 0.502630
vt 0.743089 0.496769
vt 0.759931 0.620746
vt 0.806565 0.616754
vt 0.777449 0.790254
vt 0.807397 0.787646
vt 0.791432 0.944762
vt 0.808127 0.933811
vt 0.055223 0.425948
vt 0.055729 0.434590
vt 0.263180 0.529519
vt 0.269905 0.466301
vt 0.371242 0.570465
vt 0.053281 0.417065
vt 0.277151 0.402916
vt 0.053861 0.407998
vt 0.281683 0.321596
vt 0.052918 0.398611
vt 0.285323 0.211407
vt 0.455322 0.344153
vt 0.503178 0.218832
vt 0.599737 0.440426
vt 0.668027 0.356370
vt 0.714628 0.649619
vt 0.721289 0.643210
vt 0.398183 0.497300
vt 0.479768 0.609094
vt 0.515359 0.556776
vt 0.696413 0.668388
vt 0.422932 0.430600
vt 0.550688 0.504288
vt 0.709324 0.656783
vt 0.702249 0.662209
vt 0.693097 0.695346
vt 0.691266 0.686920
vt 0.475261 0.623420
vt 0.215550 0.999825
vt 0.500451 0.992286
vt 0.272505 0.841857
vt 0.482011 0.852525
vt 0.700675 0.722399
vt 0.697653 0.712998
vt 0.474882 0.758283
vt 0.696615 0.703855
vt 0.475004 0.688828
vt 0.365009 0.587386
vt 0.336741 0.664710
vt 0.257227 0.543380
vt 0.214976 0.594037
vt 0.047880 0.452460
vt 0.041000 0.457833
vt 0.170197 0.647700
vt 0.032771 0.462186
vt 0.104042 0.715905
vt 0.026061 0.468634
vt 0.000175 0.812158
vt 0.017662 0.474003
vt 0.309857 0.738684
vt 0.819339 0.933954
vt 0.819059 0.787661
vt 0.000175 0.184431
vt 0.012205 0.184431
vt 0.849008 0.790041
vt 0.865111 0.620522
vt 0.807221 0.999825
vt 0.821719 0.999601
vt 0.807050 0.988750
vt 0.276676 0.184781
vt 0.038070 0.380404
vt 0.064091 0.157322
vt 0.055998 0.184431
vt 0.070104 0.179238
vt 0.081135 0.162410
vt 0.047047 0.152234
vt 0.047047 0.172355
vt 0.058077 0.135406
vt 0.072183 0.130213
vt 0.081135 0.142289
vt 0.029626 0.157280
vt 0.037732 0.130129
vt 0.023604 0.135330
vt 0.012556 0.152184
vt 0.046697 0.162376
vt 0.046697 0.142223
vt 0.035649 0.179230
vt 0.021521 0.184431
vt 0.012556 0.172336
vt 0.800444 0.997055
vt 0.947331 0.374805
vt 0.949978 0.429159
vt 0.967000 0.429159
vt 0.969646 0.374805
vt 0.949978 0.320451
vt 0.967000 0.320451
vt 0.947331 0.483513
vt 0.949978 0.537866
vt 0.967000 0.537866
vt 0.969646 0.483512
vt 0.940375 0.221772
vt 0.941715 0.204802
vt 0.810824 0.194466
vt 0.809484 0.211435
vt 0.799434 0.040656
vt 0.782446 0.039573
vt 0.774093 0.170606
vt 0.791081 0.171689
vt 0.742739 0.639317
vt 0.691103 0.343523
vt 0.818488 0.616711
vt 0.881872 0.496769
vt 0.819180 0.502644
vt 0.000175 0.126806
vt 0.012205 0.126806
vt 0.517025 0.184781
vt 0.900969 0.259301
vt 0.803848 0.216440
vt 0.861705 0.296980
vt 0.798079 0.221290
vt 0.817838 0.329183
vt 0.792309 0.226139
vt 0.774093 0.361551
vt 0.786411 0.230831
vt 0.837556 0.079490
vt 0.796170 0.177249
vt 0.875825 0.118178
vt 0.801107 0.182944
vt 0.908688 0.161553
vt 0.806044 0.188639
vt 0.081485 0.177374
vt 0.084132 0.184431
vt 0.101154 0.184431
vt 0.103800 0.177374
vt 0.084132 0.170317
vt 0.101154 0.170317
vt 0.081485 0.163259
vt 0.103800 0.163259
vt 0.084132 0.156202
vt 0.101154 0.156202
vt 0.990945 0.832163
vt 0.980752 0.805163
vt 0.997011 0.852511
vt 0.999073 0.873644
vt 0.999825 0.902494
vt 0.999073 0.931344
vt 0.997011 0.952477
vt 0.990945 0.972825
vt 0.980752 0.999825
vt 0.891116 0.755017
vt 0.901325 0.782059
vt 0.885041 0.734637
vt 0.882975 0.713472
vt 0.882223 0.684577
vt 0.882975 0.655682
vt 0.885041 0.634516
vt 0.891116 0.614136
vt 0.901325 0.587094
vt 0.977307 0.751091
vt 0.970341 0.732640
vt 0.966195 0.718734
vt 0.964786 0.704292
vt 0.964273 0.684577
vt 0.964786 0.664861
vt 0.966195 0.650419
vt 0.970341 0.636513
vt 0.977307 0.618062
vt 0.904889 0.836083
vt 0.911844 0.854505
vt 0.915983 0.868389
vt 0.917390 0.882809
vt 0.917902 0.902494
vt 0.917390 0.922179
vt 0.915983 0.936598
vt 0.911844 0.950482
vt 0.904889 0.968905
s 0
usemtl fish
f 2672/1887/1659 2673/1888/1659 2674/1889/1659
f 2675/1890/1660 2676/1891/1660 2677/1892/1660
s 1
f 2678/1893/1661 2675/1890/1662 2677/1892/1660
f 2678/1893/1661 2677/1892/1660 2679/1894/1663
f 2680/1895/1663 2678/1893/1661 2679/1894/1663
s 0
f 2680/1895/1663 2679/1894/1663 2681/1896/1663
s 1
f 2682/1897/1664 2680/1895/1663 2681/1896/1663
f 2683/1898/1665 2684/1899/1666 2685/1900/1667
f 2686/1901/1668 2683/1898/1665 2685/1900/1667
f 2686/1901/1668 2685/1900/1667 2687/1902/1669
f 2688/1903/1670 2683/1898/1665 2686/1901/1668
f 2689/1904/1671 2688/1903/1670 2686/1901/1668
f 2690/1905/1672 2688/1903/1670 2689/1904/1671
f 2691/1906/1673 2690/1905/1672 2689/1904/1671
f 2692/1907/1674 2690/1905/1672 2691/1906/1673
f 2693/1908/1675 2692/1907/1674 2691/1906/1673
f 2693/1908/1675 2691/1906/1673 2694/1909/1676
f 2695/1910/1677 2693/1908/1675 2694/1909/1676
f 2695/1910/1677 2694/1909/1676 2696/1911/1678
f 2697/1912/1679 2695/1910/1677 2696/1911/1678
f 2697/1912/1679 2696/1911/1678 2698/1913/1680
f 2699/1914/1681 2697/1912/1679 2698/1913/1680
f 2700/1915/1682 2686/1901/1668 2687/1902/1669
f 2689/1904/1671 2686/1901/1668 2700/1915/1682
f 2700/1915/1682 2687/1902/1669 2701/1916/1683
f 2702/1917/1684 2700/1915/1682 2701/1916/1683
f 2702/1917/1684 2701/1916/1683 2703/1918/1685
f 2704/1919/1686 2689/1904/1671 2700/1915/1682
f 2704/1919/1686 2700/1915/1682 2702/1917/1684
f 2694/1909/1676 2691/1906/1673 2704/1919/1686
f 2691/1906/1673 2689/1904/1671 2704/1919/1686
f 2694/1909/1676 2704/1919/1686 2705/1920/1687
f 2696/1911/1678 2694/1909/1676 2705/1920/1687
f 2705/1920/1687 2704/1919/1686 2702/1917/1684
f 2698/1913/1680 2696/1911/1678 2706/1921/1688
f 2696/1911/1678 2705/1920/1687 2706/1921/1688
f 2707/1922/1689 2702/1917/1684 2703/1918/1685
f 2705/1920/1687 2702/1917/1684 2707/1922/1689
f 2706/1921/1688 2705/1920/1687 2707/1922/1689
f 2708/1923/1690 2709/1924/1691 2710/1925/1692
f 2711/1926/1693 2712/1927/1694 2713/1928/1695
f 2712/1927/1694 2714/1929/1696 2713/1928/1695
f 2712/1927/1694 2715/1930/1697 2714/1929/1696
f 2715/1930/1697 2716/1931/1698 2714/1929/1696
f 2714/1929/1696 2716/1931/1698 2717/1932/1699
f 2716/1931/1698 2718/1933/1700 2717/1932/1699
f 2719/1934/1701 2708/1923/1690 2710/1925/1692
f 2717/1932/1699 2718/1933/1700 2719/1934/1701
f 2718/1933/1700 2708/1923/1690 2719/1934/1701
f 2719/1934/1701 2710/1925/1692 2720/1935/1702
f 2721/1936/1703 2719/1934/1701 2720/1935/1702
f 2717/1932/1699 2719/1934/1701 2721/1936/1703
f 2721/1936/1703 2720/1935/1702 2722/1937/1704
f 2723/1938/1705 2721/1936/1703 2722/1937/1704
f 2723/1938/1705 2722/1937/1704 2724/1939/1706
f 2725/1940/1707 2723/1938/1705 2724/1939/1706
f 2726/1941/1708 2723/1938/1705 2725/1940/1707
f 2727/1942/1709 2726/1941/1708 2725/1940/1707
f 2728/1943/1710 2713/1928/1695 2726/1941/1708
f 2711/1926/1693 2713/1928/1695 2728/1943/1710
f 2728/1943/1710 2726/1941/1708 2727/1942/1709
f 2729/1944/1711 2728/1943/1710 2727/1942/1709
f 2730/1945/1712 2728/1943/1710 2729/1944/1711
f 2730/1945/1712 2711/1926/1693 2728/1943/1710
f 2731/1946/1713 2730/1945/1712 2729/1944/1711
f 2713/1928/1695 2732/1947/1714 2726/1941/1708
f 2726/1941/1708 2732/1947/1714 2723/1938/1705
f 2732/1947/1714 2717/1932/1699 2721/1936/1703
f 2732/1947/1714 2721/1936/1703 2723/1938/1705
f 2714/1929/1696 2717/1932/1699 2732/1947/1714
f 2713/1928/1695 2714/1929/1696 2732/1947/1714
s 0
f 2733/1948/1715 2734/1949/1715 2735/1895/1715
f 2736/1897/1715 2733/1948/1715 2735/1895/1715
f 2737/1950/1716 2738/1951/1716 2739/1951/1716
f 2740/1950/1716 2737/1950/1716 2739/1951/1716
f 2741/1894/1717 2742/1896/1717 2743/1896/1717
f 2744/1894/1717 2741/1894/1717 2743/1896/1717
f 2745/1889/1717 2746/1952/1717 2747/1952/1717
f 2748/1889/1717 2745/1889/1717 2747/1952/1717
f 2749/1952/1718 2750/1953/1718 2751/1953/1718
f 2752/1952/1718 2749/1952/1718 2751/1953/1718
f 2753/1954/1719 2754/1955/1719 2755/1955/1719
s 1
f 2756/1954/1719 2753/1954/1719 2755/1955/1719
s 0
f 2757/1892/1718 2758/1894/1718 2759/1894/1718
f 2760/1892/1718 2757/1892/1718 2759/1894/1718
f 2761/1956/1720 2762/1954/1720 2763/1955/1720
f 2764/1887/1720 2761/1956/1720 2763/1955/1720
f 2765/1907/1721 2766/1908/1721 2767/1957/1721
f 2768/1958/1721 2765/1907/1721 2767/1957/1721
s 1
f 2769/1959/1722 2770/1960/1723 2771/1961/1724
f 2772/1962/1725 2769/1959/1722 2771/1961/1724
f 2769/1959/1722 2773/1963/1726 2770/1960/1723
f 2773/1963/1726 2774/1964/1727 2770/1960/1723
f 2775/1965/1728 2773/1963/1726 2769/1959/1722
f 2776/1966/1729 2775/1965/1728 2769/1959/1722
f 2776/1966/1729 2769/1959/1722 2772/1962/1725
f 2777/1967/1730 2776/1966/1729 2772/1962/1725
s 0
f 2778/1948/1731 2779/1887/1731 2780/1889/1731
s 1
f 2781/1968/1732 2782/1969/1733 2783/1970/1734
f 2784/1971/1735 2781/1968/1732 2783/1970/1734
f 2781/1968/1732 2785/1972/1736 2782/1969/1733
f 2785/1972/1736 2786/1973/1737 2782/1969/1733
f 2787/1974/1738 2785/1972/1736 2781/1968/1732
f 2788/1975/1739 2781/1968/1732 2784/1971/1735
f 2788/1975/1739 2787/1974/1738 2781/1968/1732
f 2789/1976/1740 2788/1975/1739 2784/1971/1735
s 0
f 2790/1956/1741 2791/1897/1741 2792/1977/1741
s 1
f 2793/1978/1742 2794/1979/1743 2795/1980/1743
f 2796/1981/1742 2793/1978/1742 2795/1980/1743
f 2797/1982/1744 2793/1978/1742 2796/1981/1742
f 2798/1983/1744 2797/1982/1744 2796/1981/1742
f 2799/1984/1745 2800/1985/1746 2801/1986/1746
f 2802/1987/1745 2799/1984/1745 2801/1986/1746
f 2803/1979/1747 2799/1984/1745 2802/1987/1745
f 2804/1980/1747 2803/1979/1747 2802/1987/1745
s 0
f 2805/1918/1748 2806/1916/1748 2807/1925/1748
f 2808/1924/1748 2805/1918/1748 2807/1925/1748
s 1
f 2809/1988/1749 2810/1989/1749 2811/1990/1749
s 0
f 2812/1991/1749 2809/1988/1749 2811/1990/1749
f 2813/1992/1750 2814/1993/1750 2815/1994/1750
f 2816/1995/1750 2813/1992/1750 2815/1994/1750
f 2817/1912/1751 2818/1914/1751 2819/1996/1751
f 2820/1997/1751 2817/1912/1751 2819/1996/1751
s 1
f 2821/1949/1752 2822/1948/1753 2823/1952/1752
f 2821/1949/1752 2823/1952/1752 2824/1953/1754
f 2825/1998/1754 2821/1949/1752 2824/1953/1754
s 0
f 2825/1998/1754 2824/1953/1754 2826/1999/1754
s 1
f 2827/2000/1755 2825/1998/1754 2826/1999/1754
s 0
f 2822/1948/1753 2828/1889/1753 2829/1952/1753
f 2830/2001/1756 2831/1950/1756 2832/1951/1756
f 2833/2002/1756 2830/2001/1756 2832/1951/1756
f 2834/1887/1757 2835/1948/1757 2836/1897/1757
f 2837/1956/1757 2834/1887/1757 2836/1897/1757
f 2838/1998/1758 2839/2000/1758 2840/1890/1758
f 2841/1893/1758 2838/1998/1758 2840/1890/1758
f 2842/1949/1759 2843/1998/1759 2844/1893/1759
f 2845/1895/1759 2842/1949/1759 2844/1893/1759
s 1
f 2846/1910/1760 2847/1912/1761 2848/1997/1761
f 2849/2003/1760 2846/1910/1760 2848/1997/1761
f 2850/1908/1762 2846/1910/1760 2849/2003/1760
f 2851/1957/1762 2850/1908/1762 2849/2003/1760
f 2852/1902/1763 2853/1900/1764 2854/1937/1764
f 2855/1935/1763 2852/1902/1763 2854/1937/1764
f 2856/1916/1765 2852/1902/1763 2855/1935/1763
f 2857/1925/1765 2856/1916/1765 2855/1935/1763
s 0
f 2858/1900/1766 2859/1899/1766 2860/1939/1766
f 2861/1937/1766 2858/1900/1766 2860/1939/1766
s 1
f 2862/2004/1767 2863/1988/1768 2864/1991/1769
f 2865/2005/1770 2862/2004/1767 2864/1991/1769
f 2866/2006/1771 2862/2004/1767 2865/2005/1770
f 2867/2007/1772 2866/2006/1771 2865/2005/1770
f 2868/2008/1773 2866/2006/1771 2867/2007/1772
f 2869/2009/1774 2868/2008/1773 2867/2007/1772
f 2870/2010/1775 2868/2008/1773 2869/2009/1774
f 2871/2011/1776 2870/2010/1775 2869/2009/1774
f 2872/2012/1777 2873/1992/1778 2874/1995/1779
f 2875/2013/1780 2872/2012/1777 2874/1995/1779
f 2876/2014/1781 2872/2012/1777 2875/2013/1780
f 2877/2015/1782 2876/2014/1781 2875/2013/1780
f 2878/2016/1783 2876/2014/1781 2877/2015/1782
f 2879/2017/1784 2878/2016/1783 2877/2015/1782
f 2880/1989/1785 2878/2016/1783 2879/2017/1784
f 2881/1990/1786 2880/1989/1785 2879/2017/1784
s 0
f 2882/2018/1787 2883/2019/1787 2884/2020/1787
f 2885/2021/1787 2882/2018/1787 2884/2020/1787
s 1
f 2886/2022/1788 2882/2018/1789 2885/2021/1789
f 2887/2023/1788 2886/2022/1788 2885/2021/1789
f 2888/2024/1790 2886/2022/1788 2887/2023/1788
f 2889/2025/1790 2888/2024/1790 2887/2023/1788
f 2890/2026/1791 2888/2024/1790 2889/2025/1790
f 2891/2027/1791 2890/2026/1791 2889/2025/1790
f 2892/2028/1792 2893/2029/1793 2894/2029/1794
f 2895/2028/1795 2892/2028/1792 2894/2029/1794
f 2896/2030/1796 2892/2028/1792 2895/2028/1795
f 2897/2030/1797 2896/2030/1796 2895/2028/1795
f 2898/2031/1798 2896/2030/1796 2897/2030/1797
f 2899/2031/1799 2898/2031/1798 2897/2030/1797
f 2900/2032/1800 2898/2031/1798 2899/2031/1799
f 2901/2032/1801 2900/2032/1800 2899/2031/1799
f 2902/2033/1802 2900/2032/1800 2901/2032/1801
f 2903/2033/1803 2902/2033/1802 2901/2032/1801
f 2904/2034/1804 2902/2033/1802 2903/2033/1803
f 2905/2034/1805 2904/2034/1804 2903/2033/1803
f 2906/2035/1806 2904/2034/1804 2905/2034/1805
f 2907/2035/1807 2906/2035/1806 2905/2034/1805
f 2908/2036/1808 2906/2035/1806 2907/2035/1807
f 2909/2036/1794 2908/2036/1808 2907/2035/1807
f 2910/2037/1809 2911/2038/1810 2912/2038/1811
f 2913/2037/1812 2910/2037/1809 2912/2038/1811
f 2914/2039/1813 2910/2037/1809 2913/2037/1812
f 2915/2039/1814 2914/2039/1813 2913/2037/1812
f 2916/2040/1815 2914/2039/1813 2915/2039/1814
f 2917/2040/1816 2916/2040/1815 2915/2039/1814
f 2918/2041/1817 2916/2040/1815 2917/2040/1816
f 2919/2041/1818 2918/2041/1817 2917/2040/1816
f 2920/2042/1819 2918/2041/1817 2919/2041/1818
f 2921/2042/1820 2920/2042/1819 2919/2041/1818
f 2922/2043/1821 2920/2042/1819 2921/2042/1820
f 2923/2043/1822 2922/2043/1821 2921/2042/1820
f 2924/2044/1823 2922/2043/1821 2923/2043/1822
f 2925/2044/1824 2924/2044/1823 2923/2043/1822
f 2926/2045/1825 2924/2044/1823 2925/2044/1824
f 2927/2045/1811 2926/2045/1825 2925/2044/1824
f 2928/2038/1826 2929/2046/1827 2930/2047/1828
f 2931/2037/1829 2928/2038/1826 2930/2047/1828
f 2931/2037/1829 2930/2047/1828 2932/2048/1830
f 2933/2039/1831 2931/2037/1829 2932/2048/1830
f 2933/2039/1831 2932/2048/1830 2934/2049/1832
f 2935/2040/1833 2933/2039/1831 2934/2049/1832
f 2935/2040/1833 2934/2049/1832 2936/2050/1834
f 2937/2041/1835 2935/2040/1833 2936/2050/1834
f 2937/2041/1835 2936/2050/1834 2938/2051/1836
f 2939/2042/1837 2937/2041/1835 2938/2051/1836
f 2939/2042/1837 2938/2051/1836 2940/2052/1838
f 2941/2043/1839 2939/2042/1837 2940/2052/1838
f 2941/2043/1839 2940/2052/1838 2942/2053/1840
f 2943/2044/1841 2941/2043/1839 2942/2053/1840
f 2943/2044/1841 2942/2053/1840 2944/2054/1842
f 2945/2045/1843 2943/2044/1841 2944/2054/1842
f 2946/2029/1844 2947/2055/1845 2948/2056/1846
f 2949/2028/1847 2946/2029/1844 2948/2056/1846
f 2949/2028/1847 2948/2056/1846 2950/2057/1848
f 2951/2030/1849 2949/2028/1847 2950/2057/1848
f 2951/2030/1849 2950/2057/1848 2952/2058/1850
f 2953/2031/1851 2951/2030/1849 2952/2058/1850
f 2953/2031/1851 2952/2058/1850 2954/2059/1852
f 2955/2032/1853 2953/2031/1851 2954/2059/1852
f 2955/2032/1853 2954/2059/1852 2956/2060/1854
f 2957/2033/1855 2955/2032/1853 2956/2060/1854
f 2957/2033/1855 2956/2060/1854 2958/2061/1856
f 2959/2034/1857 2957/2033/1855 2958/2061/1856
f 2959/2034/1857 2958/2061/1856 2960/2062/1858
f 2961/2035/1859 2959/2034/1857 2960/2062/1858
f 2961/2035/1859 2960/2062/1858 2962/2063/1845
f 2963/2036/1844 2961/2035/1859 2962/2063/1845
s 0
f 2964/1897/1860 2965/1896/1860 2966/1977/1860
f 2967/1888/1861 2968/1889/1861 2969/1889/1861
f 2970/1888/1862 2971/1888/1862 2972/1889/1862
f 2973/1896/1863 2974/1896/1863 2975/1977/1863
f 2976/1896/1864 2977/1977/1864 2978/1977/1864
f 2979/1891/1865 2980/1892/1865 2981/1892/1865
f 2982/1891/1866 2983/1891/1866 2984/1892/1866
f 2985/1953/1867 2986/1953/1867 2987/1999/1867
s 1
f 2988/1953/1868 2989/1999/1868 2990/1999/1868
o Object_98
v 0.002751 0.343183 -0.018061
v 0.005314 0.346861 -0.007780
v 0.004957 0.345378 -0.007770
v -0.001028 0.333723 -0.021355
v 0.002768 0.342024 -0.017070
v -0.000224 0.333688 -0.020060
v 0.033786 0.331552 -0.029389
v 0.040638 0.336433 -0.011870
v 0.058016 0.310025 -0.040665
v 0.069845 0.314744 -0.015586
v 0.075106 0.286807 -0.048973
v 0.090164 0.290953 -0.019101
v 0.086991 0.267120 -0.053135
v 0.102724 0.270827 -0.022701
v 0.096849 0.249628 -0.053103
v 0.110314 0.252760 -0.027128
v 0.113519 0.229182 -0.052448
v 0.121924 0.231157 -0.036175
v 0.147962 0.207198 -0.057493
v 0.148898 0.207415 -0.055696
v 0.078686 0.231372 -0.061745
v 0.061208 0.250465 -0.061492
v 0.105678 0.215815 -0.059450
v 0.147462 0.205658 -0.058451
v 0.037741 0.330855 0.006520
v 0.004914 0.341611 0.001628
v 0.002636 0.333138 0.004852
v 0.026891 0.318396 0.013514
v 0.000815 0.329148 0.000220
v 0.020294 0.312558 0.005011
v -0.000212 0.328888 -0.007541
v 0.018060 0.312214 -0.009853
v -0.000969 0.329491 -0.015314
v 0.017008 0.313137 -0.024823
v 0.021621 0.319324 -0.034327
v 0.036336 0.297329 -0.047223
v 0.048275 0.273042 -0.056656
v 0.064171 0.308489 0.011242
v 0.044536 0.295283 0.021932
v 0.032931 0.289361 0.009924
v 0.029313 0.289334 -0.011533
v 0.027818 0.290637 -0.033201
v 0.038056 0.265037 -0.039850
v 0.052364 0.239767 -0.044802
v 0.074294 0.218927 -0.048728
v 0.105784 0.206456 -0.052589
v 0.083698 0.282885 0.012984
v 0.059722 0.267817 0.025888
v 0.045195 0.261779 0.011624
v 0.040321 0.262668 -0.013979
v 0.055786 0.235606 -0.018694
v 0.079056 0.213448 -0.027152
v 0.110398 0.202130 -0.039818
v 0.098187 0.259323 0.009463
v 0.076125 0.240077 0.021906
v 0.061666 0.233289 0.007205
v 0.085453 0.210028 -0.005576
v 0.115616 0.199323 -0.026857
v 0.110280 0.238916 -0.001163
v 0.096580 0.217100 0.007453
v 0.121444 0.204375 -0.018186
v 0.125352 0.220596 -0.021475
v 0.147777 0.204573 -0.057843
v 0.148466 0.204064 -0.056520
v 0.149177 0.203731 -0.055153
v 0.149706 0.204309 -0.054136
v 0.149647 0.206186 -0.054255
v 0.148898 0.207415 -0.055696
v 0.121924 0.231157 -0.036175
v 0.110314 0.252760 -0.027128
v 0.102724 0.270827 -0.022701
v 0.090164 0.290953 -0.019101
v 0.069845 0.314744 -0.015586
v 0.040638 0.336433 -0.011870
v 0.004957 0.345378 -0.007770
v 0.005314 0.346861 -0.007780
v 0.005116 0.342731 0.002644
v 0.002130 0.333122 0.006290
v -0.000160 0.328175 0.000876
v -0.001231 0.327757 -0.007450
v -0.002065 0.328539 -0.015779
v -0.027041 0.336675 -0.043346
v -0.037570 0.352064 -0.042502
v -0.010575 0.355471 -0.027662
v -0.008890 0.343035 -0.032140
v -0.036948 0.320869 -0.062722
v -0.054147 0.335568 -0.066193
v -0.052014 0.357613 -0.029487
v -0.016694 0.360475 -0.006178
v -0.006149 0.356662 -0.026824
v -0.008561 0.345088 -0.030970
v -0.005626 0.339019 -0.016305
v 0.000199 0.361006 -0.006235
v -0.075587 0.338746 -0.054149
v 0.035050 0.358486 -0.030236
v 0.018989 0.353398 -0.044089
v 0.006584 0.337553 -0.044759
v 0.008883 0.328580 -0.034610
v 0.018908 0.326162 -0.021255
v -0.000495 0.337872 -0.007217
v -0.012241 0.336774 -0.017054
v -0.029618 0.328431 -0.033986
v -0.039496 0.311355 -0.050599
v -0.047121 0.291144 -0.069175
v -0.043793 0.302550 -0.081676
v -0.063605 0.317338 -0.086923
v -0.088808 0.318159 -0.076263
v -0.069794 0.302741 -0.103454
v -0.095454 0.302246 -0.094557
v -0.050765 0.286812 -0.099859
v -0.055081 0.273461 -0.090065
v -0.071470 0.265495 -0.079599
v -0.062691 0.285012 -0.056193
v -0.052579 0.307590 -0.037085
v -0.038929 0.326683 -0.021538
v -0.017488 0.335874 -0.007239
v 0.004673 0.337936 0.001922
v 0.029779 0.325436 -0.008369
v -0.075591 0.291690 -0.116250
v -0.097910 0.290908 -0.109479
v -0.060551 0.276304 -0.117331
v -0.065536 0.263176 -0.112984
v -0.080500 0.255182 -0.106810
v -0.096375 0.249060 -0.100775
v -0.089114 0.259453 -0.069916
v -0.079629 0.280616 -0.044262
v -0.066866 0.305456 -0.024465
v -0.048924 0.326554 -0.009507
v -0.022693 0.336262 0.002632
v -0.100820 0.254353 -0.132114
v -0.090121 0.258326 -0.134470
v -0.079878 0.263512 -0.136463
v -0.075715 0.272029 -0.136049
v -0.084333 0.282010 -0.131634
v -0.098813 0.281502 -0.127516
v -0.110004 0.253668 -0.097754
v -0.105338 0.264348 -0.067548
v -0.095922 0.285666 -0.041726
v -0.071986 0.314342 -0.010496
v -0.057998 0.333666 -0.004093
v -0.024608 0.342424 0.009092
v 0.007953 0.343352 0.007667
v 0.040092 0.332511 -0.002679
v 0.044141 0.349614 -0.012504
v 0.006246 0.355359 0.004523
v -0.023155 0.354855 0.005441
v -0.060806 0.349805 -0.013039
v -0.087091 0.328469 -0.034737
v -0.102732 0.304666 -0.056936
v -0.110757 0.285880 -0.079201
v -0.112710 0.274699 -0.101555
v -0.109540 0.270986 -0.126400
v -0.109298 0.257342 -0.129075
v -0.097910 0.290908 -0.109479
v -0.095454 0.302246 -0.094557
v -0.088808 0.318159 -0.076263
v -0.075587 0.338746 -0.054149
v -0.052014 0.357613 -0.029487
v -0.016694 0.360475 -0.006178
v 0.000199 0.361006 -0.006235
v 0.035050 0.358486 -0.030236
v 0.058163 0.338529 -0.055109
v 0.069959 0.326954 -0.033818
v 0.070818 0.317464 -0.076479
v 0.084793 0.302720 -0.055624
v 0.077132 0.301523 -0.093747
v 0.050884 0.302386 -0.103921
v 0.070818 0.317464 -0.076479
v 0.044320 0.317163 -0.088539
v 0.030938 0.285928 -0.101240
v 0.022817 0.301806 -0.083626
v 0.034961 0.271863 -0.091203
v 0.025766 0.289536 -0.070317
v 0.051498 0.263286 -0.079904
v 0.041820 0.282624 -0.056111
v 0.069376 0.256710 -0.069331
v 0.059392 0.277537 -0.042971
v 0.086126 0.261629 -0.066166
v 0.076738 0.282564 -0.039774
v 0.092309 0.284148 -0.077595
v 0.062241 0.308769 -0.018691
v 0.077132 0.301523 -0.093747
v 0.079645 0.290155 -0.108253
v 0.094342 0.273409 -0.100141
v 0.091409 0.251943 -0.097016
v 0.077676 0.247395 -0.100735
v 0.061796 0.253843 -0.107273
v 0.046850 0.262193 -0.113862
v 0.041979 0.275672 -0.118067
v 0.057240 0.291220 -0.115942
v 0.079645 0.290155 -0.108253
v 0.081143 0.281011 -0.126964
v 0.091836 0.270380 -0.125836
v 0.091597 0.256751 -0.128840
v 0.083148 0.253863 -0.132155
v 0.072484 0.257955 -0.134678
v 0.062274 0.263254 -0.136797
v 0.058124 0.271812 -0.136283
v 0.066711 0.281685 -0.131423
v 0.080944 0.275607 -0.157802
v 0.081708 0.276472 -0.157046
v 0.081143 0.281011 -0.126964
v 0.083149 0.276424 -0.156651
v 0.083149 0.276424 -0.156651
v 0.084308 0.275507 -0.156872
v 0.084408 0.274321 -0.157569
v 0.083594 0.274063 -0.157967
v 0.082497 0.274412 -0.158077
v 0.081434 0.274866 -0.158112
v 0.006905 0.315602 0.051871
v 0.004884 0.324915 0.032667
v -0.000249 0.332938 0.047715
v 0.003161 0.322256 0.059775
v -0.008974 0.334979 0.049940
v -0.006612 0.324889 0.064057
v -0.015087 0.333482 0.037698
v -0.015971 0.321687 0.061808
v -0.015131 0.328660 0.034102
v -0.016047 0.317046 0.056671
v -0.010534 0.323879 0.030850
v -0.010798 0.312945 0.051389
v 0.001719 0.345169 0.021790
v 0.004084 0.338575 0.019265
v -0.004476 0.344844 0.026783
v -0.010292 0.344722 0.020528
v -0.011232 0.342782 0.018207
v -0.007808 0.338349 0.016864
v -0.003885 0.334272 0.015779
v -0.005304 0.319534 0.027966
v -0.004817 0.309330 0.046547
v -0.000619 0.346007 -0.000738
v 0.000264 0.348095 0.000446
v -0.002477 0.349951 0.000903
v -0.005601 0.348193 0.000371
v -0.004940 0.345392 -0.001205
v -0.003859 0.345225 -0.001767
v -0.002423 0.345016 -0.001432
v -0.001425 0.344782 -0.001205
v 0.000698 0.333397 0.016269
v 0.000671 0.318846 0.027858
v 0.002037 0.309313 0.045573
v -0.002977 0.343815 -0.002191
v -0.000735 0.343680 -0.002002
v -0.004885 0.344261 -0.002355
v -0.006359 0.345105 -0.001685
v -0.006704 0.349244 0.000289
v -0.002506 0.351457 0.001139
v 0.001378 0.349136 0.000510
v 0.000858 0.345870 -0.001092
v -0.000735 0.343680 -0.002002
v -0.001425 0.344782 -0.001205
v 0.000698 0.333397 0.016269
v 0.000671 0.318846 0.027858
v 0.002037 0.309313 0.045573
v 0.004466 0.298305 0.057956
v 0.009517 0.304054 0.064767
v 0.006181 0.308792 0.074230
v -0.003229 0.309415 0.080078
v -0.012516 0.305448 0.078356
v -0.012812 0.301738 0.072438
v -0.007885 0.299262 0.065859
v -0.002222 0.297284 0.059717
v 0.004466 0.298305 0.057956
v 0.008416 0.286355 0.068016
v 0.013003 0.291000 0.074174
v 0.010836 0.293325 0.083362
v 0.003436 0.291831 0.089487
v -0.004330 0.287461 0.088417
v -0.004939 0.285057 0.082817
v -0.001282 0.284481 0.076271
v 0.003009 0.284368 0.070095
v 0.008416 0.286355 0.068016
v 0.011775 0.270491 0.076879
v 0.015014 0.272680 0.075229
v 0.025375 0.255619 0.075910
v 0.026155 0.256508 0.075410
v 0.015014 0.272680 0.075229
v 0.018306 0.275718 0.079543
v 0.017581 0.276086 0.086230
v 0.013372 0.273579 0.090855
v 0.008441 0.269830 0.090299
v 0.007675 0.268714 0.086277
v 0.009514 0.269428 0.081453
v 0.024966 0.254988 0.077295
v 0.026155 0.256508 0.075410
v 0.027182 0.257391 0.076715
v 0.027255 0.257172 0.078739
v 0.026339 0.256009 0.080140
v 0.025033 0.254667 0.079973
v 0.024676 0.254471 0.078756
v -0.016989 0.334769 -0.001331
v -0.011801 0.335639 -0.001263
v -0.012148 0.336975 -0.000613
v -0.012650 0.328886 0.015760
v -0.016786 0.336028 -0.000495
v -0.021121 0.337071 -0.000424
v -0.019578 0.311269 0.029320
v -0.023061 0.328097 0.013275
v -0.020135 0.337579 0.000623
v -0.024253 0.349264 0.004885
v -0.026974 0.303802 0.041123
v -0.033799 0.312378 0.021481
v -0.031286 0.332727 0.013306
v -0.023155 0.348363 0.005441
v -0.016318 0.349975 0.005255
v -0.038259 0.307319 0.029737
v -0.040643 0.296519 0.048439
v -0.044250 0.320425 0.020179
v -0.031992 0.340445 0.014840
v -0.015990 0.348486 0.005217
v -0.003682 0.351220 0.000095
v -0.003670 0.349695 0.000085
v -0.017992 0.349747 0.025607
v -0.041466 0.334517 0.020801
v -0.046965 0.316872 0.026336
v -0.047822 0.302400 0.034322
v -0.057770 0.291925 0.051606
v -0.059592 0.298644 0.038351
v -0.077912 0.291001 0.050139
v -0.076189 0.296064 0.041589
v -0.100519 0.294927 0.036453
v -0.099862 0.295731 0.035267
v -0.076211 0.303703 0.038576
v -0.099610 0.296933 0.034895
v -0.088783 0.312960 0.032798
v -0.004476 0.348376 0.026783
v -0.027609 0.343009 0.044074
v -0.002761 0.335821 0.050789
v -0.082482 0.310720 0.059379
v -0.065131 0.321095 0.065249
v -0.072397 0.320344 0.030595
v -0.062403 0.309480 0.033522
v -0.054125 0.313588 0.029386
v -0.052026 0.329675 0.024211
v -0.035125 0.335767 0.056060
v -0.020038 0.325639 0.067010
v -0.002761 0.319533 0.046559
v -0.011456 0.308276 0.064108
v -0.038917 0.316239 0.078010
v -0.061581 0.307629 0.078688
v -0.083713 0.300990 0.067966
v -0.049121 0.329377 0.063862
v -0.062840 0.324717 0.027704
v -0.031815 0.297485 0.075957
v -0.057177 0.290380 0.077179
v -0.082121 0.289121 0.066773
v -0.079875 0.286970 0.059173
v -0.056334 0.286734 0.065576
v -0.033909 0.292359 0.063364
v -0.016116 0.301959 0.053291
v -0.005778 0.311821 0.037932
v -0.002520 0.330766 0.018761
v -0.002732 0.336750 0.022862
v -0.007634 0.338398 -0.000495
v -0.003406 0.341256 0.000510
v -0.006602 0.337412 -0.001034
v -0.003327 0.339954 -0.000280
v -0.011801 0.335639 -0.001263
v -0.012148 0.336975 -0.000613
v -0.012650 0.328886 0.015760
v -0.019578 0.311269 0.029320
v -0.026974 0.303802 0.041123
v -0.040643 0.296519 0.048439
v -0.057770 0.291925 0.051606
v -0.077912 0.291001 0.050139
v -0.101208 0.294284 0.037717
v -0.100519 0.294927 0.036453
v -0.100195 0.298216 0.036140
v -0.101139 0.298012 0.037934
v -0.101815 0.296476 0.039089
v -0.101768 0.294614 0.038824
v 0.170044 0.311047 -0.007712
v 0.169344 0.311285 -0.008761
v 0.169742 0.312295 -0.006337
v 0.168275 0.312302 -0.009316
v 0.168515 0.313919 -0.006247
v 0.167184 0.314845 -0.007481
v 0.167219 0.313403 -0.009711
v 0.166637 0.314444 -0.009236
v 0.001835 0.225697 -0.148292
v 0.000910 0.224809 -0.148235
v 0.001163 0.227430 -0.148582
v -0.000657 0.224665 -0.148327
v -0.000744 0.228108 -0.148812
v -0.002614 0.227299 -0.148833
v -0.002229 0.224701 -0.148444
v -0.003198 0.225522 -0.148627
v 0.084408 0.274321 -0.157569
v 0.083594 0.274063 -0.157967
v 0.084308 0.275507 -0.156872
v 0.082497 0.274412 -0.158077
v 0.083149 0.276424 -0.156651
v 0.081708 0.276472 -0.157046
v 0.081434 0.274866 -0.158112
v 0.080944 0.275607 -0.157802
v 0.149706 0.204309 -0.054136
v 0.149177 0.203731 -0.055153
v 0.149647 0.206186 -0.054255
v 0.148466 0.204064 -0.056520
v 0.148898 0.207415 -0.055696
v 0.147962 0.207198 -0.057493
v 0.147777 0.204573 -0.057843
v 0.147462 0.205658 -0.058451
v -0.039153 0.269395 -0.040221
v -0.046121 0.247124 -0.050736
v -0.026580 0.269835 -0.049458
v -0.019740 0.292248 -0.039479
v -0.030759 0.292063 -0.031223
v -0.051287 0.273156 -0.039860
v -0.041264 0.295937 -0.030613
v -0.009589 0.293330 -0.048721
v -0.058501 0.251003 -0.050347
v -0.063484 0.231075 -0.065031
v -0.052724 0.227018 -0.065793
v -0.033143 0.247994 -0.059949
v -0.015032 0.271182 -0.059870
v -0.007316 0.297968 -0.058674
v -0.000510 0.319731 -0.041994
v -0.002708 0.315234 -0.034564
v -0.010867 0.314268 -0.027247
v -0.019640 0.314184 -0.020609
v -0.027661 0.318048 -0.019615
v -0.004235 0.334836 -0.005139
v -0.009534 0.338155 -0.003882
v 0.002007 0.334888 -0.009873
v 0.007903 0.335696 -0.014967
v 0.009929 0.339535 -0.019641
v 0.004141 0.346711 -0.021183
v -0.009874 0.328103 -0.045811
v -0.020000 0.306454 -0.064766
v -0.012608 0.276021 -0.071369
v -0.021189 0.249856 -0.070327
v -0.041004 0.228306 -0.073624
v -0.059470 0.212133 -0.087560
v -0.066455 0.215455 -0.086438
v -0.051337 0.213349 -0.092507
v -0.030115 0.230683 -0.082348
v -0.018521 0.255385 -0.081763
v -0.027399 0.284492 -0.078873
v -0.036321 0.309394 -0.058299
v -0.022596 0.331108 -0.040211
v -0.004587 0.349306 -0.016755
v -0.005143 0.350604 -0.017330
v 0.004626 0.347720 -0.022218
v 0.011327 0.339478 -0.020247
v 0.009033 0.334745 -0.014588
v -0.046138 0.287157 -0.071891
v -0.033476 0.264496 -0.089185
v -0.027230 0.236951 -0.091579
v -0.043670 0.215478 -0.097873
v -0.064717 0.205607 -0.117445
v -0.066087 0.205372 -0.116702
v -0.052704 0.266943 -0.082199
v -0.039836 0.246818 -0.096963
v -0.041118 0.220818 -0.102976
v -0.063405 0.206013 -0.118219
v -0.056867 0.249104 -0.090683
v -0.048827 0.229041 -0.105001
v -0.062870 0.207012 -0.118821
v -0.060264 0.230795 -0.100526
v -0.063969 0.208539 -0.118814
v -0.065821 0.208854 -0.118026
v -0.030253 0.326840 -0.029013
v -0.022596 0.331108 -0.040211
v -0.036321 0.309394 -0.058299
v -0.045482 0.304929 -0.043704
v -0.046138 0.287157 -0.071891
v -0.056431 0.282341 -0.055222
v -0.052704 0.266943 -0.082199
v -0.063485 0.261207 -0.065604
v -0.056867 0.249104 -0.090683
v -0.067048 0.242408 -0.077036
v -0.060264 0.230795 -0.100526
v -0.067846 0.225015 -0.092588
v -0.065821 0.208854 -0.118026
v -0.067197 0.207767 -0.116987
v -0.067171 0.205985 -0.116388
v -0.010468 0.345675 -0.009354
v -0.004587 0.349306 -0.016755
v 0.002717 0.333787 -0.009093
v -0.004009 0.333826 -0.004019
v -0.010393 0.337952 -0.002638
v -0.011653 0.346576 -0.009021
v -0.005143 0.350604 -0.017330
v 0.166637 0.314444 -0.009236
v 0.167219 0.313403 -0.009711
v 0.132610 0.311122 -0.004972
v 0.135637 0.302451 -0.008008
v 0.168275 0.312302 -0.009316
v 0.108204 0.312617 -0.003685
v 0.141373 0.292795 -0.004140
v 0.169344 0.311285 -0.008761
v 0.109742 0.298437 -0.007529
v 0.090986 0.316306 -0.003489
v 0.147206 0.283779 0.000938
v 0.170044 0.311047 -0.007712
v 0.113746 0.282244 -0.000399
v 0.088466 0.299882 -0.007342
v 0.074768 0.320987 -0.003127
v 0.068656 0.305608 -0.006876
v 0.054919 0.327853 -0.002938
v 0.086645 0.281109 0.001768
v 0.117949 0.267044 0.008565
v 0.151162 0.281179 0.009374
v 0.169742 0.312295 -0.006337
v 0.168515 0.313919 -0.006247
v 0.149800 0.291145 0.019361
v 0.121364 0.262275 0.022122
v 0.085143 0.263483 0.012984
v 0.061337 0.288398 0.002315
v 0.047882 0.315161 -0.006384
v 0.030803 0.336228 -0.003778
v 0.167184 0.314845 -0.007481
v 0.143242 0.305022 0.018966
v 0.121650 0.278214 0.036766
v 0.085657 0.257936 0.029106
v 0.054400 0.272312 0.013599
v 0.038561 0.301467 0.001434
v 0.025699 0.326509 -0.006339
v 0.004371 0.340678 -0.005668
v 0.002630 0.334642 -0.006776
v 0.018229 0.316413 -0.000518
v -0.000717 0.328518 -0.003219
v 0.010893 0.307133 0.006672
v -0.004127 0.322920 0.001071
v -0.004783 0.321944 0.000100
v -0.000979 0.327810 -0.004544
v 0.002594 0.334449 -0.008288
v 0.004665 0.341650 -0.006806
v 0.029558 0.288770 0.011090
v 0.051909 0.267593 0.029707
v 0.089437 0.276381 0.045545
v 0.117527 0.301200 0.034649
v 0.135876 0.313620 0.008593
v 0.166637 0.314444 -0.009236
v 0.132610 0.311122 -0.004972
v 0.111772 0.316000 0.017395
v 0.108204 0.312617 -0.003685
v 0.093436 0.320192 0.021080
v 0.090986 0.316306 -0.003489
v 0.075634 0.325272 0.021352
v 0.025534 0.285533 0.025083
v 0.058476 0.285195 0.045996
v 0.092756 0.303017 0.041999
v 0.007060 0.305157 0.017088
v 0.032290 0.300517 0.039491
v 0.068630 0.309870 0.042310
v 0.011326 0.316980 0.027806
v 0.044629 0.320511 0.036560
v 0.020790 0.332008 0.025618
v 0.054347 0.332281 0.018459
v 0.029147 0.340301 0.012144
v -0.006465 0.321881 0.006914
v -0.005727 0.329354 0.012480
v -0.001920 0.338582 0.010780
v 0.002112 0.344890 -0.000495
v 0.074768 0.320987 -0.003127
v 0.054919 0.327853 -0.002938
v 0.030803 0.336228 -0.003778
v 0.004371 0.340678 -0.005668
v 0.004665 0.341650 -0.006806
v 0.002256 0.346401 -0.000356
v -0.002337 0.339598 0.011838
v -0.006721 0.329421 0.013634
v -0.007686 0.320988 0.007109
v -0.190967 0.310512 -0.024904
v -0.190901 0.309320 -0.026443
v -0.191387 0.309426 -0.025644
v -0.190040 0.309806 -0.027043
v -0.189894 0.311520 -0.025159
v -0.188884 0.311789 -0.026228
v -0.189171 0.310381 -0.027543
v -0.188613 0.311127 -0.027408
v 0.029147 0.340302 0.012144
v 0.012862 0.347865 0.001550
v 0.006246 0.348867 0.004523
v 0.012528 0.349747 0.025608
v 0.037217 0.336491 0.030989
v 0.022087 0.343009 0.044074
v 0.056059 0.307629 0.078689
v 0.059609 0.321095 0.065250
v 0.033395 0.316239 0.078010
v 0.043599 0.329377 0.063862
v 0.014516 0.325639 0.067010
v 0.029602 0.335767 0.056060
v -0.002761 0.335821 0.050789
v -0.004476 0.348376 0.026783
v -0.003670 0.349695 0.000085
v 0.006517 0.350368 0.004480
v 0.013858 0.348667 0.000720
v 0.015484 0.336961 -0.000466
v 0.014613 0.337579 0.000623
v 0.025123 0.332470 0.014064
v 0.038728 0.320425 0.020180
v -0.003682 0.351220 0.000095
v -0.002761 0.319533 0.046559
v 0.005934 0.308276 0.064108
v 0.026292 0.297485 0.075957
v 0.051655 0.290380 0.077179
v 0.011501 0.334777 -0.001333
v 0.015484 0.336961 -0.000466
v 0.014613 0.337579 0.000623
v 0.011264 0.336028 -0.000495
v 0.006280 0.335638 -0.001262
v 0.006626 0.336975 -0.000613
v 0.001142 0.337343 -0.001017
v 0.002112 0.338398 -0.000495
v -0.003327 0.339954 -0.000280
v -0.003406 0.341256 0.000510
v -0.002732 0.336750 0.022862
v -0.002944 0.330766 0.018761
v 0.000255 0.311822 0.037932
v 0.010593 0.301959 0.053291
v 0.028387 0.292359 0.063364
v 0.050811 0.286733 0.065576
v 0.007187 0.328886 0.015760
v 0.014056 0.311269 0.029321
v 0.021452 0.303802 0.041123
v 0.035121 0.296519 0.048440
v 0.052248 0.291925 0.051607
v 0.074352 0.286970 0.059174
v 0.072390 0.291001 0.050140
v 0.054070 0.298644 0.038352
v 0.070667 0.296063 0.041590
v 0.056881 0.309480 0.033523
v 0.070689 0.303703 0.038576
v 0.076599 0.289121 0.066774
v 0.096245 0.294614 0.041200
v 0.095685 0.294284 0.040093
v 0.094996 0.294927 0.038829
v 0.094339 0.295731 0.037643
v 0.094087 0.296933 0.037271
v 0.017598 0.328097 0.013275
v 0.028277 0.312378 0.021482
v 0.032737 0.307319 0.029737
v 0.042299 0.302400 0.034323
v 0.048603 0.313588 0.029387
v 0.025123 0.332470 0.014064
v 0.038728 0.320425 0.020180
v 0.041443 0.316872 0.026337
v -0.189171 0.310381 -0.027543
v -0.188613 0.311127 -0.027408
v -0.152456 0.300849 -0.020268
v -0.156983 0.292538 -0.020941
v -0.126326 0.297402 -0.016476
v -0.190040 0.309806 -0.027043
v -0.129966 0.283187 -0.015968
v -0.109154 0.299230 -0.014809
v -0.164296 0.285696 -0.014985
v -0.190901 0.309320 -0.026443
v -0.107625 0.282434 -0.012521
v -0.093222 0.304349 -0.012754
v -0.137178 0.270948 -0.004864
v -0.171583 0.279796 -0.008068
v -0.191387 0.309426 -0.025644
v -0.086594 0.289024 -0.009795
v -0.071986 0.314342 -0.010496
v -0.109072 0.267865 0.002396
v -0.144550 0.260247 0.007637
v -0.175869 0.280416 0.000375
v -0.190967 0.310512 -0.024904
v -0.189894 0.311520 -0.025159
v -0.172701 0.292133 0.007157
v -0.149713 0.260616 0.021377
v -0.111060 0.255098 0.018825
v -0.081689 0.276261 0.005911
v -0.063864 0.302093 -0.007965
v -0.045106 0.327661 -0.009564
v -0.039015 0.318373 -0.007642
v -0.019563 0.345863 -0.010309
v -0.056234 0.292646 0.005743
v -0.077610 0.265214 0.023085
v -0.114663 0.255394 0.035456
v -0.148359 0.280175 0.030241
v -0.163809 0.303686 0.003374
v -0.188884 0.311789 -0.026228
v -0.017205 0.340109 -0.008885
v -0.019730 0.346168 -0.011794
v -0.032411 0.311752 0.002564
v -0.049395 0.284673 0.020746
v -0.078815 0.266167 0.039972
v -0.119246 0.278406 0.043912
v -0.140244 0.300323 0.021790
v -0.155127 0.307470 -0.008337
v -0.188613 0.311127 -0.027408
v -0.152456 0.300849 -0.020268
v -0.130805 0.307786 0.001828
v -0.126326 0.297402 -0.016476
v -0.119411 0.302291 0.031285
v -0.088652 0.287639 0.047695
v -0.048784 0.286407 0.035546
v -0.026281 0.306322 0.013725
v -0.013833 0.336196 -0.002996
v -0.016718 0.339541 -0.010214
v -0.115111 0.311309 0.006183
v -0.097465 0.309048 0.033965
v -0.059388 0.304244 0.042399
v -0.024686 0.308336 0.024701
v -0.010534 0.333046 0.003372
v -0.013006 0.335347 -0.003957
v -0.099466 0.316298 0.008119
v -0.071363 0.320809 0.030456
v -0.031848 0.322349 0.029722
v -0.008865 0.334535 0.009346
v -0.009398 0.332167 0.002860
v -0.076804 0.325213 0.007841
v -0.041466 0.334517 0.020801
v -0.010907 0.343383 0.011565
v -0.007544 0.334091 0.009963
v -0.057998 0.333666 -0.004093
v -0.015222 0.350784 0.006167
v -0.010307 0.343922 0.012859
v -0.018937 0.351885 -0.003188
v -0.015512 0.352014 0.007019
v -0.019584 0.353172 -0.003687
v -0.109154 0.299230 -0.014809
v -0.093222 0.304349 -0.012754
v -0.071986 0.314342 -0.010496
v -0.045106 0.327661 -0.009564
v -0.019563 0.345863 -0.010309
v -0.019730 0.346168 -0.011794
v -0.000744 0.228108 -0.148812
v -0.002614 0.227299 -0.148833
v -0.003110 0.248160 -0.123880
v -0.003198 0.225522 -0.148627
v -0.014787 0.243487 -0.122790
v -0.004477 0.266402 -0.110711
v -0.018608 0.233250 -0.118734
v -0.002229 0.224701 -0.148444
v -0.022902 0.260217 -0.107102
v -0.005193 0.283938 -0.102238
v -0.012703 0.228525 -0.116273
v -0.000657 0.224665 -0.148327
v -0.029183 0.246595 -0.096710
v -0.028245 0.277832 -0.096104
v -0.005545 0.303099 -0.092890
v -0.002973 0.228331 -0.115445
v 0.000910 0.224809 -0.148235
v -0.020073 0.240280 -0.091036
v -0.036267 0.263989 -0.079959
v -0.031273 0.297253 -0.085312
v -0.005776 0.323983 -0.078393
v 0.006749 0.229176 -0.115058
v 0.001835 0.225697 -0.148292
v -0.004840 0.239989 -0.089719
v -0.025002 0.257433 -0.071549
v -0.040264 0.283428 -0.066071
v -0.031652 0.317678 -0.071089
v -0.006420 0.342212 -0.054696
v 0.012586 0.234295 -0.116785
v 0.001163 0.227430 -0.148582
v 0.010412 0.241081 -0.089501
v -0.006021 0.256959 -0.070023
v -0.027723 0.276687 -0.056257
v -0.040679 0.302650 -0.052577
v -0.028475 0.335347 -0.049900
v -0.008142 0.347964 -0.021482
v -0.021142 0.344412 -0.020369
v -0.008155 0.349469 -0.021728
v -0.020147 0.343255 -0.020353
v -0.036087 0.319578 -0.036952
v -0.028051 0.295283 -0.043146
v -0.006555 0.275967 -0.054704
v 0.013004 0.257899 -0.070183
v 0.019702 0.247880 -0.094249
v 0.008626 0.244271 -0.121327
v -0.000744 0.228108 -0.148812
v -0.003110 0.248160 -0.123880
v 0.013791 0.261181 -0.105255
v -0.024145 0.332851 -0.016043
v -0.025259 0.312040 -0.030112
v -0.006754 0.294451 -0.041665
v 0.014665 0.276667 -0.055150
v 0.024679 0.264737 -0.077767
v -0.018131 0.328016 -0.013405
v -0.007069 0.311412 -0.028766
v 0.014595 0.295165 -0.042107
v 0.027708 0.283397 -0.064295
v 0.017501 0.278393 -0.094459
v -0.008161 0.327778 -0.012495
v 0.011155 0.312396 -0.028777
v 0.027708 0.302460 -0.050910
v 0.019747 0.297229 -0.083978
v 0.001810 0.328598 -0.012056
v 0.022305 0.320150 -0.034811
v 0.019678 0.317535 -0.069837
v 0.007833 0.333784 -0.013880
v 0.015354 0.335776 -0.048293
v 0.003855 0.343955 -0.018730
v -0.004477 0.266402 -0.110711
v -0.005193 0.283938 -0.102238
v -0.005545 0.303099 -0.092890
v -0.005776 0.323983 -0.078393
v -0.006420 0.342212 -0.054696
v -0.008142 0.347964 -0.021482
v -0.008155 0.349469 -0.021728
v 0.004813 0.345141 -0.018670
v 0.009123 0.333889 -0.013073
v 0.002330 0.327715 -0.010926
v -0.008195 0.326701 -0.011416
v -0.018723 0.327125 -0.012318
v -0.025497 0.332923 -0.015341
v -0.173987 0.204347 -0.044978
v -0.174437 0.205397 -0.044205
v -0.144356 0.233187 -0.044231
v -0.136008 0.218555 -0.054541
v -0.125985 0.254133 -0.045149
v -0.174082 0.203514 -0.044551
v -0.109228 0.233249 -0.059733
v -0.111573 0.270440 -0.043844
v -0.135110 0.207089 -0.047514
v -0.174461 0.203048 -0.043563
v -0.088742 0.249810 -0.059172
v -0.093935 0.287416 -0.038738
v -0.103768 0.217342 -0.047483
v -0.138731 0.200791 -0.032642
v -0.174869 0.202706 -0.042537
v -0.070214 0.270128 -0.052785
v -0.071056 0.307726 -0.030576
v -0.078639 0.234800 -0.044242
v -0.106361 0.208938 -0.023492
v -0.143047 0.196219 -0.017331
v -0.175249 0.203052 -0.041749
v -0.051530 0.293959 -0.041967
v -0.043501 0.328788 -0.021018
v -0.058419 0.258289 -0.038164
v -0.078765 0.227398 -0.016401
v -0.110536 0.202976 0.001002
v -0.148735 0.201124 -0.006140
v -0.175385 0.204425 -0.041780
v -0.081184 0.222370 0.011862
v -0.056892 0.253029 -0.011451
v -0.041316 0.285114 -0.029979
v -0.031395 0.318024 -0.028878
v -0.012943 0.343779 -0.011978
v -0.008434 0.336736 -0.016154
v -0.013263 0.344981 -0.012860
v -0.007867 0.336977 -0.017549
v -0.006019 0.332546 -0.011995
v -0.004883 0.331815 -0.012702
v -0.005508 0.331213 -0.004293
v -0.004330 0.330258 -0.004455
v -0.005471 0.330643 0.003520
v -0.004280 0.329788 0.003940
v -0.007555 0.333684 0.008725
v -0.024918 0.311448 -0.020768
v -0.023554 0.309192 -0.005911
v -0.023463 0.308109 0.009138
v -0.029062 0.312670 0.019079
v -0.041750 0.324769 0.014978
v -0.012283 0.341488 0.006696
v -0.047877 0.331622 -0.002224
v -0.014570 0.345778 -0.002186
v -0.043501 0.328788 -0.021018
v -0.012943 0.343779 -0.011978
v -0.006853 0.333619 0.010077
v -0.012503 0.342461 0.007850
v -0.015155 0.347174 -0.001999
v -0.013263 0.344981 -0.012860
v -0.039415 0.281673 -0.008149
v -0.039556 0.279757 0.013948
v -0.048707 0.285367 0.028475
v -0.068937 0.301277 0.022297
v -0.078419 0.310788 -0.003036
v -0.057815 0.249722 0.015601
v -0.069245 0.256391 0.033432
v -0.093207 0.277104 0.025976
v -0.092824 0.229877 0.030794
v -0.114636 0.255478 0.023684
v -0.134131 0.236842 0.013209
v -0.103672 0.290309 -0.004985
v -0.122561 0.272752 -0.008339
v -0.136584 0.255553 -0.013898
v -0.151997 0.233766 -0.024255
v -0.153909 0.220104 -0.007901
v -0.120080 0.210212 0.018015
v -0.071056 0.307726 -0.030576
v -0.093935 0.287416 -0.038738
v -0.111573 0.270440 -0.043844
v -0.125985 0.254133 -0.045149
v -0.144356 0.233187 -0.044231
v -0.174437 0.205397 -0.044205
v -0.175035 0.205424 -0.042835
v 0.066003 0.205984 -0.116387
v 0.064920 0.205372 -0.116701
v 0.066029 0.207767 -0.116986
v 0.063550 0.205607 -0.117445
v 0.064654 0.208854 -0.118025
v 0.062801 0.208538 -0.118813
v 0.062238 0.206012 -0.118218
v 0.061702 0.207012 -0.118820
v 0.096245 0.294614 0.041200
v 0.095685 0.294284 0.040093
v 0.096292 0.296475 0.041465
v 0.094996 0.294927 0.038829
v 0.095616 0.298012 0.040310
v 0.094672 0.298216 0.038516
v 0.094339 0.295731 0.037643
v 0.094087 0.296933 0.037271
v 0.025033 0.254667 0.079973
v 0.024676 0.254471 0.078756
v 0.026339 0.256009 0.080140
v 0.024966 0.254988 0.077295
v 0.027255 0.257172 0.078739
v 0.027182 0.257391 0.076715
v 0.025375 0.255619 0.075910
v 0.026155 0.256508 0.075410
v -0.101000 0.190527 -0.037861
v -0.107165 0.194718 -0.030438
v -0.102930 0.220402 -0.034185
v -0.090528 0.214166 -0.047877
v -0.093206 0.184770 -0.037199
v -0.074797 0.205518 -0.046564
v -0.081775 0.239459 -0.054674
v -0.059821 0.229900 -0.052821
v -0.071677 0.267716 -0.055435
v -0.047538 0.257350 -0.053390
v -0.057277 0.297737 -0.048135
v -0.035994 0.285894 -0.046613
v -0.035877 0.325105 -0.031925
v -0.022047 0.312981 -0.031728
v -0.006235 0.343523 -0.007874
v -0.001209 0.335685 -0.008693
v -0.006016 0.344585 -0.008946
v -0.000071 0.335658 -0.009708
v -0.001472 0.332032 -0.003471
v -0.000263 0.331104 -0.003499
v -0.091620 0.183320 -0.030929
v -0.071565 0.203290 -0.034925
v -0.055451 0.227046 -0.037285
v -0.043061 0.253471 -0.036413
v -0.032604 0.280720 -0.031151
v -0.020666 0.307385 -0.020579
v -0.012369 0.348474 -0.000523
v -0.011877 0.347057 -0.000245
v -0.048672 0.330641 -0.017692
v -0.075329 0.303526 -0.029712
v -0.091334 0.273623 -0.035599
v -0.099266 0.245842 -0.036505
v -0.116101 0.166684 -0.028243
v -0.116907 0.167363 -0.027184
v -0.115101 0.165738 -0.028157
v -0.114908 0.165492 -0.027268
v -0.115234 0.165718 -0.026182
v -0.094045 0.184755 -0.023294
v -0.076419 0.205384 -0.020798
v -0.062406 0.228857 -0.018486
v -0.051127 0.254433 -0.015879
v -0.040427 0.280873 -0.012257
v -0.026800 0.307156 -0.006441
v -0.011877 0.347057 -0.000245
v -0.048672 0.330641 -0.017692
v -0.014411 0.344020 0.009076
v -0.052021 0.326035 0.001401
v -0.012101 0.336347 0.013889
v -0.043557 0.314220 0.012671
v -0.008265 0.332445 0.010612
v -0.034079 0.308157 0.007108
v -0.004680 0.331841 0.003673
v -0.050078 0.282212 0.005724
v -0.061298 0.256400 0.003622
v -0.071290 0.231558 -0.000630
v -0.082661 0.208264 -0.007371
v -0.097157 0.186711 -0.016033
v -0.115648 0.166030 -0.025149
v -0.116286 0.166601 -0.024758
v -0.102084 0.190207 -0.013310
v -0.092591 0.213493 -0.002379
v -0.085220 0.237136 0.005959
v -0.076783 0.262048 0.010809
v -0.064016 0.288285 0.012519
v -0.078310 0.299532 -0.003751
v -0.075329 0.303526 -0.029712
v -0.091334 0.273623 -0.035599
v -0.099266 0.245842 -0.036505
v -0.093628 0.271243 -0.007248
v -0.100840 0.244890 -0.010554
v -0.103884 0.220153 -0.014712
v -0.107664 0.194607 -0.019930
v -0.116991 0.167332 -0.025692
v -0.102930 0.220402 -0.034185
v -0.107165 0.194718 -0.030438
v -0.116907 0.167363 -0.027184
v 0.039950 0.220818 -0.102976
v 0.026063 0.236951 -0.091579
v 0.038669 0.246818 -0.096962
v 0.047660 0.229041 -0.105001
v 0.061702 0.207012 -0.118820
v 0.062801 0.208538 -0.118813
v 0.032309 0.264496 -0.089185
v 0.026231 0.284491 -0.078872
v 0.044971 0.287156 -0.071891
v 0.051537 0.266943 -0.082198
v 0.055700 0.249104 -0.090682
v 0.059097 0.230795 -0.100525
v 0.064654 0.208854 -0.118025
v 0.044971 0.287156 -0.071891
v 0.035154 0.309394 -0.058298
v 0.044314 0.304929 -0.043703
v 0.055264 0.282341 -0.055221
v 0.040097 0.295937 -0.030613
v 0.050119 0.273156 -0.039859
v 0.029591 0.292063 -0.031222
v 0.037985 0.269395 -0.040220
v 0.018572 0.292248 -0.039479
v 0.025413 0.269835 -0.049458
v 0.008421 0.293330 -0.048721
v 0.013865 0.271182 -0.059870
v 0.006149 0.297968 -0.058674
v 0.011440 0.276021 -0.071369
v 0.018833 0.306454 -0.064766
v 0.017353 0.255384 -0.081762
v 0.051537 0.266943 -0.082198
v 0.062317 0.261207 -0.065604
v 0.057333 0.251003 -0.050346
v 0.044953 0.247124 -0.050735
v 0.031975 0.247994 -0.059948
v 0.020022 0.249856 -0.070327
v 0.028948 0.230682 -0.082348
v 0.042502 0.215478 -0.097872
v 0.062238 0.206012 -0.118218
v 0.055700 0.249104 -0.090682
v 0.065881 0.242408 -0.077035
v 0.062317 0.231075 -0.065031
v 0.051556 0.227018 -0.065792
v 0.039837 0.228305 -0.073623
v 0.050169 0.213348 -0.092506
v 0.063550 0.205607 -0.117445
v 0.059097 0.230795 -0.100525
v 0.066678 0.225014 -0.092587
v 0.065288 0.215454 -0.086437
v 0.058303 0.212133 -0.087559
v 0.064920 0.205372 -0.116701
v 0.064654 0.208854 -0.118025
v 0.066029 0.207767 -0.116986
v 0.066003 0.205984 -0.116387
v 0.021429 0.331108 -0.040211
v 0.029086 0.326840 -0.029013
v 0.026494 0.318048 -0.019615
v 0.018472 0.314184 -0.020609
v 0.009699 0.314268 -0.027247
v 0.001541 0.315234 -0.034564
v -0.000658 0.319731 -0.041994
v 0.008706 0.328103 -0.045811
v 0.021429 0.331108 -0.040211
v 0.035154 0.309394 -0.058298
v 0.009300 0.345675 -0.009354
v 0.008367 0.338155 -0.003882
v 0.003067 0.334836 -0.005139
v -0.003174 0.334888 -0.009873
v -0.009070 0.335696 -0.014967
v -0.011096 0.339535 -0.019641
v -0.005308 0.346711 -0.021183
v 0.003420 0.349306 -0.016755
v -0.005793 0.347720 -0.022218
v 0.003976 0.350604 -0.017330
v -0.012494 0.339478 -0.020248
v -0.010200 0.334745 -0.014588
v -0.003885 0.333787 -0.009093
v 0.002841 0.333826 -0.004019
v 0.009226 0.337951 -0.002638
v 0.010485 0.346576 -0.009021
v 0.003976 0.350604 -0.017330
v 0.003420 0.349306 -0.016755
v 0.046851 0.302900 -0.022813
v 0.031587 0.305785 -0.036722
v 0.017715 0.310385 -0.051594
v 0.015519 0.320772 -0.064844
v 0.034890 0.335963 -0.068460
v 0.058163 0.338529 -0.055109
v -0.067197 0.207767 -0.116987
v -0.066087 0.205372 -0.116702
v -0.067171 0.205985 -0.116388
v -0.064717 0.205607 -0.117445
v -0.065821 0.208854 -0.118026
v -0.063969 0.208539 -0.118814
v -0.063405 0.206013 -0.118219
v -0.062870 0.207012 -0.118821
v -0.098909 0.276471 -0.157049
v -0.100349 0.276426 -0.156652
v -0.098147 0.275605 -0.157804
v -0.098639 0.274863 -0.158114
v -0.099702 0.274411 -0.158077
v -0.100800 0.274065 -0.157966
v -0.101612 0.274324 -0.157568
v -0.101510 0.275510 -0.156871
v -0.100349 0.276426 -0.156652
v -0.098813 0.281502 -0.127516
v -0.175385 0.204425 -0.041780
v -0.174869 0.202706 -0.042537
v -0.175249 0.203052 -0.041749
v -0.174461 0.203048 -0.043563
v -0.175035 0.205424 -0.042835
v -0.174437 0.205397 -0.044205
v -0.174082 0.203514 -0.044551
v -0.173987 0.204347 -0.044978
v -0.003714 0.330770 0.004171
v -0.007559 0.331544 0.011619
v -0.012197 0.336387 0.015411
v -0.015097 0.345132 0.009864
v -0.012369 0.348474 -0.000523
v -0.101510 0.275510 -0.156871
v -0.100800 0.274065 -0.157966
v -0.101612 0.274324 -0.157568
v -0.099702 0.274411 -0.158077
v -0.100349 0.276426 -0.156652
v -0.098909 0.276471 -0.157049
v -0.098639 0.274863 -0.158114
v -0.098147 0.275605 -0.157804
v 0.041443 0.316872 0.026337
v 0.041169 0.332091 0.038660
v 0.048603 0.313588 0.029387
v 0.050141 0.328326 0.043054
v 0.056881 0.309480 0.033523
v 0.059981 0.321965 0.045920
v 0.070689 0.303703 0.038576
v 0.073755 0.311935 0.046802
v 0.094087 0.296933 0.037271
v 0.094672 0.298216 0.038516
v 0.076960 0.310720 0.059380
v 0.095616 0.298012 0.040310
v 0.078191 0.300990 0.067967
v 0.096292 0.296475 0.041465
v -0.116991 0.167332 -0.025692
v -0.115648 0.166030 -0.025149
v -0.116286 0.166601 -0.024758
v -0.115234 0.165718 -0.026182
v -0.116907 0.167363 -0.027184
v -0.116101 0.166684 -0.028243
v -0.114908 0.165492 -0.027268
v -0.115101 0.165738 -0.028157
v -0.101815 0.296476 0.039089
v -0.101208 0.294284 0.037717
v -0.101768 0.294614 0.038824
v -0.100519 0.294927 0.036453
v -0.101139 0.298012 0.037934
v -0.100195 0.298216 0.036140
v -0.099862 0.295731 0.035267
v -0.099610 0.296933 0.034895
vn 0.5867 -0.7227 0.3655
vn 0.4193 -0.9047 -0.0756
vn 0.9085 0.4061 -0.0980
vn 0.8834 -0.2034 0.4221
vn 0.7413 0.3097 -0.5955
vn 0.2817 -0.3028 -0.9105
vn 0.1562 0.7355 -0.6592
vn 0.4324 0.9013 -0.0252
vn 0.3476 0.6125 -0.7100
vn 0.6801 0.7312 -0.0538
vn 0.4348 0.4970 -0.7510
vn 0.8008 0.5950 -0.0681
vn 0.5016 0.3871 -0.7737
vn 0.8754 0.4755 -0.0872
vn 0.5401 0.3652 -0.7583
vn 0.8810 0.4611 -0.1057
vn 0.4583 0.5333 -0.7110
vn 0.7629 0.6416 -0.0794
vn 0.6234 0.4557 -0.6354
vn 0.8217 0.5130 -0.2483
vn -0.1692 -0.2366 -0.9568
vn -0.3271 -0.1139 -0.9381
vn -0.0176 -0.1912 -0.9814
vn 0.4032 -0.0624 -0.9130
vn 0.2994 0.7028 0.6453
vn 0.8676 0.2783 0.4121
vn 0.4916 -0.3570 0.7943
vn -0.2794 0.1119 0.9536
vn 0.1196 -0.9389 0.3229
vn -0.7403 -0.4828 0.4678
vn 0.0553 -0.9982 -0.0234
vn -0.7937 -0.6035 0.0768
vn 0.0402 -0.9245 -0.3791
vn -0.8285 -0.4698 -0.3049
vn -0.4905 0.1490 -0.8586
vn -0.4442 0.1555 -0.8823
vn -0.4063 0.0511 -0.9123
vn 0.5064 0.5653 0.6511
vn -0.2168 0.0965 0.9714
vn -0.8101 -0.3331 0.4825
vn -0.9039 -0.4169 0.0960
vn -0.9054 -0.3108 -0.2891
vn -0.8857 -0.3608 -0.2922
vn -0.7772 -0.5419 -0.3199
vn -0.5414 -0.7415 -0.3964
vn -0.2463 -0.8203 -0.5162
vn 0.6291 0.3994 0.6668
vn -0.1338 -0.0789 0.9879
vn -0.7723 -0.4139 0.4819
vn -0.8891 -0.4476 0.0958
vn -0.7792 -0.6236 0.0625
vn -0.5388 -0.8418 -0.0323
vn -0.2191 -0.9594 -0.1778
vn 0.7312 0.2264 0.6435
vn 0.0081 -0.3336 0.9427
vn -0.6368 -0.6331 0.4400
vn -0.3615 -0.8748 0.3226
vn -0.0080 -0.9892 0.1465
vn 0.8156 0.1440 0.5604
vn 0.2472 -0.5427 0.8027
vn 0.5192 -0.5846 0.6235
vn 0.8377 0.2335 0.4936
vn 0.4403 -0.5905 -0.6763
vn 0.5519 -0.6723 -0.4934
vn 0.6353 -0.7266 -0.2617
vn 0.9055 -0.3922 0.1620
vn 0.9629 0.2517 0.0969
vn 0.7630 0.6415 -0.0793
vn 0.8811 0.4611 -0.1056
vn 0.8754 0.4755 -0.0871
vn 0.6801 0.7312 -0.0537
vn 0.4324 0.9013 -0.0251
vn 0.9085 0.4062 -0.0979
vn 0.4193 -0.9047 -0.0755
vn 0.4867 -0.6947 -0.5297
vn 0.7529 -0.1968 -0.6281
vn 0.9543 0.1107 -0.2774
vn 0.9910 0.0799 -0.1077
vn 0.9934 0.1030 0.0496
vn 0.7492 -0.0574 -0.6599
vn 0.2154 0.7729 -0.5968
vn 0.0793 0.7579 -0.6476
vn 0.7511 -0.2240 -0.6210
vn 0.8794 0.0855 -0.4684
vn 0.1744 0.7195 -0.6722
vn -0.2774 0.9535 -0.1175
vn -0.0864 0.9880 0.1282
vn -0.1631 0.8325 -0.5294
vn 0.1806 0.0979 -0.9787
vn -0.0562 -0.9835 -0.1721
vn 0.0596 0.9861 0.1550
vn -0.4960 0.8108 -0.3108
vn 0.3042 0.9469 -0.1037
vn -0.2109 0.7946 -0.5693
vn -0.8004 0.0187 -0.5992
vn -0.7292 -0.6836 0.0308
vn -0.5060 -0.8042 0.3118
vn -0.1347 -0.9895 0.0527
vn 0.3446 -0.9321 -0.1112
vn 0.6534 -0.7570 0.0001
vn 0.8147 -0.5533 0.1734
vn 0.8175 -0.5414 0.1965
vn 0.9007 0.0939 -0.4241
vn 0.1722 0.7020 -0.6910
vn -0.5576 0.7307 -0.3939
vn 0.1832 0.7081 -0.6819
vn -0.5647 0.7065 -0.4266
vn 0.8914 0.0509 -0.4503
vn 0.7692 -0.6337 0.0819
vn 0.5066 -0.8095 0.2968
vn 0.5629 -0.6981 0.4425
vn 0.5685 -0.6940 0.4417
vn 0.4375 -0.8526 0.2859
vn 0.1972 -0.9768 0.0838
vn -0.0677 -0.8748 0.4798
vn -0.2341 -0.7342 0.6372
vn 0.1844 0.7484 -0.6371
vn -0.5345 0.7412 -0.4061
vn 0.8284 0.0309 -0.5593
vn 0.6724 -0.7142 -0.1943
vn 0.4068 -0.9133 -0.0210
vn 0.0267 -0.9969 0.0739
vn 0.1395 -0.8826 0.4489
vn 0.2108 -0.7356 0.6438
vn 0.3646 -0.7445 0.5593
vn 0.2373 -0.7571 0.6087
vn 0.0741 -0.8727 0.4826
vn -0.1025 -0.9172 -0.3851
vn 0.2823 -0.8596 -0.4259
vn 0.5486 -0.6363 -0.5424
vn 0.7280 0.1414 -0.6709
vn 0.2001 0.8500 -0.4873
vn -0.4641 0.8470 -0.2593
vn -0.7430 -0.6565 0.1307
vn -0.6662 -0.5677 0.4837
vn -0.6016 -0.3824 0.7013
vn -0.3254 -0.3531 0.8772
vn -0.3875 -0.0489 0.9206
vn -0.1611 -0.2006 0.9664
vn 0.1747 -0.1953 0.9651
vn 0.3728 -0.1233 0.9197
vn 0.5944 0.6359 0.4922
vn 0.2133 0.6408 0.7375
vn -0.2054 0.6478 0.7336
vn -0.5845 0.6540 0.4803
vn -0.8398 0.4569 0.2932
vn -0.9274 0.3303 0.1756
vn -0.9717 0.2310 0.0496
vn -0.9718 0.2195 -0.0857
vn -0.9301 0.3326 -0.1558
vn -0.8063 -0.5352 -0.2520
vn -0.5577 0.7307 -0.3938
vn -0.4960 0.8108 -0.3107
vn -0.0864 0.9880 0.1283
vn 0.0596 0.9861 0.1551
vn 0.5303 0.7892 -0.3098
vn 0.8452 0.4451 0.2960
vn 0.5900 0.7048 -0.3940
vn 0.9391 0.2945 0.1769
vn 0.5933 0.6848 -0.4232
vn -0.1393 0.6939 -0.7065
vn 0.5899 0.7048 -0.3940
vn -0.1328 0.6891 -0.7124
vn -0.8619 0.0452 -0.5051
vn -0.8800 0.0944 -0.4655
vn -0.7692 -0.6384 0.0292
vn -0.8285 -0.5364 0.1606
vn -0.5186 -0.8164 0.2541
vn -0.5849 -0.6959 0.4166
vn -0.1576 -0.8960 0.4150
vn -0.2391 -0.7435 0.6246
vn 0.6485 -0.5931 0.4773
vn 0.5754 -0.4206 0.7014
vn 0.9766 0.2055 0.0638
vn 0.5005 -0.2471 0.8297
vn 0.5933 0.6848 -0.4231
vn 0.5559 0.7366 -0.3852
vn 0.9755 0.2120 -0.0593
vn 0.7371 -0.6639 0.1265
vn -0.0292 -0.9989 0.0364
vn -0.4052 -0.9116 -0.0686
vn -0.6601 -0.7087 -0.2491
vn -0.7928 0.0401 -0.6081
vn -0.1441 0.7491 -0.6465
vn 0.4747 0.8504 -0.2268
vn 0.9346 0.3331 -0.1247
vn 0.8117 -0.5297 -0.2459
vn 0.1100 -0.9075 -0.4054
vn -0.2748 -0.8477 -0.4537
vn -0.5353 -0.6203 -0.5734
vn -0.7041 0.1641 -0.6908
vn -0.1798 0.8625 -0.4731
vn -0.3688 0.4219 -0.8283
vn -0.0299 0.8307 -0.5559
vn 0.4746 0.8505 -0.2268
vn 0.3604 0.8265 -0.4323
vn 0.3604 0.8265 -0.4324
vn 0.6995 0.5556 -0.4495
vn 0.7154 -0.0266 -0.6982
vn 0.2296 -0.2712 -0.9347
vn 0.0054 -0.1778 -0.9841
vn -0.1905 -0.0876 -0.9778
vn 0.9913 0.0642 -0.1145
vn 0.9912 -0.0630 -0.1163
vn 0.6472 0.6663 0.3705
vn 0.7193 0.5989 0.3521
vn -0.3374 0.7773 0.5309
vn -0.0123 0.7958 0.6054
vn -0.9164 0.3844 0.1114
vn -0.8177 0.4407 0.3704
vn -0.9340 -0.2247 -0.2777
vn -0.9517 -0.2731 -0.1403
vn -0.7379 -0.5014 -0.4518
vn -0.7308 -0.5821 -0.3565
vn 0.6483 0.7315 0.2113
vn 0.9937 0.0095 -0.1114
vn -0.0224 0.9432 0.3315
vn -0.6095 0.7883 0.0841
vn -0.9492 0.1121 -0.2941
vn -0.7279 -0.4900 -0.4796
vn -0.4134 -0.6639 -0.6231
vn -0.4152 -0.6910 -0.5917
vn -0.4261 -0.7571 -0.4952
vn 0.7072 -0.5823 0.4009
vn 0.7317 -0.0845 0.6763
vn 0.0079 0.4180 0.9084
vn -0.7942 -0.0098 0.6076
vn -0.3549 -0.8937 0.2747
vn -0.2228 -0.8493 0.4786
vn -0.2713 -0.9157 0.2965
vn 0.2720 -0.8935 0.3573
vn 0.5002 -0.6151 -0.6095
vn 0.4310 -0.6872 -0.5849
vn 0.4845 -0.6883 -0.5399
vn -0.0146 0.3111 0.9503
vn -0.3308 0.2748 0.9028
vn 0.2668 0.2833 0.9212
vn 0.6261 0.0642 0.7771
vn 0.5603 -0.5840 0.5873
vn -0.0124 -0.8836 0.4680
vn -0.6232 -0.5245 0.5801
vn -0.5727 -0.1389 0.8079
vn -0.3307 0.2749 0.9028
vn 0.4309 -0.6872 -0.5849
vn 0.4671 -0.5488 -0.6933
vn 0.9820 0.1034 -0.1578
vn 0.7140 0.5442 0.4404
vn 0.0251 0.6070 0.7943
vn -0.7862 0.1840 0.5900
vn -0.9230 -0.3775 -0.0747
vn -0.7180 -0.5780 -0.3878
vn -0.4193 -0.6879 -0.5924
vn 0.4283 -0.3873 -0.8164
vn 0.9590 0.1871 -0.2127
vn 0.7498 0.4443 0.4903
vn 0.1285 0.3396 0.9317
vn -0.6516 -0.1305 0.7473
vn -0.8496 -0.5274 -0.0060
vn -0.6918 -0.6072 -0.3908
vn -0.4238 -0.6351 -0.6458
vn 0.4283 -0.3873 -0.8165
vn -0.4891 -0.5313 -0.6917
vn 0.2861 -0.1006 -0.9529
vn 0.0492 -0.7825 -0.6207
vn 0.4736 -0.3309 -0.8162
vn 0.8984 0.3417 -0.2759
vn 0.8173 0.3232 0.4771
vn 0.3417 0.0157 0.9397
vn -0.3720 -0.4912 0.7876
vn -0.7124 -0.7012 0.0302
vn -0.6762 -0.6186 -0.4002
vn 0.0119 -0.9273 -0.3740
vn 0.4735 -0.3310 -0.8162
vn 0.9371 -0.0372 -0.3471
vn 0.9757 -0.1240 0.1807
vn 0.7341 -0.4191 0.5342
vn 0.2020 -0.8694 0.4509
vn -0.0527 -0.9905 -0.1273
vn 0.0877 0.3325 0.9390
vn -0.1254 0.3492 0.9286
vn 0.2234 -0.9099 0.3496
vn 0.2695 -0.7834 -0.5601
vn -0.0477 -0.9544 0.2947
vn 0.3055 -0.0477 0.9510
vn 0.3023 -0.7755 -0.5543
vn -0.0303 -0.6827 -0.7301
vn -0.6855 -0.7271 0.0376
vn 0.2749 -0.8623 0.4253
vn 0.2399 -0.8788 -0.4125
vn -0.0346 -0.6801 -0.7323
vn -0.5065 -0.1799 -0.8432
vn -0.5388 0.3529 0.7649
vn 0.3082 -0.7125 0.6303
vn -0.0197 -0.7851 -0.6190
vn 0.2104 -0.8899 -0.4047
vn -0.6734 -0.1997 -0.7118
vn -0.6995 0.5817 -0.4151
vn -0.0192 0.7458 0.6659
vn -0.0004 -0.6462 0.7631
vn -0.0091 0.6112 0.7914
vn -0.2107 0.9711 0.1126
vn -0.6332 0.5830 -0.5092
vn -0.3994 -0.4085 -0.8207
vn 0.0210 -0.7201 -0.6936
vn 0.1210 -0.9063 -0.4049
vn -0.0157 -0.7123 -0.7017
vn 0.0836 -0.8983 -0.4313
vn 0.0766 -0.6894 -0.7203
vn -0.5115 -0.5860 -0.6285
vn -0.3789 -0.4591 -0.8035
vn 0.0175 -0.3738 -0.9273
vn -0.4102 -0.0723 -0.9091
vn -0.5056 0.4934 -0.7078
vn 0.0097 0.9677 0.2519
vn -0.2320 0.9208 0.3134
vn -0.0016 0.6429 0.7659
vn -0.6430 0.6527 0.4008
vn -0.4491 0.7662 0.4596
vn -0.4407 0.4796 -0.7588
vn -0.1857 -0.4022 -0.8965
vn -0.2095 -0.3861 -0.8983
vn -0.4957 0.4975 -0.7119
vn -0.1838 0.8894 0.4185
vn 0.3947 0.4753 0.7863
vn 0.0001 -0.6373 0.7706
vn 0.7770 -0.3049 0.5508
vn 0.1052 0.3590 0.9274
vn -0.2781 0.2440 0.9290
vn -0.6637 0.1881 0.7240
vn -0.2728 0.8513 0.4482
vn -0.4779 0.4871 -0.7310
vn 0.4174 -0.5029 0.7569
vn -0.0267 -0.6239 0.7811
vn -0.4947 -0.6308 0.5978
vn -0.1338 -0.9892 -0.0598
vn 0.1194 -0.9928 0.0087
vn 0.3565 -0.9343 -0.0053
vn 0.5161 -0.8518 -0.0896
vn 0.7030 -0.6576 -0.2708
vn 0.8562 -0.3684 -0.3622
vn -0.0021 0.0443 -0.9990
vn 0.3777 -0.8072 0.4536
vn 0.0623 -0.9511 0.3026
vn -0.3494 0.3070 0.8853
vn -0.0067 0.0979 0.9952
vn -0.1165 0.3513 0.9290
vn 0.3024 -0.7755 -0.5542
vn 0.2104 -0.8899 -0.4046
vn -0.5973 -0.6770 -0.4299
vn -0.8080 0.4400 -0.3920
vn -0.8323 0.5354 -0.1434
vn -0.9743 0.1910 0.1197
vn -0.8969 -0.4405 0.0383
vn 0.9671 -0.1244 -0.2219
vn 0.6577 -0.0593 -0.7510
vn 0.9109 0.3176 0.2633
vn 0.5187 0.1328 -0.8446
vn 0.6390 0.7225 0.2638
vn 0.3623 0.9308 -0.0487
vn 0.3702 0.2812 -0.8854
vn 0.1981 0.7605 -0.6184
vn 0.7075 -0.3031 -0.6384
vn 0.3170 -0.7703 -0.5532
vn 0.4936 0.3046 -0.8146
vn 0.0675 -0.7998 -0.5965
vn 0.0465 0.4573 -0.8881
vn -0.3920 0.2707 -0.8792
vn -0.1845 -0.7876 -0.5880
vn -0.5862 -0.3519 -0.7297
vn 0.7154 -0.0267 -0.6982
vn 0.2297 -0.2712 -0.9347
vn 0.6994 0.5556 -0.4496
vn 0.0053 -0.1778 -0.9840
vn -0.0299 0.8306 -0.5560
vn -0.1905 -0.0877 -0.9778
vn 0.6353 -0.7266 -0.2616
vn 0.5518 -0.6723 -0.4934
vn 0.6234 0.4556 -0.6355
vn 0.4403 -0.5906 -0.6763
vn 0.4032 -0.0623 -0.9130
vn 0.2276 -0.4522 0.8624
vn 0.1962 -0.5512 0.8110
vn 0.5746 -0.4806 0.6624
vn 0.5626 -0.5192 0.6434
vn 0.2232 -0.4695 0.8543
vn -0.5987 -0.1198 0.7920
vn -0.5810 -0.0605 0.8117
vn 0.8280 -0.4340 0.3551
vn -0.6308 -0.2567 0.7323
vn -0.6827 -0.4323 0.5892
vn 0.1197 -0.7375 0.6647
vn 0.5506 -0.5540 0.6244
vn 0.8348 -0.4076 0.3702
vn 0.9080 0.0276 -0.4180
vn 0.9096 0.0150 -0.4152
vn 0.7847 -0.5471 0.2914
vn 0.5088 -0.6464 0.5686
vn 0.1783 -0.5847 0.7914
vn -0.5796 -0.0763 0.8113
vn -0.2770 -0.9596 0.0489
vn -0.8289 -0.5593 0.0074
vn 0.0206 -0.9977 -0.0647
vn 0.1818 -0.9272 -0.3276
vn 0.2107 -0.4986 -0.8408
vn -0.2046 -0.0141 -0.9787
vn 0.2622 0.6272 -0.7334
vn 0.2054 0.5325 -0.8211
vn 0.9033 -0.0085 -0.4289
vn 0.8078 -0.4857 0.3340
vn 0.4820 -0.7189 0.5009
vn -0.0023 -0.9135 0.4069
vn -0.7534 -0.5510 0.3589
vn 0.3655 -0.8893 0.2750
vn 0.7343 -0.6433 0.2168
vn 0.8850 -0.0947 -0.4558
vn 0.1777 0.4477 -0.8764
vn -0.5016 0.6618 -0.5571
vn -0.4193 0.7889 -0.4492
vn -0.6326 0.0971 -0.7683
vn -0.0402 -0.9902 -0.1337
vn -0.5406 -0.8366 0.0882
vn -0.9437 -0.3145 -0.1025
vn -0.8095 0.0593 -0.5841
vn -0.5510 0.5566 -0.6217
vn 0.1642 0.3831 -0.9090
vn 0.8280 -0.2055 -0.5217
vn 0.6114 -0.7913 0.0038
vn -0.0730 -0.8678 -0.4916
vn -0.2799 -0.8961 -0.3444
vn -0.5765 0.4851 -0.6575
vn 0.1484 0.3554 -0.9229
vn 0.7267 -0.2641 -0.6341
vn 0.1327 -0.7948 -0.5922
vn -0.5792 0.4642 -0.6701
vn 0.1361 0.4084 -0.9026
vn 0.2824 -0.3127 -0.9069
vn -0.5491 0.5398 -0.6381
vn -0.1141 0.1972 -0.9737
vn -0.5317 0.2723 -0.8019
vn -0.8138 0.5604 0.1539
vn -0.4194 0.7889 -0.4492
vn -0.5017 0.6618 -0.5570
vn -0.8809 0.4668 0.0787
vn -0.9310 0.3637 0.0301
vn -0.5766 0.4851 -0.6575
vn -0.9658 0.2589 -0.0124
vn -0.5793 0.4642 -0.6700
vn -0.9812 0.1779 -0.0744
vn -0.5491 0.5398 -0.6380
vn -0.9725 0.1846 -0.1424
vn -0.5317 0.2723 -0.8020
vn -0.8417 0.0406 -0.5384
vn -0.7843 -0.5598 -0.2673
vn -0.9167 -0.0579 -0.3954
vn -0.6327 0.0971 -0.7683
vn -0.6298 0.0475 -0.7753
vn -0.4135 0.0827 -0.9068
vn 0.1134 -0.2422 -0.9636
vn 0.2645 -0.7810 -0.5658
vn 0.1982 0.7605 -0.6184
vn 0.3702 0.2813 -0.8853
vn -0.0639 0.7494 -0.6590
vn -0.0220 -0.0487 -0.9986
vn 0.0775 0.7278 -0.6814
vn 0.0727 -0.4021 -0.9127
vn 0.6577 -0.0592 -0.7510
vn -0.0123 -0.1015 -0.9948
vn 0.1596 0.7033 -0.6927
vn 0.3233 -0.6448 -0.6926
vn -0.0012 -0.4617 -0.8870
vn -0.0427 -0.1266 -0.9910
vn 0.2080 0.6895 -0.6938
vn -0.0665 -0.1150 -0.9911
vn 0.2482 0.6822 -0.6877
vn -0.1050 -0.4809 -0.8705
vn 0.1264 -0.7674 -0.6286
vn 0.7089 -0.7027 0.0610
vn 0.9110 0.3176 0.2632
vn 0.6391 0.7225 0.2637
vn 0.6841 -0.1092 0.7211
vn 0.3684 -0.9097 0.1916
vn -0.1170 -0.7980 -0.5912
vn -0.1886 -0.4577 -0.8688
vn -0.0568 -0.0962 -0.9937
vn 0.2366 0.6814 -0.6926
vn 0.3623 0.9308 -0.0488
vn 0.4109 0.5561 0.7224
vn 0.4273 -0.2811 0.8593
vn -0.0517 -0.9626 0.2658
vn -0.3211 -0.7402 -0.5908
vn -0.2210 -0.4304 -0.8752
vn -0.0296 -0.0927 -0.9953
vn 0.8514 0.2890 -0.4377
vn 0.6891 -0.3819 -0.6158
vn -0.1950 -0.4409 -0.8761
vn 0.5031 -0.6639 -0.5532
vn -0.4498 -0.6321 -0.6309
vn 0.3207 -0.8720 -0.3698
vn 0.8097 0.1311 0.5720
vn 0.7317 0.0157 0.6815
vn 0.5979 -0.1205 0.7925
vn 0.4173 -0.5008 0.7583
vn -0.4347 -0.6608 -0.6119
vn -0.4218 -0.8646 0.2731
vn 0.0985 -0.3300 0.9388
vn 0.3405 0.4668 0.8162
vn 0.1151 0.9702 0.2133
vn 0.1982 0.7604 -0.6184
vn 0.2187 0.9449 0.2436
vn 0.0776 0.7278 -0.6814
vn 0.2681 0.9261 0.2653
vn 0.1597 0.7033 -0.6928
vn 0.2725 0.9259 0.2618
vn -0.6652 -0.7085 0.2356
vn -0.2036 -0.2459 0.9477
vn 0.2161 0.4342 0.8745
vn -0.7805 -0.5976 0.1836
vn -0.4193 -0.1016 0.9021
vn 0.0808 0.4743 0.8767
vn -0.5708 0.0218 0.8208
vn -0.0318 0.5519 0.8333
vn -0.1701 0.6352 0.7534
vn 0.2590 0.9363 0.2371
vn 0.1715 0.9648 0.1992
vn -0.0384 -0.9279 0.3709
vn 0.1368 -0.2543 0.9574
vn 0.5105 0.3452 0.7876
vn 0.8520 0.4272 0.3028
vn 0.2080 0.6894 -0.6938
vn 0.8514 0.2891 -0.4377
vn 0.4951 -0.8432 0.2095
vn 0.7346 -0.6162 -0.2840
vn 0.9394 -0.2362 -0.2486
vn 0.9859 0.1179 0.1186
vn -0.8336 0.5206 0.1847
vn -0.6978 -0.1434 -0.7018
vn -0.9851 -0.0166 -0.1714
vn -0.5353 -0.0108 -0.8446
vn -0.4977 0.8632 0.0844
vn -0.1937 0.9423 -0.2732
vn -0.3544 0.0965 -0.9301
vn -0.0773 0.5993 -0.7968
vn 0.6471 0.4032 -0.6470
vn 0.6433 0.5008 0.5790
vn 0.1795 0.8112 0.5566
vn 0.1864 0.9770 0.1033
vn 0.7539 0.6501 -0.0948
vn 0.2056 0.9165 0.3430
vn 0.2781 0.2440 0.9290
vn 0.4706 0.7703 0.4303
vn -0.1052 0.3590 0.9274
vn 0.2759 0.8449 0.4583
vn -0.3947 0.4753 0.7863
vn 0.1706 0.8859 0.4313
vn -0.0016 0.6429 0.7660
vn 0.0096 0.9677 0.2519
vn -0.0092 0.6112 0.7914
vn -0.1678 -0.7832 0.5987
vn -0.1374 -0.6499 0.7475
vn -0.3341 0.0272 0.9421
vn 0.9125 -0.4090 0.0072
vn 0.3198 -0.3666 -0.8737
vn 0.6893 -0.1791 -0.7020
vn -0.0003 -0.6462 0.7631
vn -0.0000 -0.6373 0.7706
vn -0.7770 -0.3049 0.5508
vn -0.4174 -0.5029 0.7569
vn 0.0267 -0.6239 0.7811
vn -0.0924 0.3063 0.9474
vn -0.3342 0.0271 0.9421
vn 0.0081 -0.9479 0.3184
vn 0.1032 0.3461 0.9325
vn -0.2338 -0.9034 0.3595
vn 0.3052 0.3399 0.8896
vn -0.3585 -0.8178 0.4502
vn 0.0623 -0.9511 0.3025
vn -0.0020 0.0444 -0.9990
vn -0.8561 -0.3688 -0.3622
vn -0.7034 -0.6570 -0.2712
vn -0.5161 -0.8518 -0.0896
vn -0.3566 -0.9343 -0.0053
vn -0.1194 -0.9928 0.0087
vn -0.2694 -0.7834 -0.5601
vn -0.3025 -0.7752 -0.5545
vn -0.2399 -0.8788 -0.4125
vn -0.2104 -0.8899 -0.4047
vn -0.1210 -0.9063 -0.4049
vn 0.1321 -0.9891 -0.0645
vn -0.0642 -0.8974 -0.4365
vn 0.0157 -0.7123 -0.7017
vn -0.0425 -0.6839 -0.7283
vn 0.4123 0.0582 -0.9092
vn 0.2161 0.1405 -0.9662
vn 0.4833 -0.6344 0.6033
vn 0.8964 -0.4400 0.0540
vn 0.6097 -0.6696 -0.4242
vn 0.5292 -0.5724 -0.6264
vn 0.4135 -0.4497 -0.7917
vn 0.3844 0.1199 -0.9153
vn 0.0654 -0.6737 -0.7361
vn 0.0353 -0.6738 -0.7380
vn 0.0197 -0.7851 -0.6190
vn -0.0210 -0.7201 -0.6936
vn 0.4303 0.0433 -0.9017
vn 0.3198 -0.3667 -0.8737
vn 0.6893 -0.1791 -0.7019
vn 0.6524 -0.1245 -0.7475
vn -0.3545 0.0965 -0.9301
vn -0.0774 0.5993 -0.7967
vn 0.2370 0.4908 -0.8384
vn 0.0303 -0.3400 -0.9399
vn 0.1105 0.4511 -0.8856
vn -0.5353 -0.0107 -0.8446
vn 0.0779 -0.4263 -0.9012
vn 0.0247 0.4087 -0.9123
vn -0.1377 -0.6281 -0.7659
vn -0.6979 -0.1434 -0.7017
vn 0.1927 -0.4662 -0.8635
vn -0.0473 0.3951 -0.9174
vn -0.0065 -0.7199 -0.6940
vn -0.4232 -0.7528 -0.5041
vn -0.9851 -0.0165 -0.1714
vn 0.2810 -0.4352 -0.8554
vn -0.1566 0.3283 -0.9315
vn 0.1979 -0.7521 -0.6286
vn -0.1996 -0.9053 -0.3750
vn -0.8195 -0.5326 0.2118
vn -0.6910 0.2177 0.6893
vn -0.5239 -0.7504 0.4031
vn 0.1349 -0.9548 -0.2650
vn 0.3678 -0.7053 -0.6061
vn 0.2870 -0.4056 -0.8678
vn -0.0539 0.1484 -0.9875
vn 0.3024 -0.3998 -0.8653
vn -0.9219 0.0250 -0.3866
vn 0.4323 -0.6602 -0.6141
vn 0.4289 -0.8735 -0.2302
vn -0.0793 -0.8243 0.5606
vn -0.5405 0.0617 0.8391
vn -0.2908 0.8028 0.5205
vn -0.1937 0.9422 -0.2732
vn -0.4181 -0.6514 -0.6331
vn -0.3593 -0.4927 0.7926
vn 0.4900 -0.6058 -0.6268
vn 0.5784 -0.7767 -0.2495
vn 0.3354 -0.7100 0.6192
vn -0.2826 -0.0008 0.9592
vn -0.3315 0.7437 0.5805
vn 0.0918 0.9932 -0.0719
vn -0.0774 0.5993 -0.7968
vn 0.2371 0.4907 -0.8385
vn -0.0831 0.9918 -0.0967
vn -0.3268 0.7057 0.6286
vn -0.0173 0.0791 0.9967
vn 0.5918 -0.5408 0.5977
vn 0.6880 -0.6652 -0.2901
vn -0.1295 -0.8863 -0.4447
vn -0.7502 -0.0550 0.6589
vn -0.2385 0.9643 -0.1148
vn -0.2757 0.7229 0.6335
vn 0.1698 0.2151 0.9617
vn 0.7738 -0.3946 0.4955
vn 0.0868 -0.9858 -0.1436
vn -0.8874 -0.0765 0.4546
vn -0.3277 0.9360 -0.1283
vn -0.2154 0.7715 0.5987
vn 0.3350 0.3009 0.8929
vn 0.1793 -0.6572 0.7321
vn -0.9248 -0.0238 0.3796
vn -0.4141 0.9046 -0.1014
vn -0.1742 0.8015 0.5721
vn -0.4464 0.0306 0.8943
vn -0.9963 -0.0780 -0.0363
vn -0.3856 0.8065 -0.4482
vn -0.8306 0.1659 0.5316
vn -0.7785 -0.4905 -0.3915
vn -0.9559 0.2186 0.1960
vn -0.3908 -0.8912 -0.2302
vn -0.2192 -0.9213 0.3213
vn -0.0539 0.1485 -0.9874
vn -0.3920 0.2707 -0.8793
vn 0.0268 0.6837 -0.7293
vn -0.5862 -0.3519 -0.7298
vn -0.6530 0.3852 -0.6520
vn 0.0334 0.5125 -0.8580
vn -0.8709 -0.4238 -0.2489
vn -0.1845 -0.7875 -0.5880
vn -0.6691 0.2736 -0.6910
vn 0.0280 0.4410 -0.8970
vn -0.3488 -0.9232 0.1612
vn 0.0675 -0.7997 -0.5965
vn -0.9102 -0.4071 -0.0763
vn -0.6894 0.2515 -0.6794
vn 0.0224 0.5081 -0.8610
vn 0.0155 -0.9636 0.2668
vn 0.3170 -0.7703 -0.5533
vn -0.3768 -0.8170 0.4364
vn -0.9470 -0.3173 0.0507
vn -0.7013 0.3344 -0.6295
vn 0.0209 0.6881 -0.7253
vn 0.3873 -0.8981 0.2082
vn 0.7075 -0.3031 -0.6385
vn -0.0052 -0.8427 0.5384
vn -0.3985 -0.6726 0.6236
vn -0.9721 -0.1970 0.1273
vn -0.6963 0.5066 -0.5085
vn 0.0118 0.9111 -0.4121
vn 0.9248 -0.3566 -0.1323
vn 0.4936 0.3045 -0.8146
vn 0.3724 -0.7991 0.4720
vn -0.0175 -0.6956 0.7182
vn -0.4120 -0.5664 0.7138
vn -0.9770 -0.0612 0.2040
vn -0.6691 0.7040 -0.2381
vn 0.0487 0.4979 -0.8659
vn 0.4179 -0.7088 -0.5683
vn 0.0423 -0.8803 -0.4726
vn -0.5712 0.3454 -0.7446
vn -0.9379 0.0562 0.3422
vn -0.4188 -0.5223 0.7428
vn -0.0213 -0.6024 0.7979
vn 0.3671 -0.6660 0.6494
vn 0.9328 -0.3603 0.0063
vn 0.7075 0.4347 -0.5572
vn 0.0269 0.6836 -0.7293
vn 0.7204 0.3015 -0.6246
vn -0.8871 -0.3679 -0.2786
vn -0.4132 -0.5397 0.7335
vn -0.0213 -0.5909 0.8064
vn 0.3722 -0.5678 0.7342
vn 0.9470 -0.3026 0.1082
vn -0.3055 -0.9519 -0.0244
vn -0.0205 -0.6567 0.7539
vn 0.3815 -0.5235 0.7618
vn 0.9637 -0.2017 0.1747
vn 0.7279 0.2556 -0.6362
vn 0.0358 -0.9993 -0.0070
vn 0.3786 -0.5315 0.7578
vn 0.9657 -0.0630 0.2519
vn 0.7326 0.3295 -0.5956
vn 0.3715 -0.9283 -0.0129
vn 0.9145 0.0715 0.3982
vn 0.7245 0.5039 -0.4704
vn 0.8996 -0.3558 -0.2533
vn 0.6790 0.7096 -0.1883
vn 0.6267 0.3222 -0.7096
vn 0.0335 0.5125 -0.8581
vn 0.0119 0.9111 -0.4121
vn 0.0488 0.4979 -0.8659
vn -0.3455 -0.7295 -0.5903
vn -0.4395 -0.2840 -0.8522
vn -0.1083 0.0443 -0.9931
vn 0.0680 0.0277 -0.9973
vn 0.2082 0.0280 -0.9777
vn 0.4993 -0.2628 -0.8256
vn -0.5338 -0.0846 -0.8414
vn -0.7545 0.3539 -0.5527
vn -0.5828 0.5477 -0.6004
vn -0.1683 -0.1092 -0.9797
vn -0.5730 0.5313 -0.6240
vn -0.4789 -0.5890 -0.6509
vn 0.0080 -0.1150 -0.9933
vn -0.4955 0.5997 -0.6284
vn 0.1394 -0.7709 -0.6215
vn -0.5497 -0.6813 -0.4834
vn 0.1876 -0.0091 -0.9822
vn -0.4262 0.6689 -0.6090
vn 0.4032 -0.7308 -0.5508
vn 0.1713 -0.9418 -0.2894
vn -0.6047 -0.7480 -0.2735
vn 0.2863 0.1169 -0.9510
vn -0.3836 0.7106 -0.5899
vn 0.6366 -0.5908 -0.4957
vn 0.4444 -0.8743 -0.1953
vn -0.0188 -0.9985 0.0506
vn -0.8676 -0.4742 0.1497
vn 0.3199 0.1939 -0.9274
vn -0.2961 0.7651 -0.5718
vn 0.7669 -0.4398 -0.4673
vn 0.6778 -0.7239 -0.1288
vn 0.3127 -0.9321 0.1828
vn -0.5001 -0.6298 0.5943
vn -0.9855 0.1127 0.1272
vn 0.5980 -0.7554 0.2679
vn 0.8129 -0.5738 -0.0995
vn 0.8103 -0.3624 -0.4606
vn 0.3392 0.2096 -0.9171
vn -0.8514 0.1908 -0.4886
vn -0.3676 -0.3509 -0.8612
vn -0.3864 -0.8526 0.3519
vn -0.7346 -0.4198 0.5330
vn 0.0237 -0.8941 -0.4473
vn -0.9726 -0.0728 0.2209
vn 0.0884 -0.9878 -0.1285
vn -0.9969 -0.0745 0.0240
vn 0.0543 -0.9745 0.2177
vn -0.9867 -0.0394 -0.1577
vn -0.2984 -0.5244 0.7975
vn 0.7834 -0.4077 -0.4690
vn 0.8219 -0.5604 -0.1020
vn 0.8200 -0.4913 0.2937
vn 0.4247 0.0075 0.9053
vn -0.2302 0.6143 0.7548
vn -0.7991 0.0698 0.5971
vn -0.4806 0.8683 0.1227
vn -0.9625 0.2618 0.0717
vn -0.8514 0.1908 -0.4885
vn -0.7791 -0.2938 -0.5538
vn -0.4220 -0.7467 -0.5141
vn -0.2678 -0.9576 -0.1059
vn -0.3864 -0.8526 0.3518
vn 0.8600 -0.5014 -0.0946
vn 0.8364 -0.4572 0.3022
vn 0.3840 -0.0406 0.9225
vn -0.3318 0.5344 0.7774
vn -0.5976 0.7920 0.1251
vn 0.7677 -0.5662 0.3002
vn 0.2914 -0.1985 0.9358
vn -0.4163 0.4285 0.8019
vn 0.1035 -0.4167 0.9031
vn -0.5408 0.2889 0.7900
vn -0.6946 0.1785 0.6969
vn -0.6613 0.7385 0.1312
vn -0.7401 0.6613 0.1223
vn -0.8037 0.5893 0.0825
vn -0.7992 0.6001 0.0342
vn -0.8139 0.1686 0.5560
vn -0.1891 -0.5918 0.7836
vn -0.3837 0.7106 -0.5898
vn -0.4956 0.5997 -0.6283
vn -0.5828 0.5477 -0.6003
vn -0.9073 0.3780 -0.1840
vn 0.7844 -0.5597 -0.2673
vn 0.2799 -0.8961 -0.3443
vn 0.8417 0.0407 -0.5384
vn 0.0729 -0.8678 -0.4915
vn 0.5317 0.2723 -0.8020
vn 0.1140 0.1972 -0.9737
vn -0.1327 -0.7948 -0.5922
vn -0.2818 -0.3135 -0.9068
vn 0.6096 -0.6696 -0.4242
vn 0.9716 0.1916 0.1392
vn 0.5291 -0.5724 -0.6264
vn 0.8349 0.5341 -0.1332
vn 0.6239 0.5699 -0.5347
vn 0.3844 0.1199 -0.9154
vn 0.2019 -0.8694 0.4509
vn -0.0528 -0.9905 -0.1272
vn 0.0118 -0.9273 -0.3741
vn 0.9371 -0.0371 -0.3471
vn 0.0491 -0.7825 -0.6207
vn 0.4735 -0.3309 -0.8163
vn -0.4661 -0.1236 -0.8761
vn -0.9075 0.1752 -0.3819
vn -0.9148 0.0965 -0.3923
vn -0.4252 -0.1354 -0.8949
vn 0.2819 -0.6225 -0.7301
vn 0.3906 -0.5368 -0.7479
vn -0.3584 -0.0023 -0.9336
vn 0.5042 -0.3622 -0.7840
vn -0.2815 0.2146 -0.9352
vn 0.5844 -0.1642 -0.7947
vn -0.1706 0.4483 -0.8774
vn 0.6458 -0.0097 -0.7634
vn 0.0073 0.6415 -0.7671
vn 0.7047 0.0436 -0.7082
vn -0.5300 0.1368 -0.8369
vn -0.0133 -0.4653 -0.8851
vn -0.5884 -0.7717 0.2414
vn -0.9408 -0.2792 0.1922
vn 0.0814 -0.9516 -0.2963
vn -0.9690 0.0444 -0.2429
vn 0.6608 -0.7505 0.0104
vn 0.7721 -0.6355 0.0074
vn 0.8694 -0.4940 0.0038
vn 0.9193 -0.3935 0.0059
vn 0.9222 -0.3865 0.0102
vn 0.8623 -0.5063 -0.0059
vn -0.2693 -0.9574 -0.1046
vn -0.8653 0.2774 -0.4175
vn -0.4791 0.8403 -0.2538
vn -0.7001 0.6175 -0.3584
vn -0.8286 0.3817 -0.4096
vn -0.8916 0.1846 -0.4135
vn -0.6665 -0.3954 -0.6320
vn -0.9419 -0.1786 -0.2845
vn -0.1501 -0.8161 -0.5581
vn 0.0444 -0.9990 -0.0037
vn -0.0480 -0.9721 0.2296
vn 0.6341 -0.6696 0.3867
vn 0.7264 -0.5638 0.3930
vn 0.7974 -0.4523 0.3995
vn 0.8241 -0.3971 0.4040
vn 0.8042 -0.4409 0.3985
vn 0.7127 -0.6008 0.3620
vn -0.8654 0.2774 -0.4174
vn -0.4791 0.8403 -0.2537
vn -0.9836 0.1481 0.1030
vn -0.5818 0.6746 0.4544
vn -0.7341 -0.4091 0.5420
vn -0.1198 0.0936 0.9884
vn -0.2148 -0.9327 0.2897
vn 0.5180 -0.4853 0.7044
vn -0.0132 -0.9997 0.0192
vn 0.5841 -0.3534 0.7307
vn 0.5926 -0.3406 0.7300
vn 0.5615 -0.4136 0.7167
vn 0.4923 -0.5193 0.6985
vn 0.4103 -0.6006 0.6862
vn -0.1179 -0.8841 0.4521
vn -0.5729 -0.5157 0.6371
vn -0.3332 -0.2610 0.9060
vn -0.2939 -0.2639 0.9187
vn -0.2541 -0.1728 0.9516
vn -0.2198 -0.0361 0.9749
vn -0.1752 0.0720 0.9819
vn -0.7679 0.5070 0.3915
vn -0.7002 0.6175 -0.3584
vn -0.8286 0.3817 -0.4095
vn -0.8916 0.1846 -0.4134
vn -0.8784 0.3098 0.3639
vn -0.9260 0.1361 0.3521
vn -0.9366 0.0648 0.3445
vn -0.9267 0.1490 0.3449
vn -0.9604 -0.1867 0.2069
vn -0.9148 0.0966 -0.3922
vn -0.9075 0.1752 -0.3818
vn -0.7267 -0.2641 -0.6342
vn -0.8280 -0.2055 -0.5217
vn -0.1484 0.3554 -0.9229
vn -0.1361 0.4084 -0.9026
vn -0.1642 0.3831 -0.9090
vn -0.1777 0.4477 -0.8764
vn 0.5510 0.5566 -0.6217
vn 0.5765 0.4851 -0.6575
vn 0.5792 0.4642 -0.6701
vn 0.5491 0.5398 -0.6381
vn 0.5017 0.6618 -0.5570
vn 0.8809 0.4668 0.0787
vn 0.9310 0.3637 0.0301
vn 0.5810 -0.0605 0.8117
vn 0.5987 -0.1198 0.7920
vn -0.2232 -0.4695 0.8543
vn -0.2276 -0.4522 0.8624
vn -0.5626 -0.5192 0.6434
vn -0.5746 -0.4806 0.6624
vn -0.8280 -0.4340 0.3551
vn -0.8348 -0.4076 0.3702
vn -0.9080 0.0276 -0.4180
vn -0.9033 -0.0085 -0.4289
vn -0.2054 0.5325 -0.8212
vn -0.8850 -0.0947 -0.4558
vn 0.5766 0.4851 -0.6575
vn 0.9658 0.2589 -0.0124
vn 0.6307 -0.2567 0.7323
vn -0.1962 -0.5512 0.8110
vn -0.5506 -0.5540 0.6244
vn -0.8078 -0.4857 0.3340
vn -0.7343 -0.6433 0.2168
vn -0.6114 -0.7913 0.0037
vn -0.1327 -0.7947 -0.5923
vn 0.5793 0.4642 -0.6700
vn 0.9812 0.1779 -0.0744
vn 0.6827 -0.4323 0.5892
vn -0.1197 -0.7375 0.6647
vn -0.4820 -0.7189 0.5009
vn -0.3655 -0.8893 0.2750
vn 0.0730 -0.8678 -0.4916
vn 0.5491 0.5398 -0.6380
vn 0.9725 0.1846 -0.1424
vn 0.7534 -0.5510 0.3589
vn 0.0023 -0.9135 0.4069
vn 0.2799 -0.8961 -0.3444
vn 0.8417 0.0406 -0.5384
vn 0.4194 0.7889 -0.4492
vn 0.8138 0.5604 0.1539
vn 0.5796 -0.0763 0.8113
vn -0.1783 -0.5847 0.7914
vn -0.5088 -0.6464 0.5686
vn -0.7847 -0.5471 0.2914
vn -0.9096 0.0150 -0.4152
vn -0.2622 0.6272 -0.7334
vn 0.4193 0.7889 -0.4492
vn 0.5017 0.6618 -0.5571
vn 0.9142 -0.0578 -0.4012
vn 0.8223 -0.5689 0.0076
vn 0.2749 -0.9602 0.0496
vn -0.0179 -0.9979 -0.0624
vn -0.1821 -0.9264 -0.3297
vn -0.2115 -0.4897 -0.8458
vn 0.1983 -0.0142 -0.9800
vn 0.6283 0.0972 -0.7719
vn 0.5386 -0.8377 0.0909
vn 0.0307 -0.9895 -0.1415
vn 0.9449 -0.3111 -0.1021
vn 0.8088 0.0589 -0.5851
vn 0.6323 0.0476 -0.7732
vn 0.4124 0.0837 -0.9072
vn -0.1133 -0.2460 -0.9626
vn -0.2619 -0.7801 -0.5682
vn 0.0385 -0.9900 -0.1354
vn 0.6284 0.0972 -0.7718
vn -0.2757 -0.6667 0.6924
vn -0.6019 -0.6680 0.4377
vn -0.8395 -0.5182 0.1635
vn -0.8699 0.1152 -0.4796
vn -0.1412 0.7204 -0.6790
vn 0.5303 0.7892 -0.3099
vn -0.8418 0.0406 -0.5383
vn -0.2798 -0.8962 -0.3444
vn -0.7844 -0.5597 -0.2673
vn -0.0729 -0.8678 -0.4915
vn 0.1327 -0.7947 -0.5923
vn 0.0302 0.8260 -0.5628
vn -0.3571 0.8216 -0.4443
vn 0.3743 0.4146 -0.8295
vn 0.1952 -0.0965 -0.9760
vn -0.0031 -0.1862 -0.9825
vn -0.2276 -0.2771 -0.9335
vn -0.7114 -0.0278 -0.7022
vn -0.6927 0.5554 -0.4601
vn -0.4642 0.8470 -0.2592
vn -0.9855 0.1126 0.1272
vn -0.6047 -0.7480 -0.2736
vn -0.8676 -0.4741 0.1497
vn -0.5497 -0.6813 -0.4835
vn -0.8988 0.0201 -0.4378
vn -0.7893 0.0337 -0.6131
vn -0.4255 -0.3035 -0.8525
vn -0.1769 -0.7951 -0.5801
vn -0.2692 -0.9574 -0.1046
vn -0.2275 -0.2771 -0.9335
vn -0.7115 -0.0277 -0.7022
vn 0.3744 0.4146 -0.8294
vn 0.6524 -0.1246 -0.7476
vn 0.6398 0.7499 -0.1683
vn 0.5384 0.7946 -0.2806
vn 0.5675 0.7635 -0.3082
vn 0.4800 0.7951 -0.3707
vn 0.6200 0.7241 0.3022
vn 0.6516 0.1923 0.7338
vn -0.9604 -0.1867 0.2070
vn -0.1178 -0.8842 0.4521
vn -0.5729 -0.5158 0.6371
vn -0.0480 -0.9721 0.2297
vn -0.9419 -0.1785 -0.2845
vn 0.0445 -0.9990 -0.0037
vn -0.1500 -0.8160 -0.5582
vn -0.9743 0.1910 0.1196
vn -0.5972 -0.6771 -0.4300
vn -0.8969 -0.4405 0.0382
vn -0.5114 -0.5861 -0.6285
vn -0.8080 0.4399 -0.3920
vn -0.3787 -0.4592 -0.8036
vt 0.531637 0.390514
vt 0.513828 0.390989
vt 0.548116 0.388341
vt 0.545202 0.447484
vt 0.513828 0.456113
vt 0.573054 0.491245
vt 0.534930 0.517736
vt 0.604612 0.519021
vt 0.571311 0.562985
vt 0.632044 0.534077
vt 0.610133 0.587102
vt 0.657752 0.545112
vt 0.647707 0.593144
vt 0.696556 0.556140
vt 0.696837 0.587292
vt 0.763610 0.558268
vt 0.764255 0.561801
vt 0.672377 0.514741
vt 0.649470 0.501800
vt 0.704556 0.532708
vt 0.764401 0.555523
vt 0.636895 0.340498
vt 0.579365 0.335224
vt 0.579629 0.351755
vt 0.626911 0.366320
vt 0.575332 0.361745
vt 0.615052 0.381528
vt 0.566554 0.372340
vt 0.598962 0.399980
vt 0.557374 0.382582
vt 0.583366 0.419140
vt 0.569967 0.433617
vt 0.598351 0.466312
vt 0.625918 0.487700
vt 0.682942 0.362095
vt 0.663019 0.388909
vt 0.647057 0.404205
vt 0.627982 0.424139
vt 0.611441 0.447001
vt 0.637851 0.468094
vt 0.661784 0.484904
vt 0.684842 0.501100
vt 0.714130 0.521935
vt 0.714204 0.390020
vt 0.688816 0.412983
vt 0.672541 0.426850
vt 0.653951 0.445805
vt 0.677578 0.466124
vt 0.699836 0.486242
vt 0.725501 0.510934
vt 0.733829 0.417077
vt 0.707613 0.435921
vt 0.694011 0.448844
vt 0.713326 0.471284
vt 0.735741 0.499950
vt 0.749050 0.444443
vt 0.724759 0.459570
vt 0.745128 0.491227
vt 0.765214 0.482550
vt 0.765758 0.554147
vt 0.767464 0.552587
vt 0.769175 0.551034
vt 0.770583 0.549779
vt 0.773203 0.548749
vt 0.776785 0.548755
vt 0.795233 0.479265
vt 0.796759 0.427008
vt 0.782073 0.389547
vt 0.753510 0.353675
vt 0.704756 0.322312
vt 0.641425 0.308665
vt 0.577214 0.317619
vt 0.083490 0.681606
vt 0.041138 0.677893
vt 0.046692 0.750974
vt 0.087086 0.737844
vt 0.086514 0.624651
vt 0.049005 0.617930
vt 0.005123 0.673381
vt 0.000295 0.747451
vt 0.045930 0.759991
vt 0.081377 0.742814
vt 0.136206 0.757035
vt 0.003351 0.772462
vt 0.009842 0.611354
vt 0.021475 0.835594
vt 0.054410 0.825339
vt 0.094760 0.814223
vt 0.120401 0.812192
vt 0.151735 0.813890
vt 0.159743 0.764661
vt 0.135952 0.741481
vt 0.113932 0.680618
vt 0.112420 0.628438
vt 0.115338 0.587235
vt 0.093705 0.583216
vt 0.059776 0.573973
vt 0.020255 0.561177
vt 0.071344 0.543661
vt 0.035564 0.524656
vt 0.100671 0.553735
vt 0.118627 0.555741
vt 0.138855 0.555412
vt 0.140111 0.588531
vt 0.142111 0.629022
vt 0.146325 0.677068
vt 0.159146 0.730799
vt 0.178550 0.769646
vt 0.177727 0.817108
vt 0.082258 0.521637
vt 0.054042 0.500135
vt 0.106569 0.530217
vt 0.120996 0.530206
vt 0.136943 0.528617
vt 0.151793 0.527330
vt 0.157656 0.553550
vt 0.163456 0.585537
vt 0.168758 0.625919
vt 0.173633 0.673092
vt 0.177525 0.723269
vt 0.144840 0.501609
vt 0.134382 0.502445
vt 0.123237 0.503932
vt 0.112873 0.504226
vt 0.096356 0.496999
vt 0.080995 0.480401
vt 0.163746 0.525347
vt 0.172384 0.550580
vt 0.181219 0.581465
vt 0.188630 0.622145
vt 0.192866 0.670598
vt 0.190494 0.721732
vt 0.191918 0.770942
vt 0.195944 0.819429
vt 0.220662 0.818324
vt 0.210041 0.766637
vt 0.208814 0.727077
vt 0.219121 0.671206
vt 0.217327 0.618240
vt 0.208105 0.574261
vt 0.195598 0.541819
vt 0.182692 0.517060
vt 0.166825 0.492195
vt 0.153578 0.500038
vt 0.211647 0.494917
vt 0.230800 0.522650
vt 0.246168 0.562309
vt 0.253587 0.615249
vt 0.248231 0.675652
vt 0.227599 0.734890
vt 0.227061 0.759674
vt 0.248415 0.813368
vt 0.253587 0.866655
vt 0.219673 0.863895
vt 0.246635 0.911554
vt 0.212192 0.900720
vt 0.065095 0.954297
vt 0.094431 0.933605
vt 0.048406 0.926318
vt 0.082001 0.910013
vt 0.119169 0.922469
vt 0.110929 0.898485
vt 0.134680 0.919687
vt 0.129648 0.893387
vt 0.152293 0.918853
vt 0.151435 0.890718
vt 0.168759 0.919333
vt 0.172253 0.892083
vt 0.181731 0.921086
vt 0.188120 0.894908
vt 0.202355 0.927870
vt 0.193350 0.860756
vt 0.233615 0.944051
vt 0.218013 0.967220
vt 0.192356 0.949353
vt 0.175559 0.943099
vt 0.165109 0.942077
vt 0.152189 0.941824
vt 0.138273 0.941309
vt 0.125705 0.942074
vt 0.105048 0.951280
vt 0.083076 0.971795
vt 0.192369 0.985144
vt 0.179737 0.971700
vt 0.168073 0.965673
vt 0.160497 0.964775
vt 0.151442 0.964611
vt 0.141713 0.963951
vt 0.132724 0.964299
vt 0.119035 0.971562
vt 0.147400 0.996863
vt 0.146026 0.997664
vt 0.107289 0.986587
vt 0.145044 0.999382
vt 0.154641 0.999705
vt 0.153405 0.998123
vt 0.152039 0.997374
vt 0.151009 0.997237
vt 0.149742 0.997074
vt 0.148473 0.996921
vt 0.879098 0.887979
vt 0.880459 0.854610
vt 0.865705 0.856064
vt 0.863973 0.889696
vt 0.851677 0.856398
vt 0.850765 0.889982
vt 0.839090 0.856126
vt 0.839370 0.888689
vt 0.831246 0.855341
vt 0.831656 0.887029
vt 0.821507 0.854129
vt 0.821215 0.885228
vt 0.859485 0.826467
vt 0.869484 0.825487
vt 0.850590 0.826788
vt 0.842790 0.827196
vt 0.837071 0.826980
vt 0.829610 0.826035
vt 0.821483 0.825032
vt 0.811486 0.852861
vt 0.809559 0.883479
vt 0.858657 0.797294
vt 0.853419 0.797725
vt 0.848208 0.797939
vt 0.843426 0.798079
vt 0.840316 0.798179
vt 0.836467 0.797926
vt 0.832548 0.797681
vt 0.829449 0.796857
vt 0.814522 0.822987
vt 0.802545 0.851429
vt 0.799103 0.882905
vt 0.863299 0.795790
vt 0.879711 0.822404
vt 0.894575 0.851637
vt 0.895419 0.885751
vt 0.893128 0.915179
vt 0.876357 0.914243
vt 0.861452 0.914156
vt 0.849000 0.913771
vt 0.838449 0.912657
vt 0.831152 0.911662
vt 0.821263 0.910741
vt 0.809820 0.909771
vt 0.799103 0.909908
vt 0.884336 0.943002
vt 0.870296 0.938272
vt 0.857582 0.935811
vt 0.846985 0.934552
vt 0.838124 0.933902
vt 0.831581 0.933872
vt 0.822859 0.934198
vt 0.813091 0.934661
vt 0.803818 0.935932
vt 0.820115 0.959387
vt 0.813858 0.961105
vt 0.828776 0.989318
vt 0.826854 0.989706
vt 0.868150 0.968252
vt 0.859982 0.962171
vt 0.851621 0.957808
vt 0.844023 0.955565
vt 0.837403 0.955095
vt 0.832908 0.955935
vt 0.827036 0.957535
vt 0.831141 0.988833
vt 0.846115 0.992869
vt 0.843912 0.990597
vt 0.841178 0.988939
vt 0.838169 0.988065
vt 0.835283 0.987903
vt 0.833454 0.988306
vt 0.009516 0.070536
vt 0.000295 0.068908
vt 0.000295 0.112274
vt 0.016907 0.069724
vt 0.015229 0.154921
vt 0.021055 0.110009
vt 0.024394 0.062278
vt 0.030907 0.179825
vt 0.040492 0.141490
vt 0.036491 0.103971
vt 0.029325 0.052215
vt 0.050222 0.156892
vt 0.058359 0.195665
vt 0.056004 0.128878
vt 0.051251 0.087233
vt 0.033110 0.042155
vt 0.060773 0.069902
vt 0.070867 0.106557
vt 0.065172 0.137824
vt 0.068462 0.166855
vt 0.091479 0.200326
vt 0.090376 0.173463
vt 0.127411 0.191563
vt 0.120557 0.174917
vt 0.163229 0.168517
vt 0.161459 0.166326
vt 0.117880 0.160929
vt 0.160506 0.164266
vt 0.125208 0.143725
vt 0.068054 0.054968
vt 0.082686 0.083939
vt 0.093137 0.065949
vt 0.136553 0.130859
vt 0.121842 0.114184
vt 0.106352 0.129834
vt 0.092422 0.152801
vt 0.077649 0.145241
vt 0.082527 0.112047
vt 0.097357 0.091037
vt 0.109538 0.075515
vt 0.102972 0.050856
vt 0.120013 0.062634
vt 0.123150 0.088748
vt 0.135692 0.103199
vt 0.147929 0.123016
vt 0.110062 0.101614
vt 0.094219 0.119833
vt 0.135206 0.077976
vt 0.148605 0.095428
vt 0.159228 0.118059
vt 0.168610 0.117274
vt 0.160138 0.090625
vt 0.146317 0.068846
vt 0.127915 0.051812
vt 0.108905 0.038658
vt 0.075915 0.030095
vt 0.073833 0.041539
vt 0.036526 0.026201
vt 0.035321 0.032652
vt 0.037178 0.017620
vt 0.076707 0.012505
vt 0.116951 0.016856
vt 0.142369 0.030901
vt 0.169137 0.050870
vt 0.181982 0.083576
vt 0.183262 0.118280
vt 0.170973 0.156652
vt 0.173592 0.156952
vt 0.161383 0.161199
vt 0.163465 0.158882
vt 0.166282 0.157502
vt 0.169001 0.156604
vt 0.968390 0.959898
vt 0.969477 0.958554
vt 0.965959 0.959190
vt 0.969477 0.956432
vt 0.964803 0.956703
vt 0.965665 0.954099
vt 0.969232 0.954325
vt 0.967998 0.953115
vt 0.960625 0.945742
vt 0.959539 0.947086
vt 0.963056 0.946450
vt 0.959539 0.949208
vt 0.964212 0.948937
vt 0.963350 0.951541
vt 0.959783 0.951315
vt 0.961017 0.952525
vt 0.960335 0.932804
vt 0.959539 0.933790
vt 0.962118 0.933324
vt 0.959539 0.935346
vt 0.962966 0.935148
vt 0.962334 0.937057
vt 0.959718 0.936892
vt 0.960623 0.937779
vt 0.961017 0.967861
vt 0.959783 0.969070
vt 0.963350 0.968845
vt 0.959539 0.971178
vt 0.964212 0.971448
vt 0.963056 0.973936
vt 0.959539 0.973300
vt 0.960625 0.974643
vt 0.870808 0.150954
vt 0.872370 0.179628
vt 0.889607 0.150399
vt 0.889965 0.117214
vt 0.870788 0.117478
vt 0.855427 0.152280
vt 0.855245 0.117850
vt 0.909244 0.117809
vt 0.858639 0.180804
vt 0.863644 0.206033
vt 0.875227 0.205168
vt 0.889346 0.179096
vt 0.908670 0.151433
vt 0.925001 0.118360
vt 0.921005 0.077056
vt 0.907352 0.077607
vt 0.890228 0.077588
vt 0.873091 0.077510
vt 0.859420 0.076899
vt 0.878248 0.031516
vt 0.868760 0.030101
vt 0.890187 0.031566
vt 0.902123 0.031332
vt 0.911599 0.029812
vt 0.925142 0.024813
vt 0.940463 0.073428
vt 0.948115 0.116972
vt 0.924470 0.152970
vt 0.906570 0.179641
vt 0.889312 0.205069
vt 0.879599 0.231986
vt 0.871093 0.232754
vt 0.889646 0.231964
vt 0.903723 0.204879
vt 0.921020 0.181050
vt 0.948733 0.154739
vt 0.974339 0.113110
vt 0.960845 0.067071
vt 0.939329 0.018784
vt 0.978513 0.156154
vt 0.943931 0.185616
vt 0.916012 0.205622
vt 0.899971 0.231612
vt 0.890599 0.270400
vt 0.888467 0.270522
vt 0.973561 0.193478
vt 0.935534 0.211391
vt 0.909028 0.232116
vt 0.892731 0.270283
vt 0.960536 0.224345
vt 0.922754 0.237983
vt 0.894508 0.270257
vt 0.936878 0.249982
vt 0.896930 0.271332
vt 0.899072 0.273680
vt 0.839931 0.073285
vt 0.819547 0.066991
vt 0.806481 0.113002
vt 0.832484 0.116510
vt 0.803048 0.155874
vt 0.832139 0.153962
vt 0.808669 0.192801
vt 0.837133 0.184908
vt 0.821603 0.223048
vt 0.845412 0.211237
vt 0.843828 0.250195
vt 0.858272 0.238301
vt 0.882030 0.273970
vt 0.884300 0.271708
vt 0.886714 0.270646
vt 0.855262 0.025027
vt 0.841176 0.018784
vt 0.668794 0.728859
vt 0.666961 0.730055
vt 0.721351 0.762368
vt 0.706208 0.771097
vt 0.664615 0.731053
vt 0.752009 0.800703
vt 0.689768 0.778093
vt 0.662250 0.732001
vt 0.726255 0.808282
vt 0.765027 0.834431
vt 0.676615 0.783938
vt 0.660368 0.732593
vt 0.701846 0.813924
vt 0.735329 0.839921
vt 0.769215 0.867165
vt 0.739839 0.871247
vt 0.768700 0.908433
vt 0.708048 0.844578
vt 0.683104 0.818194
vt 0.666738 0.787340
vt 0.657435 0.732628
vt 0.654142 0.732325
vt 0.651940 0.788193
vt 0.670348 0.820892
vt 0.686333 0.847442
vt 0.711364 0.875043
vt 0.741134 0.908584
vt 0.754114 0.957162
vt 0.651121 0.730977
vt 0.634537 0.786193
vt 0.652394 0.822396
vt 0.671754 0.848764
vt 0.688403 0.876429
vt 0.712656 0.909212
vt 0.733068 0.952032
vt 0.722578 0.999705
vt 0.711859 0.993521
vt 0.709071 0.948103
vt 0.697854 0.987959
vt 0.687815 0.943325
vt 0.683765 0.982523
vt 0.689249 0.907874
vt 0.672922 0.876298
vt 0.652388 0.849805
vt 0.628801 0.821507
vt 0.613241 0.778341
vt 0.648693 0.728365
vt 0.593195 0.762796
vt 0.598566 0.816311
vt 0.561581 0.802180
vt 0.593498 0.844819
vt 0.547846 0.836864
vt 0.590921 0.872081
vt 0.672903 0.906167
vt 0.651710 0.876454
vt 0.627357 0.848813
vt 0.672036 0.939998
vt 0.650463 0.905679
vt 0.625578 0.875009
vt 0.650056 0.939743
vt 0.624230 0.905193
vt 0.626255 0.941814
vt 0.591761 0.905696
vt 0.600388 0.946658
vt 0.672014 0.980042
vt 0.654577 0.982193
vt 0.636327 0.986866
vt 0.618349 0.992357
vt 0.546799 0.871985
vt 0.555358 0.912580
vt 0.573456 0.957586
vt 0.602485 0.999705
vt 0.966353 0.937057
vt 0.963737 0.936892
vt 0.964642 0.937779
vt 0.963557 0.935346
vt 0.966985 0.935148
vt 0.966137 0.933324
vt 0.963557 0.933790
vt 0.964354 0.932804
vt 0.265425 0.139840
vt 0.253433 0.183426
vt 0.265103 0.190453
vt 0.284979 0.152581
vt 0.277642 0.108544
vt 0.299986 0.128709
vt 0.346533 0.100376
vt 0.332819 0.089984
vt 0.336635 0.113998
vt 0.322493 0.103795
vt 0.327424 0.127832
vt 0.312013 0.116722
vt 0.316534 0.141163
vt 0.299891 0.162384
vt 0.275736 0.197616
vt 0.240715 0.180458
vt 0.238676 0.129038
vt 0.248486 0.081609
vt 0.329874 0.149500
vt 0.339057 0.135430
vt 0.347615 0.121229
vt 0.357310 0.107042
vt 0.305435 0.222039
vt 0.310466 0.228414
vt 0.297936 0.215803
vt 0.290427 0.209690
vt 0.284454 0.205147
vt 0.311749 0.170448
vt 0.319536 0.177958
vt 0.338686 0.155829
vt 0.347055 0.141057
vt 0.356285 0.126490
vt 0.365809 0.111143
vt 0.329862 0.189194
vt 0.352125 0.165579
vt 0.359956 0.149520
vt 0.370053 0.134702
vt 0.379113 0.117736
vt 0.376361 0.091335
vt 0.387835 0.094238
vt 0.397639 0.127570
vt 0.403022 0.098776
vt 0.419495 0.138403
vt 0.419495 0.101581
vt 0.368552 0.088787
vt 0.390257 0.052591
vt 0.392226 0.053331
vt 0.394875 0.054173
vt 0.397542 0.054958
vt 0.399949 0.055216
vt 0.343771 0.201457
vt 0.371867 0.177266
vt 0.378897 0.161890
vt 0.388621 0.146290
vt 0.411443 0.160248
vt 0.355293 0.216340
vt 0.393025 0.192589
vt 0.401370 0.176584
vt 0.386113 0.551540
vt 0.387381 0.552368
vt 0.440671 0.515156
vt 0.426240 0.507464
vt 0.469815 0.473068
vt 0.384513 0.550801
vt 0.444824 0.467227
vt 0.480297 0.439802
vt 0.410605 0.501264
vt 0.382901 0.550091
vt 0.451816 0.435460
vt 0.483783 0.407788
vt 0.421738 0.463117
vt 0.397724 0.495949
vt 0.381596 0.549633
vt 0.455781 0.404075
vt 0.483783 0.362922
vt 0.426455 0.432083
vt 0.403972 0.459755
vt 0.387817 0.492714
vt 0.379547 0.549600
vt 0.377241 0.549937
vt 0.373081 0.491777
vt 0.391655 0.457381
vt 0.406144 0.430143
vt 0.429035 0.400919
vt 0.457131 0.363183
vt 0.467657 0.307901
vt 0.447498 0.313042
vt 0.434216 0.258458
vt 0.429727 0.363301
vt 0.407337 0.400086
vt 0.392313 0.429360
vt 0.373081 0.456456
vt 0.355144 0.494009
vt 0.375170 0.550983
vt 0.424019 0.264215
vt 0.424199 0.317434
vt 0.406953 0.365013
vt 0.392340 0.400785
vt 0.373216 0.428991
vt 0.349079 0.456902
vt 0.334303 0.501649
vt 0.373587 0.552839
vt 0.315912 0.517477
vt 0.315653 0.463046
vt 0.280963 0.478991
vt 0.346269 0.430994
vt 0.371107 0.401846
vt 0.390639 0.367135
vt 0.403259 0.322185
vt 0.410496 0.268912
vt 0.309850 0.436958
vt 0.343477 0.405272
vt 0.367713 0.368900
vt 0.387525 0.325515
vt 0.396893 0.273326
vt 0.306420 0.410962
vt 0.340144 0.371014
vt 0.365281 0.326649
vt 0.385695 0.274890
vt 0.306002 0.372195
vt 0.340938 0.325522
vt 0.369016 0.272530
vt 0.314561 0.321867
vt 0.351097 0.268887
vt 0.333253 0.264356
vt 0.266489 0.447416
vt 0.261928 0.413938
vt 0.267207 0.366913
vt 0.286634 0.312209
vt 0.316456 0.259291
vt 0.987445 0.557100
vt 0.984072 0.557127
vt 0.997870 0.609187
vt 0.981408 0.556096
vt 0.977594 0.608071
vt 0.999705 0.649522
vt 0.962064 0.602468
vt 0.979970 0.554817
vt 0.967409 0.642651
vt 0.993101 0.684453
vt 0.954159 0.596066
vt 0.978278 0.553224
vt 0.946070 0.632698
vt 0.956334 0.670659
vt 0.978300 0.719270
vt 0.945623 0.587843
vt 0.976587 0.551629
vt 0.935278 0.623524
vt 0.931811 0.657284
vt 0.942490 0.697014
vt 0.950224 0.752945
vt 0.936847 0.579790
vt 0.975223 0.550267
vt 0.923171 0.611781
vt 0.918725 0.646458
vt 0.917504 0.679895
vt 0.923004 0.722186
vt 0.906500 0.775855
vt 0.929905 0.572195
vt 0.974043 0.547662
vt 0.910589 0.600329
vt 0.903789 0.632287
vt 0.902620 0.667770
vt 0.901584 0.700736
vt 0.894631 0.743472
vt 0.852136 0.777618
vt 0.849978 0.756868
vt 0.880554 0.719545
vt 0.885840 0.687660
vt 0.885164 0.651667
vt 0.888773 0.617961
vt 0.900586 0.589872
vt 0.923419 0.556810
vt 0.973897 0.544293
vt 0.921378 0.536519
vt 0.889326 0.568489
vt 0.844162 0.738095
vt 0.866351 0.706451
vt 0.866625 0.670735
vt 0.868391 0.634718
vt 0.877069 0.605161
vt 0.835858 0.727592
vt 0.847659 0.690309
vt 0.849095 0.652099
vt 0.855521 0.620166
vt 0.862191 0.580643
vt 0.823373 0.716466
vt 0.830640 0.672668
vt 0.835384 0.636945
vt 0.836916 0.595645
vt 0.810926 0.705352
vt 0.817018 0.659438
vt 0.812857 0.616654
vt 0.799740 0.698166
vt 0.792810 0.646785
vt 0.780857 0.692996
vt 0.881133 0.536363
vt 0.846491 0.544222
vt 0.812338 0.560895
vt 0.780351 0.591254
vt 0.760145 0.636396
vt 0.760145 0.690722
vt 0.400693 0.899525
vt 0.401925 0.901429
vt 0.476696 0.880699
vt 0.451730 0.855156
vt 0.518731 0.840314
vt 0.399259 0.899017
vt 0.472542 0.817620
vt 0.536696 0.800493
vt 0.434006 0.848961
vt 0.397518 0.898589
vt 0.482426 0.786181
vt 0.541558 0.752078
vt 0.448414 0.813301
vt 0.415172 0.844577
vt 0.395763 0.898197
vt 0.487763 0.749925
vt 0.529162 0.692425
vt 0.455916 0.781585
vt 0.422897 0.809962
vt 0.398992 0.839604
vt 0.394372 0.897960
vt 0.484779 0.703058
vt 0.495896 0.632961
vt 0.459483 0.746290
vt 0.427271 0.778121
vt 0.400701 0.806034
vt 0.385815 0.836869
vt 0.392365 0.898538
vt 0.401161 0.776617
vt 0.428849 0.743918
vt 0.457791 0.703436
vt 0.467667 0.649334
vt 0.448594 0.587534
vt 0.436750 0.600291
vt 0.426313 0.605134
vt 0.412433 0.608327
vt 0.398477 0.611176
vt 0.387179 0.611181
vt 0.446979 0.653690
vt 0.422226 0.657215
vt 0.398804 0.661495
vt 0.380407 0.664061
vt 0.354071 0.661222
vt 0.371278 0.605531
vt 0.325469 0.652564
vt 0.354692 0.597310
vt 0.294850 0.636737
vt 0.338827 0.587534
vt 0.427757 0.703962
vt 0.400451 0.707303
vt 0.379447 0.710481
vt 0.348314 0.710753
vt 0.309488 0.707447
vt 0.401354 0.744998
vt 0.380761 0.747294
vt 0.349527 0.749676
vt 0.382207 0.776850
vt 0.353412 0.779371
vt 0.358118 0.806013
vt 0.307028 0.753480
vt 0.311539 0.787632
vt 0.320251 0.816606
vt 0.340113 0.851991
vt 0.365228 0.840390
vt 0.384108 0.803834
vt 0.261611 0.696587
vt 0.249527 0.756183
vt 0.255560 0.802664
vt 0.272271 0.840380
vt 0.313273 0.879171
vt 0.388880 0.902042
vt 0.390202 0.899855
vt 0.961017 0.938369
vt 0.959783 0.939579
vt 0.963350 0.939353
vt 0.959539 0.941686
vt 0.964212 0.941957
vt 0.963056 0.944444
vt 0.959539 0.943808
vt 0.960625 0.945152
vt 0.968390 0.967271
vt 0.969477 0.965927
vt 0.965959 0.966563
vt 0.969477 0.963805
vt 0.964803 0.964076
vt 0.965665 0.961472
vt 0.969232 0.961698
vt 0.967998 0.960488
vt 0.963126 0.967271
vt 0.964212 0.965927
vt 0.960695 0.966563
vt 0.964212 0.963805
vt 0.959539 0.964076
vt 0.960401 0.961472
vt 0.963968 0.961697
vt 0.962734 0.960488
vt 0.070712 0.440347
vt 0.071313 0.456759
vt 0.115371 0.460508
vt 0.109307 0.430347
vt 0.066150 0.427077
vt 0.099596 0.409965
vt 0.142489 0.416230
vt 0.127359 0.392842
vt 0.173325 0.395849
vt 0.153045 0.373279
vt 0.202239 0.365096
vt 0.178110 0.346962
vt 0.225660 0.320667
vt 0.202523 0.310108
vt 0.238238 0.260869
vt 0.224154 0.258549
vt 0.215992 0.253938
vt 0.060339 0.420092
vt 0.089932 0.399389
vt 0.115188 0.379803
vt 0.139170 0.358448
vt 0.163282 0.332657
vt 0.188806 0.299096
vt 0.253494 0.261435
vt 0.253494 0.327630
vt 0.234150 0.385163
vt 0.199660 0.427195
vt 0.158621 0.451293
vt 0.025806 0.446778
vt 0.025810 0.449137
vt 0.025139 0.444821
vt 0.024248 0.443740
vt 0.023040 0.442518
vt 0.052470 0.412436
vt 0.077070 0.387310
vt 0.098939 0.364483
vt 0.120896 0.340728
vt 0.144562 0.314751
vt 0.172363 0.283995
vt 0.188379 0.200917
vt 0.121993 0.205580
vt 0.190126 0.216165
vt 0.130835 0.233251
vt 0.193528 0.230109
vt 0.143317 0.255973
vt 0.198760 0.237931
vt 0.155692 0.268906
vt 0.207252 0.246072
vt 0.124584 0.297619
vt 0.101370 0.323769
vt 0.082340 0.348747
vt 0.064327 0.374459
vt 0.044510 0.404607
vt 0.021821 0.441308
vt 0.020727 0.440416
vt 0.037099 0.398764
vt 0.052739 0.364581
vt 0.067759 0.336639
vt 0.084652 0.310470
vt 0.108361 0.283601
vt 0.087554 0.259920
vt 0.065179 0.228481
vt 0.024821 0.265849
vt 0.003577 0.309293
vt 0.058928 0.290886
vt 0.041635 0.322560
vt 0.030169 0.355721
vt 0.023154 0.394726
vt 0.018744 0.439829
vt 0.000295 0.352455
vt 0.006627 0.395091
vt 0.016399 0.439980
vt 0.657722 0.236766
vt 0.650738 0.210273
vt 0.631216 0.216042
vt 0.643996 0.242634
vt 0.672242 0.274908
vt 0.669820 0.275983
vt 0.622819 0.190267
vt 0.618017 0.159389
vt 0.588237 0.160804
vt 0.593189 0.198128
vt 0.606214 0.228996
vt 0.629872 0.254633
vt 0.667678 0.278331
vt 0.763702 0.160525
vt 0.760269 0.117653
vt 0.734267 0.121161
vt 0.734611 0.158612
vt 0.711505 0.122501
vt 0.711323 0.156931
vt 0.695962 0.122129
vt 0.695942 0.155605
vt 0.676786 0.121865
vt 0.677143 0.155050
vt 0.657506 0.122460
vt 0.658081 0.156084
vt 0.641749 0.123010
vt 0.642280 0.157621
vt 0.618635 0.121623
vt 0.645730 0.185700
vt 0.758081 0.197452
vt 0.729617 0.189559
vt 0.708112 0.185455
vt 0.694380 0.184278
vt 0.677404 0.183746
vt 0.660180 0.184292
vt 0.663027 0.209530
vt 0.666779 0.236262
vt 0.674019 0.274934
vt 0.745147 0.227699
vt 0.721338 0.215888
vt 0.703106 0.210684
vt 0.691523 0.209818
vt 0.677438 0.209719
vt 0.677104 0.236615
vt 0.676151 0.275051
vt 0.722922 0.254846
vt 0.708478 0.242952
vt 0.695658 0.237404
vt 0.687151 0.236637
vt 0.678283 0.275173
vt 0.684720 0.278621
vt 0.682450 0.276359
vt 0.680036 0.275297
vt 0.747203 0.071642
vt 0.726819 0.077936
vt 0.707330 0.081549
vt 0.693659 0.082161
vt 0.676523 0.082238
vt 0.659398 0.082257
vt 0.645746 0.081706
vt 0.626287 0.078079
vt 0.605905 0.071722
vt 0.592411 0.117761
vt 0.711488 0.029677
vt 0.697990 0.034751
vt 0.688502 0.036167
vt 0.676563 0.036217
vt 0.664627 0.035982
vt 0.655151 0.034463
vt 0.641608 0.029464
vt 0.627421 0.023434
vt 0.725574 0.023434
vt 0.175146 0.857811
vt 0.150748 0.856055
vt 0.124009 0.858648
vt 0.101256 0.864410
vt 0.068177 0.874940
vt 0.033647 0.886257
vt 0.968615 0.973660
vt 0.965048 0.973434
vt 0.966282 0.974643
vt 0.964803 0.971327
vt 0.969477 0.971056
vt 0.968320 0.968569
vt 0.964803 0.969205
vt 0.965889 0.967861
vt 0.125599 0.464156
vt 0.124251 0.462209
vt 0.127303 0.464956
vt 0.128565 0.464792
vt 0.130053 0.464527
vt 0.131540 0.464254
vt 0.132753 0.464041
vt 0.134329 0.463074
vt 0.135687 0.461099
vt 0.180933 0.475530
vt 0.967599 0.946238
vt 0.964982 0.946073
vt 0.965887 0.946960
vt 0.964803 0.944527
vt 0.968231 0.944329
vt 0.967383 0.942505
vt 0.964803 0.942971
vt 0.965600 0.941985
vt 0.970371 0.937057
vt 0.967755 0.936892
vt 0.968660 0.937779
vt 0.967576 0.935346
vt 0.971003 0.935148
vt 0.970155 0.933324
vt 0.967576 0.933790
vt 0.968372 0.932804
vt 0.261692 0.069393
vt 0.289800 0.097829
vt 0.275930 0.056193
vt 0.302201 0.086175
vt 0.295683 0.044433
vt 0.315067 0.073204
vt 0.330647 0.035180
vt 0.337535 0.057488
vt 0.382877 0.041391
vt 0.383225 0.045395
vt 0.348786 0.073453
vt 0.384977 0.048495
vt 0.359170 0.082542
vt 0.387766 0.050704
vt 0.967599 0.951803
vt 0.964982 0.951638
vt 0.965887 0.952525
vt 0.964803 0.950092
vt 0.968231 0.949894
vt 0.967383 0.948070
vt 0.964803 0.948536
vt 0.965600 0.947550
vt 0.963350 0.958914
vt 0.959783 0.958688
vt 0.961017 0.959898
vt 0.959539 0.956581
vt 0.964212 0.956310
vt 0.963056 0.953823
vt 0.959539 0.954459
vt 0.960625 0.953115
s 1
usemtl chip_hair
f 2991/2064/1869 2992/2065/1870 2993/2065/1871
f 2994/2066/1872 2991/2064/1869 2995/2064/1873
f 2995/2064/1873 2991/2064/1869 2993/2065/1871
f 2996/2066/1874 2994/2066/1872 2995/2064/1873
f 2997/2067/1875 2995/2064/1873 2993/2065/1871
f 2998/2068/1876 2997/2067/1875 2993/2065/1871
f 2999/2069/1877 2997/2067/1875 2998/2068/1876
f 3000/2070/1878 2999/2069/1877 2998/2068/1876
f 3001/2071/1879 2999/2069/1877 3000/2070/1878
f 3002/2072/1880 3001/2071/1879 3000/2070/1878
f 3003/2073/1881 3001/2071/1879 3002/2072/1880
f 3004/2074/1882 3003/2073/1881 3002/2072/1880
f 3005/2075/1883 3003/2073/1881 3004/2074/1882
f 3006/2076/1884 3005/2075/1883 3004/2074/1882
f 3007/2077/1885 3005/2075/1883 3006/2076/1884
f 3008/2078/1886 3007/2077/1885 3006/2076/1884
f 3009/2079/1887 3007/2077/1885 3008/2078/1886
f 3010/2080/1888 3009/2079/1887 3008/2078/1886
f 3005/2075/1883 3011/2081/1889 3003/2073/1881
f 3011/2081/1889 3012/2082/1890 3003/2073/1881
f 3003/2073/1881 3012/2082/1890 3001/2071/1879
f 3013/2083/1891 3011/2081/1889 3005/2075/1883
f 3007/2077/1885 3013/2083/1891 3005/2075/1883
f 3009/2079/1887 3014/2084/1892 3007/2077/1885
f 3014/2084/1892 3013/2083/1891 3007/2077/1885
f 3015/2085/1893 3016/2086/1894 3017/2087/1895
f 3018/2088/1896 3015/2085/1893 3017/2087/1895
f 3018/2088/1896 3017/2087/1895 3019/2089/1897
f 3020/2090/1898 3018/2088/1896 3019/2089/1897
f 3020/2090/1898 3019/2089/1897 3021/2091/1899
f 3022/2092/1900 3020/2090/1898 3021/2091/1899
f 3022/2092/1900 3021/2091/1899 3023/2093/1901
f 3024/2094/1902 3022/2092/1900 3023/2093/1901
f 3024/2094/1902 3023/2093/1901 2996/2066/1874
f 3025/2095/1903 3024/2094/1902 2996/2066/1874
f 3025/2095/1903 2996/2066/1874 2995/2064/1873
f 2997/2067/1875 3025/2095/1903 2995/2064/1873
f 3026/2096/1904 3025/2095/1903 2997/2067/1875
f 2999/2069/1877 3026/2096/1904 2997/2067/1875
f 3027/2097/1905 3026/2096/1904 2999/2069/1877
f 3001/2071/1879 3027/2097/1905 2999/2069/1877
f 3012/2082/1890 3027/2097/1905 3001/2071/1879
f 3028/2098/1906 3015/2085/1893 3018/2088/1896
f 3029/2099/1907 3028/2098/1906 3018/2088/1896
f 3029/2099/1907 3018/2088/1896 3020/2090/1898
f 3030/2100/1908 3020/2090/1898 3022/2092/1900
f 3030/2100/1908 3029/2099/1907 3020/2090/1898
f 3031/2101/1909 3022/2092/1900 3024/2094/1902
f 3031/2101/1909 3030/2100/1908 3022/2092/1900
f 3032/2102/1910 3024/2094/1902 3025/2095/1903
f 3026/2096/1904 3032/2102/1910 3025/2095/1903
f 3032/2102/1910 3031/2101/1909 3024/2094/1902
f 3033/2103/1911 3032/2102/1910 3026/2096/1904
f 3027/2097/1905 3033/2103/1911 3026/2096/1904
f 3012/2082/1890 3034/2104/1912 3027/2097/1905
f 3034/2104/1912 3033/2103/1911 3027/2097/1905
f 3011/2081/1889 3035/2105/1913 3012/2082/1890
f 3035/2105/1913 3034/2104/1912 3012/2082/1890
f 3013/2083/1891 3036/2106/1914 3011/2081/1889
f 3036/2106/1914 3035/2105/1913 3011/2081/1889
f 3037/2107/1915 3028/2098/1906 3029/2099/1907
f 3038/2108/1916 3037/2107/1915 3029/2099/1907
f 3038/2108/1916 3029/2099/1907 3030/2100/1908
f 3039/2109/1917 3038/2108/1916 3030/2100/1908
f 3039/2109/1917 3030/2100/1908 3031/2101/1909
f 3040/2110/1918 3031/2101/1909 3032/2102/1910
f 3040/2110/1918 3039/2109/1917 3031/2101/1909
f 3033/2103/1911 3040/2110/1918 3032/2102/1910
f 3041/2111/1919 3040/2110/1918 3033/2103/1911
f 3034/2104/1912 3041/2111/1919 3033/2103/1911
f 3035/2105/1913 3042/2112/1920 3034/2104/1912
f 3042/2112/1920 3041/2111/1919 3034/2104/1912
f 3036/2106/1914 3043/2113/1921 3035/2105/1913
f 3043/2113/1921 3042/2112/1920 3035/2105/1913
f 3044/2114/1922 3037/2107/1915 3038/2108/1916
f 3045/2115/1923 3044/2114/1922 3038/2108/1916
f 3045/2115/1923 3038/2108/1916 3039/2109/1917
f 3041/2111/1919 3046/2116/1924 3040/2110/1918
f 3046/2116/1924 3045/2115/1923 3039/2109/1917
f 3046/2116/1924 3039/2109/1917 3040/2110/1918
f 3047/2117/1925 3046/2116/1924 3041/2111/1919
f 3042/2112/1920 3047/2117/1925 3041/2111/1919
f 3043/2113/1921 3048/2118/1926 3042/2112/1920
f 3048/2118/1926 3047/2117/1925 3042/2112/1920
f 3049/2119/1927 3044/2114/1922 3045/2115/1923
f 3050/2120/1928 3045/2115/1923 3046/2116/1924
f 3047/2117/1925 3050/2120/1928 3046/2116/1924
f 3050/2120/1928 3049/2119/1927 3045/2115/1923
f 3051/2121/1929 3050/2120/1928 3047/2117/1925
f 3048/2118/1926 3051/2121/1929 3047/2117/1925
f 3052/2122/1930 3049/2119/1927 3050/2120/1928
f 3051/2121/1929 3052/2122/1930 3050/2120/1928
f 3053/2123/1931 3036/2106/1914 3013/2083/1891
f 3014/2084/1892 3053/2123/1931 3013/2083/1891
f 3053/2123/1931 3054/2124/1932 3036/2106/1914
f 3054/2124/1932 3043/2113/1921 3036/2106/1914
f 3054/2124/1932 3055/2125/1933 3043/2113/1921
f 3055/2125/1933 3048/2118/1926 3043/2113/1921
f 3055/2125/1933 3056/2126/1934 3048/2118/1926
f 3056/2126/1934 3051/2121/1929 3048/2118/1926
f 3057/2127/1935 3052/2122/1930 3051/2121/1929
f 3056/2126/1934 3057/2127/1935 3051/2121/1929
f 3057/2127/1935 3058/2128/1888 3052/2122/1930
f 3052/2122/1930 3059/2129/1936 3049/2119/1927
f 3058/2128/1888 3059/2129/1936 3052/2122/1930
f 3049/2119/1927 3060/2130/1937 3044/2114/1922
f 3059/2129/1936 3060/2130/1937 3049/2119/1927
f 3044/2114/1922 3061/2131/1938 3037/2107/1915
f 3060/2130/1937 3061/2131/1938 3044/2114/1922
f 3061/2131/1938 3062/2132/1880 3037/2107/1915
f 3037/2107/1915 3062/2132/1880 3028/2098/1906
f 3028/2098/1906 3063/2133/1939 3015/2085/1893
f 3062/2132/1880 3063/2133/1939 3028/2098/1906
f 3015/2085/1893 3064/2134/1940 3016/2086/1894
f 3063/2133/1939 3064/2134/1940 3015/2085/1893
f 3064/2134/1940 3065/2135/1941 3016/2086/1894
f 3065/2135/1941 3066/2135/1942 3016/2086/1894
f 3016/2086/1894 3067/2086/1943 3017/2087/1895
f 3066/2135/1942 3067/2086/1943 3016/2086/1894
f 3067/2086/1943 3068/2087/1944 3017/2087/1895
f 3017/2087/1895 3068/2087/1944 3019/2089/1897
f 3019/2089/1897 3069/2089/1945 3021/2091/1899
f 3068/2087/1944 3069/2089/1945 3019/2089/1897
f 3021/2091/1899 3070/2091/1946 3023/2093/1901
f 3069/2089/1945 3070/2091/1946 3021/2091/1899
f 3070/2091/1946 3071/2093/1947 3023/2093/1901
f 3023/2093/1901 3071/2093/1947 2996/2066/1874
f 3071/2093/1947 2994/2066/1872 2996/2066/1874
f 3072/2136/1948 3073/2137/1949 3074/2138/1950
f 3075/2139/1951 3072/2136/1948 3074/2138/1950
f 3072/2136/1948 3076/2140/1952 3073/2137/1949
f 3076/2140/1952 3077/2141/1953 3073/2137/1949
f 3073/2137/1949 3077/2141/1953 3078/2142/1954
f 3074/2138/1950 3073/2137/1949 3079/2143/1955
f 3073/2137/1949 3078/2142/1954 3079/2143/1955
f 3080/2144/1956 3074/2138/1950 3079/2143/1955
f 3081/2145/1957 3075/2139/1951 3074/2138/1950
f 3080/2144/1956 3081/2145/1957 3074/2138/1950
f 3081/2145/1957 3082/2146/1958 3075/2139/1951
f 3083/2147/1959 3080/2144/1956 3079/2143/1955
f 3077/2141/1953 3084/2148/1960 3078/2142/1954
f 3085/2149/1961 3086/2150/1962 3083/2147/1959
f 3086/2150/1962 3080/2144/1956 3083/2147/1959
f 3087/2151/1963 3081/2145/1957 3080/2144/1956
f 3086/2150/1962 3087/2151/1963 3080/2144/1956
f 3088/2152/1964 3082/2146/1958 3081/2145/1957
f 3087/2151/1963 3088/2152/1964 3081/2145/1957
f 3088/2152/1964 3089/2153/1965 3082/2146/1958
f 3089/2153/1965 3090/2154/1966 3082/2146/1958
f 3082/2146/1958 3091/2155/1967 3075/2139/1951
f 3082/2146/1958 3090/2154/1966 3091/2155/1967
f 3092/2156/1968 3072/2136/1948 3075/2139/1951
f 3091/2155/1967 3092/2156/1968 3075/2139/1951
f 3093/2157/1969 3076/2140/1952 3072/2136/1948
f 3092/2156/1968 3093/2157/1969 3072/2136/1948
f 3093/2157/1969 3094/2158/1970 3076/2140/1952
f 3076/2140/1952 3095/2159/1971 3077/2141/1953
f 3094/2158/1970 3095/2159/1971 3076/2140/1952
f 3095/2159/1971 3096/2160/1972 3077/2141/1953
f 3077/2141/1953 3096/2160/1972 3084/2148/1960
f 3096/2160/1972 3097/2161/1973 3084/2148/1960
f 3096/2160/1972 3098/2162/1974 3097/2161/1973
f 3098/2162/1974 3099/2163/1975 3097/2161/1973
f 3095/2159/1971 3100/2164/1976 3096/2160/1972
f 3100/2164/1976 3098/2162/1974 3096/2160/1972
f 3101/2165/1977 3100/2164/1976 3095/2159/1971
f 3094/2158/1970 3101/2165/1977 3095/2159/1971
f 3102/2166/1978 3101/2165/1977 3094/2158/1970
f 3103/2167/1979 3102/2166/1978 3094/2158/1970
f 3103/2167/1979 3094/2158/1970 3093/2157/1969
f 3104/2168/1980 3093/2157/1969 3092/2156/1968
f 3104/2168/1980 3103/2167/1979 3093/2157/1969
f 3105/2169/1981 3092/2156/1968 3091/2155/1967
f 3105/2169/1981 3104/2168/1980 3092/2156/1968
f 3090/2154/1966 3106/2170/1982 3091/2155/1967
f 3106/2170/1982 3105/2169/1981 3091/2155/1967
f 3090/2154/1966 3107/2171/1983 3106/2170/1982
f 3089/2153/1965 3108/2172/1984 3090/2154/1966
f 3108/2172/1984 3107/2171/1983 3090/2154/1966
f 3098/2162/1974 3109/2173/1985 3099/2163/1975
f 3109/2173/1985 3110/2174/1986 3099/2163/1975
f 3111/2175/1987 3109/2173/1985 3098/2162/1974
f 3100/2164/1976 3111/2175/1987 3098/2162/1974
f 3101/2165/1977 3112/2176/1988 3100/2164/1976
f 3112/2176/1988 3111/2175/1987 3100/2164/1976
f 3102/2166/1978 3113/2177/1989 3101/2165/1977
f 3113/2177/1989 3112/2176/1988 3101/2165/1977
f 3114/2178/1990 3113/2177/1989 3102/2166/1978
f 3115/2179/1991 3114/2178/1990 3102/2166/1978
f 3115/2179/1991 3102/2166/1978 3103/2167/1979
f 3116/2180/1992 3115/2179/1991 3103/2167/1979
f 3116/2180/1992 3103/2167/1979 3104/2168/1980
f 3117/2181/1993 3116/2180/1992 3104/2168/1980
f 3117/2181/1993 3104/2168/1980 3105/2169/1981
f 3118/2182/1994 3105/2169/1981 3106/2170/1982
f 3118/2182/1994 3117/2181/1993 3105/2169/1981
f 3107/2171/1983 3119/2183/1995 3106/2170/1982
f 3119/2183/1995 3118/2182/1994 3106/2170/1982
f 3114/2178/1990 3120/2184/1996 3113/2177/1989
f 3120/2184/1996 3121/2185/1997 3113/2177/1989
f 3113/2177/1989 3121/2185/1997 3112/2176/1988
f 3121/2185/1997 3122/2186/1998 3112/2176/1988
f 3112/2176/1988 3122/2186/1998 3111/2175/1987
f 3111/2175/1987 3123/2187/1999 3109/2173/1985
f 3122/2186/1998 3123/2187/1999 3111/2175/1987
f 3123/2187/1999 3124/2188/2000 3109/2173/1985
f 3109/2173/1985 3124/2188/2000 3110/2174/1986
f 3124/2188/2000 3125/2189/2001 3110/2174/1986
f 3126/2190/2002 3114/2178/1990 3115/2179/1991
f 3127/2191/2003 3115/2179/1991 3116/2180/1992
f 3127/2191/2003 3126/2190/2002 3115/2179/1991
f 3128/2192/2004 3116/2180/1992 3117/2181/1993
f 3128/2192/2004 3127/2191/2003 3116/2180/1992
f 3129/2193/2005 3128/2192/2004 3117/2181/1993
f 3129/2193/2005 3117/2181/1993 3118/2182/1994
f 3130/2194/2006 3118/2182/1994 3119/2183/1995
f 3130/2194/2006 3129/2193/2005 3118/2182/1994
f 3131/2195/2007 3130/2194/2006 3119/2183/1995
f 3107/2171/1983 3132/2196/2008 3119/2183/1995
f 3132/2196/2008 3131/2195/2007 3119/2183/1995
f 3133/2197/2009 3132/2196/2008 3107/2171/1983
f 3108/2172/1984 3133/2197/2009 3107/2171/1983
f 3133/2197/2009 3134/2198/2010 3132/2196/2008
f 3134/2198/2010 3135/2199/2011 3132/2196/2008
f 3131/2195/2007 3132/2196/2008 3136/2200/2012
f 3132/2196/2008 3135/2199/2011 3136/2200/2012
f 3137/2201/2013 3130/2194/2006 3131/2195/2007
f 3136/2200/2012 3137/2201/2013 3131/2195/2007
f 3138/2202/2014 3129/2193/2005 3130/2194/2006
f 3137/2201/2013 3138/2202/2014 3130/2194/2006
f 3139/2203/2015 3128/2192/2004 3129/2193/2005
f 3138/2202/2014 3139/2203/2015 3129/2193/2005
f 3139/2203/2015 3140/2204/2016 3128/2192/2004
f 3140/2204/2016 3127/2191/2003 3128/2192/2004
f 3140/2204/2016 3141/2205/2017 3127/2191/2003
f 3141/2205/2017 3126/2190/2002 3127/2191/2003
f 3141/2205/2017 3142/2206/2018 3126/2190/2002
f 3126/2190/2002 3143/2207/2019 3114/2178/1990
f 3143/2207/2019 3120/2184/1996 3114/2178/1990
f 3142/2206/2018 3143/2207/2019 3126/2190/2002
f 3144/2208/1986 3141/2205/2017 3140/2204/2016
f 3145/2209/1975 3140/2204/2016 3139/2203/2015
f 3145/2209/1975 3144/2208/1986 3140/2204/2016
f 3146/2210/2020 3145/2209/1975 3139/2203/2015
f 3146/2210/2020 3139/2203/2015 3138/2202/2014
f 3147/2211/2021 3146/2210/2020 3138/2202/2014
f 3147/2211/2021 3138/2202/2014 3137/2201/2013
f 3148/2212/1954 3137/2201/2013 3136/2200/2012
f 3148/2212/1954 3147/2211/2021 3137/2201/2013
f 3149/2213/2022 3148/2212/1954 3136/2200/2012
f 3150/2214/2023 3149/2213/2022 3136/2200/2012
f 3135/2199/2011 3150/2214/2023 3136/2200/2012
f 3151/2215/1961 3150/2214/2023 3135/2199/2011
f 3134/2198/2010 3151/2215/1961 3135/2199/2011
f 3152/2216/2024 3151/2215/1961 3134/2198/2010
f 3153/2217/2025 3134/2198/2010 3133/2197/2009
f 3153/2217/2025 3152/2216/2024 3134/2198/2010
f 3154/2218/2026 3152/2216/2024 3153/2217/2025
f 3155/2219/2027 3154/2218/2026 3153/2217/2025
f 3156/2220/2028 3157/2221/2029 3158/2222/2030
f 3157/2221/2029 3159/2223/2031 3158/2222/2030
f 3157/2221/2029 3160/2224/2032 3159/2223/2031
f 3160/2224/2032 3161/2225/2033 3159/2223/2031
f 3160/2224/2032 3162/2226/2034 3161/2225/2033
f 3162/2226/2034 3163/2227/2035 3161/2225/2033
f 3162/2226/2034 3164/2228/2036 3163/2227/2035
f 3164/2228/2036 3165/2229/2037 3163/2227/2035
f 3164/2228/2036 3166/2230/2038 3165/2229/2037
f 3166/2230/2038 3167/2231/2039 3165/2229/2037
f 3166/2230/2038 3168/2232/2040 3167/2231/2039
f 3168/2232/2040 3169/2233/2041 3167/2231/2039
f 3170/2234/2042 3155/2219/2027 3169/2233/2041
f 3168/2232/2040 3170/2234/2042 3169/2233/2041
f 3169/2233/2041 3155/2219/2027 3171/2235/2043
f 3155/2219/2027 3153/2217/2025 3171/2235/2043
f 3171/2235/2043 3153/2217/2025 3133/2197/2009
f 3171/2235/2043 3133/2197/2009 3108/2172/1984
f 3170/2234/2042 3172/2236/2044 3155/2219/2027
f 3172/2236/2044 3154/2218/2026 3155/2219/2027
f 3173/2237/2045 3172/2236/2044 3170/2234/2042
f 3174/2238/2046 3173/2237/2045 3170/2234/2042
f 3174/2238/2046 3170/2234/2042 3168/2232/2040
f 3175/2239/2047 3168/2232/2040 3166/2230/2038
f 3175/2239/2047 3174/2238/2046 3168/2232/2040
f 3176/2240/2048 3175/2239/2047 3166/2230/2038
f 3176/2240/2048 3166/2230/2038 3164/2228/2036
f 3177/2241/2049 3164/2228/2036 3162/2226/2034
f 3177/2241/2049 3176/2240/2048 3164/2228/2036
f 3178/2242/2050 3162/2226/2034 3160/2224/2032
f 3178/2242/2050 3177/2241/2049 3162/2226/2034
f 3179/2243/2051 3160/2224/2032 3157/2221/2029
f 3179/2243/2051 3178/2242/2050 3160/2224/2032
f 3180/2244/2052 3179/2243/2051 3157/2221/2029
f 3180/2244/2052 3157/2221/2029 3156/2220/2028
f 3181/2245/2045 3180/2244/2052 3156/2220/2028
f 3182/2246/2053 3173/2237/2045 3174/2238/2046
f 3183/2247/2054 3174/2238/2046 3175/2239/2047
f 3183/2247/2054 3182/2246/2053 3174/2238/2046
f 3184/2248/2055 3183/2247/2054 3175/2239/2047
f 3184/2248/2055 3175/2239/2047 3176/2240/2048
f 3185/2249/2056 3176/2240/2048 3177/2241/2049
f 3185/2249/2056 3184/2248/2055 3176/2240/2048
f 3186/2250/2057 3177/2241/2049 3178/2242/2050
f 3186/2250/2057 3185/2249/2056 3177/2241/2049
f 3187/2251/2058 3186/2250/2057 3178/2242/2050
f 3187/2251/2058 3178/2242/2050 3179/2243/2051
f 3188/2252/2059 3179/2243/2051 3180/2244/2052
f 3188/2252/2059 3187/2251/2058 3179/2243/2051
f 3189/2253/2060 3180/2244/2052 3181/2245/2045
f 3189/2253/2060 3188/2252/2059 3180/2244/2052
f 3190/2254/2061 3188/2252/2059 3189/2253/2060
f 3191/2255/2062 3190/2254/2061 3189/2253/2060
f 3191/2255/2062 3189/2253/2060 3192/2256/2063
f 3192/2256/2063 3189/2253/2060 3181/2245/2045
f 3193/2257/2064 3191/2255/2062 3192/2256/2063
f 3194/2258/2065 3182/2246/2053 3183/2247/2054
f 3195/2259/2066 3183/2247/2054 3184/2248/2055
f 3195/2259/2066 3194/2258/2065 3183/2247/2054
f 3196/2260/2067 3184/2248/2055 3185/2249/2056
f 3196/2260/2067 3195/2259/2066 3184/2248/2055
f 3197/2261/2068 3196/2260/2067 3185/2249/2056
f 3197/2261/2068 3185/2249/2056 3186/2250/2057
f 3198/2262/2069 3186/2250/2057 3187/2251/2058
f 3198/2262/2069 3197/2261/2068 3186/2250/2057
f 3199/2263/2070 3187/2251/2058 3188/2252/2059
f 3190/2254/2061 3199/2263/2070 3188/2252/2059
f 3199/2263/2070 3198/2262/2069 3187/2251/2058
f 3200/2264/2071 3201/2265/2072 3202/2266/2073
f 3203/2267/2074 3200/2264/2071 3202/2266/2073
f 3203/2267/2074 3202/2266/2073 3204/2268/2075
f 3205/2269/2076 3203/2267/2074 3204/2268/2075
f 3205/2269/2076 3204/2268/2075 3206/2270/2077
f 3207/2271/2078 3205/2269/2076 3206/2270/2077
f 3207/2271/2078 3206/2270/2077 3208/2272/2079
f 3209/2273/2080 3207/2271/2078 3208/2272/2079
f 3209/2273/2080 3208/2272/2079 3210/2274/2081
f 3211/2275/2082 3209/2273/2080 3210/2274/2081
f 3202/2266/2073 3201/2265/2072 3212/2276/2083
f 3201/2265/2072 3213/2277/2084 3212/2276/2083
f 3202/2266/2073 3212/2276/2083 3214/2278/2085
f 3204/2268/2075 3202/2266/2073 3214/2278/2085
f 3206/2270/2077 3204/2268/2075 3215/2279/2086
f 3204/2268/2075 3214/2278/2085 3215/2279/2086
f 3208/2272/2079 3206/2270/2077 3216/2280/2087
f 3206/2270/2077 3215/2279/2086 3216/2280/2087
f 3208/2272/2079 3216/2280/2087 3217/2281/2088
f 3210/2274/2081 3208/2272/2079 3217/2281/2088
f 3210/2274/2081 3217/2281/2088 3218/2282/2089
f 3211/2275/2082 3210/2274/2081 3219/2283/2090
f 3219/2283/2090 3210/2274/2081 3218/2282/2089
f 3220/2284/2091 3211/2275/2082 3219/2283/2090
f 3213/2277/2084 3221/2285/2092 3222/2286/2093
f 3212/2276/2083 3213/2277/2084 3222/2286/2093
f 3214/2278/2085 3212/2276/2083 3223/2287/2094
f 3212/2276/2083 3222/2286/2093 3223/2287/2094
f 3215/2279/2086 3214/2278/2085 3224/2288/2095
f 3214/2278/2085 3223/2287/2094 3224/2288/2095
f 3215/2279/2086 3224/2288/2095 3225/2289/2096
f 3216/2280/2087 3215/2279/2086 3225/2289/2096
f 3217/2281/2088 3216/2280/2087 3226/2290/2097
f 3216/2280/2087 3225/2289/2096 3226/2290/2097
f 3218/2282/2089 3217/2281/2088 3227/2291/2098
f 3217/2281/2088 3226/2290/2097 3227/2291/2098
f 3218/2282/2089 3227/2291/2098 3228/2292/2099
f 3229/2293/2100 3218/2282/2089 3228/2292/2099
f 3219/2283/2090 3218/2282/2089 3229/2293/2100
f 3220/2284/2091 3219/2283/2090 3230/2294/2101
f 3230/2294/2101 3219/2283/2090 3229/2293/2100
f 3231/2295/2102 3220/2284/2091 3230/2294/2101
f 3227/2291/2098 3232/2291/2103 3228/2292/2099
f 3232/2291/2103 3233/2292/2104 3228/2292/2099
f 3226/2290/2097 3234/2290/2105 3227/2291/2098
f 3234/2290/2105 3232/2291/2103 3227/2291/2098
f 3225/2289/2096 3235/2289/2106 3226/2290/2097
f 3235/2289/2106 3234/2290/2105 3226/2290/2097
f 3236/2288/2107 3235/2289/2106 3225/2289/2096
f 3224/2288/2095 3236/2288/2107 3225/2289/2096
f 3223/2287/2094 3237/2287/2108 3224/2288/2095
f 3237/2287/2108 3236/2288/2107 3224/2288/2095
f 3222/2286/2093 3238/2286/2109 3223/2287/2094
f 3238/2286/2109 3237/2287/2108 3223/2287/2094
f 3221/2285/2092 3239/2285/2110 3222/2286/2093
f 3239/2285/2110 3238/2286/2109 3222/2286/2093
f 3240/2296/2111 3239/2285/2110 3221/2285/2092
f 3241/2296/2099 3240/2296/2111 3221/2285/2092
f 3213/2277/2084 3242/2297/2100 3221/2285/2092
f 3242/2297/2100 3241/2296/2099 3221/2285/2092
f 3243/2298/2112 3242/2297/2100 3213/2277/2084
f 3201/2265/2072 3243/2298/2112 3213/2277/2084
f 3200/2264/2071 3244/2299/2102 3201/2265/2072
f 3244/2299/2102 3243/2298/2112 3201/2265/2072
f 3245/2300/2113 3244/2299/2102 3200/2264/2071
f 3246/2301/2114 3200/2264/2071 3203/2267/2074
f 3246/2301/2114 3245/2300/2113 3200/2264/2071
f 3247/2302/2115 3246/2301/2114 3203/2267/2074
f 3247/2302/2115 3203/2267/2074 3205/2269/2076
f 3248/2303/2116 3205/2269/2076 3207/2271/2078
f 3248/2303/2116 3247/2302/2115 3205/2269/2076
f 3249/2304/2117 3207/2271/2078 3209/2273/2080
f 3249/2304/2117 3248/2303/2116 3207/2271/2078
f 3250/2305/2118 3249/2304/2117 3209/2273/2080
f 3250/2305/2118 3209/2273/2080 3211/2275/2082
f 3251/2306/2119 3211/2275/2082 3220/2284/2091
f 3251/2306/2119 3250/2305/2118 3211/2275/2082
f 3252/2307/2120 3220/2284/2091 3231/2295/2102
f 3252/2307/2120 3251/2306/2119 3220/2284/2091
f 3253/2308/2113 3252/2307/2120 3231/2295/2102
f 3254/2309/2121 3245/2300/2113 3246/2301/2114
f 3255/2310/2122 3246/2301/2114 3247/2302/2115
f 3255/2310/2122 3254/2309/2121 3246/2301/2114
f 3256/2311/2123 3247/2302/2115 3248/2303/2116
f 3256/2311/2123 3255/2310/2122 3247/2302/2115
f 3257/2312/2124 3256/2311/2123 3248/2303/2116
f 3257/2312/2124 3248/2303/2116 3249/2304/2117
f 3258/2313/2125 3249/2304/2117 3250/2305/2118
f 3258/2313/2125 3257/2312/2124 3249/2304/2117
f 3259/2314/2126 3250/2305/2118 3251/2306/2119
f 3259/2314/2126 3258/2313/2125 3250/2305/2118
f 3260/2315/2127 3259/2314/2126 3251/2306/2119
f 3260/2315/2127 3251/2306/2119 3252/2307/2120
f 3261/2316/2128 3252/2307/2120 3253/2308/2113
f 3261/2316/2128 3260/2315/2127 3252/2307/2120
f 3262/2317/2129 3261/2316/2128 3253/2308/2113
f 3263/2318/2130 3261/2316/2128 3262/2317/2129
f 3264/2319/2131 3263/2318/2130 3262/2317/2129
f 3265/2320/2132 3263/2318/2130 3264/2319/2131
f 3266/2321/2133 3265/2320/2132 3264/2319/2131
f 3267/2322/2131 3254/2309/2121 3255/2310/2122
f 3268/2323/2134 3255/2310/2122 3256/2311/2123
f 3268/2323/2134 3267/2322/2131 3255/2310/2122
f 3269/2324/2135 3268/2323/2134 3256/2311/2123
f 3269/2324/2135 3256/2311/2123 3257/2312/2124
f 3270/2325/2136 3257/2312/2124 3258/2313/2125
f 3270/2325/2136 3269/2324/2135 3257/2312/2124
f 3271/2326/2137 3258/2313/2125 3259/2314/2126
f 3271/2326/2137 3270/2325/2136 3258/2313/2125
f 3272/2327/2138 3259/2314/2126 3260/2315/2127
f 3272/2327/2138 3271/2326/2137 3259/2314/2126
f 3273/2328/2139 3272/2327/2138 3260/2315/2127
f 3273/2328/2139 3260/2315/2127 3261/2316/2128
f 3263/2318/2130 3273/2328/2139 3261/2316/2128
f 3274/2329/2140 3273/2328/2139 3263/2318/2130
f 3265/2320/2132 3274/2329/2140 3263/2318/2130
f 3275/2330/2141 3267/2322/2131 3268/2323/2134
f 3276/2331/2142 3275/2330/2141 3268/2323/2134
f 3276/2331/2142 3268/2323/2134 3269/2324/2135
f 3277/2332/2143 3276/2331/2142 3269/2324/2135
f 3277/2332/2143 3269/2324/2135 3270/2325/2136
f 3278/2333/2144 3277/2332/2143 3270/2325/2136
f 3278/2333/2144 3270/2325/2136 3271/2326/2137
f 3279/2334/2145 3271/2326/2137 3272/2327/2138
f 3279/2334/2145 3278/2333/2144 3271/2326/2137
f 3274/2329/2140 3280/2335/2146 3273/2328/2139
f 3280/2335/2146 3279/2334/2145 3272/2327/2138
f 3280/2335/2146 3272/2327/2138 3273/2328/2139
f 3281/2336/2147 3282/2337/2148 3283/2337/2149
f 3283/2337/2149 3284/2338/2150 3285/2336/2151
f 3285/2336/2151 3281/2336/2147 3283/2337/2149
f 3286/2339/2152 3281/2336/2147 3285/2336/2151
f 3284/2338/2150 3287/2340/2153 3288/2341/2154
f 3284/2338/2150 3288/2341/2154 3285/2336/2151
f 3285/2336/2151 3288/2341/2154 3289/2339/2155
f 3289/2339/2155 3286/2339/2152 3285/2336/2151
f 3290/2342/2156 3286/2339/2152 3289/2339/2155
f 3287/2340/2153 3291/2343/2157 3292/2344/2158
f 3287/2340/2153 3292/2344/2158 3288/2341/2154
f 3288/2341/2154 3293/2345/2159 3289/2339/2155
f 3288/2341/2154 3292/2344/2158 3293/2345/2159
f 3294/2342/2160 3290/2342/2156 3289/2339/2155
f 3289/2339/2155 3293/2345/2159 3294/2342/2160
f 3295/2346/2161 3290/2342/2156 3294/2342/2160
f 3291/2343/2157 3296/2347/2162 3292/2344/2158
f 3291/2343/2157 3297/2348/2163 3296/2347/2162
f 3292/2344/2158 3296/2347/2162 3298/2349/2164
f 3292/2344/2158 3298/2349/2164 3293/2345/2159
f 3293/2345/2159 3298/2349/2164 3299/2350/2165
f 3293/2345/2159 3299/2350/2165 3294/2342/2160
f 3294/2342/2160 3299/2350/2165 3300/2346/2166
f 3300/2346/2166 3295/2346/2161 3294/2342/2160
f 3301/2351/2167 3295/2346/2161 3300/2346/2166
f 3302/2351/2168 3301/2351/2167 3300/2346/2166
f 3299/2350/2165 3303/2352/2169 3300/2346/2166
f 3300/2346/2166 3303/2352/2169 3302/2351/2168
f 3299/2350/2165 3304/2353/2170 3303/2352/2169
f 3298/2349/2164 3304/2353/2170 3299/2350/2165
f 3298/2349/2164 3305/2354/2171 3304/2353/2170
f 3296/2347/2162 3305/2354/2171 3298/2349/2164
f 3297/2348/2163 3306/2355/2172 3296/2347/2162
f 3296/2347/2162 3306/2355/2172 3305/2354/2171
f 3297/2348/2163 3307/2356/2173 3306/2355/2172
f 3307/2356/2173 3308/2357/2174 3306/2355/2172
f 3307/2356/2173 3309/2358/2175 3308/2357/2174
f 3309/2358/2175 3310/2359/2176 3308/2357/2174
f 3309/2358/2175 3311/2360/2177 3310/2359/2176
f 3311/2360/2177 3312/2361/2178 3310/2359/2176
f 3310/2359/2176 3312/2361/2178 3313/2362/2179
f 3312/2361/2178 3314/2363/2180 3313/2362/2179
f 3313/2362/2179 3314/2363/2180 3315/2364/2181
f 3303/2352/2169 3316/2365/2182 3302/2351/2168
f 3303/2352/2169 3317/2366/2183 3316/2365/2182
f 3304/2353/2170 3317/2366/2183 3303/2352/2169
f 3317/2366/2183 3318/2367/2184 3316/2365/2182
f 3315/2364/2181 3319/2368/2185 3320/2369/2186
f 3313/2362/2179 3315/2364/2181 3321/2370/2187
f 3321/2370/2187 3315/2364/2181 3320/2369/2186
f 3308/2357/2174 3310/2359/2176 3322/2371/2188
f 3322/2371/2188 3313/2362/2179 3321/2370/2187
f 3310/2359/2176 3313/2362/2179 3322/2371/2188
f 3308/2357/2174 3322/2371/2188 3323/2372/2189
f 3306/2355/2172 3323/2372/2189 3305/2354/2171
f 3306/2355/2172 3308/2357/2174 3323/2372/2189
f 3305/2354/2171 3324/2373/2190 3304/2353/2170
f 3305/2354/2171 3323/2372/2189 3324/2373/2190
f 3304/2353/2170 3324/2373/2190 3317/2366/2183
f 3324/2373/2190 3325/2374/2191 3317/2366/2183
f 3317/2366/2183 3325/2374/2191 3318/2367/2184
f 3325/2374/2191 3326/2375/2192 3318/2367/2184
f 3318/2367/2184 3326/2375/2192 3327/2376/2193
f 3326/2375/2192 3328/2377/2194 3327/2376/2193
f 3326/2375/2192 3329/2378/2195 3328/2377/2194
f 3320/2369/2186 3330/2379/2196 3329/2378/2195
f 3319/2368/2185 3331/2380/2197 3330/2379/2196
f 3320/2369/2186 3319/2368/2185 3330/2379/2196
f 3332/2381/2198 3329/2378/2195 3326/2375/2192
f 3325/2374/2191 3332/2381/2198 3326/2375/2192
f 3332/2381/2198 3320/2369/2186 3329/2378/2195
f 3321/2370/2187 3320/2369/2186 3332/2381/2198
f 3333/2382/2199 3332/2381/2198 3325/2374/2191
f 3323/2372/2189 3333/2382/2199 3324/2373/2190
f 3333/2382/2199 3321/2370/2187 3332/2381/2198
f 3322/2371/2188 3321/2370/2187 3333/2382/2199
f 3324/2373/2190 3333/2382/2199 3325/2374/2191
f 3323/2372/2189 3322/2371/2188 3333/2382/2199
f 3329/2378/2195 3330/2379/2196 3334/2383/2200
f 3329/2378/2195 3334/2383/2200 3328/2377/2194
f 3330/2379/2196 3331/2380/2197 3335/2384/2201
f 3330/2379/2196 3335/2384/2201 3334/2383/2200
f 3331/2380/2197 3336/2385/2202 3335/2384/2201
f 3336/2385/2202 3337/2386/2203 3338/2387/2204
f 3335/2384/2201 3336/2385/2202 3338/2387/2204
f 3334/2383/2200 3335/2384/2201 3339/2388/2205
f 3335/2384/2201 3338/2387/2204 3339/2388/2205
f 3328/2377/2194 3334/2383/2200 3340/2389/2206
f 3334/2383/2200 3339/2388/2205 3340/2389/2206
f 3327/2376/2193 3328/2377/2194 3341/2390/2207
f 3328/2377/2194 3340/2389/2206 3341/2390/2207
f 3327/2376/2193 3341/2390/2207 3342/2391/2208
f 3343/2392/2209 3327/2376/2193 3342/2391/2208
f 3343/2392/2209 3342/2391/2208 3344/2393/2210
f 3345/2394/2211 3343/2392/2209 3344/2393/2210
f 3344/2393/2210 3346/2393/2212 3345/2394/2211
f 3346/2393/2212 3347/2394/2213 3345/2394/2211
f 3348/2395/2214 3346/2393/2212 3344/2393/2210
f 3344/2393/2210 3342/2391/2208 3349/2395/2149
f 3349/2395/2149 3348/2395/2214 3344/2393/2210
f 3342/2391/2208 3341/2390/2207 3350/2396/2150
f 3342/2391/2208 3350/2396/2150 3349/2395/2149
f 3341/2390/2207 3340/2389/2206 3351/2397/2215
f 3341/2390/2207 3351/2397/2215 3350/2396/2150
f 3340/2389/2206 3352/2398/2157 3351/2397/2215
f 3340/2389/2206 3339/2388/2205 3352/2398/2157
f 3339/2388/2205 3338/2387/2204 3353/2399/2216
f 3339/2388/2205 3353/2399/2216 3352/2398/2157
f 3338/2387/2204 3337/2386/2203 3354/2400/2173
f 3338/2387/2204 3354/2400/2173 3353/2399/2216
f 3337/2386/2203 3355/2401/2175 3354/2400/2173
f 3337/2386/2203 3356/2402/2217 3355/2401/2175
f 3356/2402/2217 3357/2403/2177 3355/2401/2175
f 3314/2363/2180 3358/2404/2218 3315/2364/2181
f 3315/2364/2181 3358/2404/2218 3319/2368/2185
f 3319/2368/2185 3359/2405/2219 3331/2380/2197
f 3358/2404/2218 3359/2405/2219 3319/2368/2185
f 3359/2405/2219 3360/2406/2220 3331/2380/2197
f 3331/2380/2197 3360/2406/2220 3336/2385/2202
f 3360/2406/2220 3361/2407/2221 3336/2385/2202
f 3336/2385/2202 3361/2407/2221 3337/2386/2203
f 3361/2407/2221 3356/2402/2217 3337/2386/2203
f 3362/2408/2222 3363/2409/2223 3364/2410/2224
f 3364/2410/2224 3363/2409/2223 3365/2411/2225
f 3364/2410/2224 3365/2411/2225 3366/2412/2226
f 3366/2412/2226 3365/2411/2225 3367/2413/2227
f 3368/2414/2228 3367/2413/2227 3365/2411/2225
f 3369/2415/2229 3367/2413/2227 3368/2414/2228
f 3370/2416/2230 3371/2417/2231 3372/2418/2232
f 3372/2418/2232 3371/2417/2231 3373/2419/2233
f 3372/2418/2232 3373/2419/2233 3374/2420/2234
f 3374/2420/2234 3373/2419/2233 3375/2421/2235
f 3376/2422/2236 3375/2421/2235 3373/2419/2233
f 3377/2423/2237 3375/2421/2235 3376/2422/2236
f 3378/2424/2238 3379/2425/2239 3380/2426/2240
f 3380/2426/2240 3379/2425/2239 3381/2427/2241
f 3380/2426/2240 3381/2427/2241 3382/2428/2065
f 3382/2428/2065 3381/2427/2241 3383/2429/2242
f 3384/2430/2243 3383/2429/2242 3381/2427/2241
f 3385/2431/2061 3383/2429/2242 3384/2430/2243
f 3386/2432/1934 3387/2433/2244 3388/2434/1935
f 3388/2434/1935 3387/2433/2244 3389/2435/2245
f 3388/2434/1935 3389/2435/2245 3390/2436/1888
f 3390/2436/1888 3389/2435/2245 3391/2437/2246
f 3392/2438/2247 3391/2437/2246 3389/2435/2245
f 3393/2439/2248 3391/2437/2246 3392/2438/2247
f 3394/2440/2249 3395/2441/2250 3396/2442/2251
f 3394/2440/2249 3396/2442/2251 3397/2443/2252
f 3398/2444/2253 3394/2440/2249 3397/2443/2252
f 3399/2445/2254 3394/2440/2249 3398/2444/2253
f 3400/2446/2255 3399/2445/2254 3398/2444/2253
f 3397/2443/2252 3396/2442/2251 3401/2447/2256
f 3399/2445/2254 3402/2448/2257 3394/2440/2249
f 3402/2448/2257 3395/2441/2250 3394/2440/2249
f 3402/2448/2257 3403/2449/2258 3395/2441/2250
f 3403/2449/2258 3404/2450/2259 3395/2441/2250
f 3395/2441/2250 3404/2450/2259 3405/2451/2260
f 3395/2441/2250 3405/2451/2260 3396/2442/2251
f 3396/2442/2251 3405/2451/2260 3406/2452/2261
f 3396/2442/2251 3406/2452/2261 3401/2447/2256
f 3401/2447/2256 3406/2452/2261 3407/2453/2262
f 3401/2447/2256 3407/2453/2262 3408/2454/2263
f 3409/2455/2264 3401/2447/2256 3408/2454/2263
f 3397/2443/2252 3401/2447/2256 3409/2455/2264
f 3410/2456/2265 3397/2443/2252 3409/2455/2264
f 3398/2444/2253 3397/2443/2252 3410/2456/2265
f 3400/2446/2255 3398/2444/2253 3411/2457/2266
f 3411/2457/2266 3398/2444/2253 3410/2456/2265
f 3412/2458/2267 3400/2446/2255 3411/2457/2266
f 3412/2458/2267 3411/2457/2266 3413/2459/2268
f 3414/2460/2269 3412/2458/2267 3413/2459/2268
f 3413/2459/2268 3411/2457/2266 3415/2461/2270
f 3411/2457/2266 3410/2456/2265 3415/2461/2270
f 3415/2461/2270 3410/2456/2265 3416/2462/2271
f 3410/2456/2265 3409/2455/2264 3416/2462/2271
f 3409/2455/2264 3408/2454/2263 3417/2463/2272
f 3416/2462/2271 3409/2455/2264 3417/2463/2272
f 3417/2463/2272 3408/2454/2263 3418/2464/2273
f 3408/2454/2263 3419/2465/2274 3418/2464/2273
f 3408/2454/2263 3407/2453/2262 3419/2465/2274
f 3407/2453/2262 3420/2466/2275 3419/2465/2274
f 3407/2453/2262 3421/2467/2276 3420/2466/2275
f 3406/2452/2261 3421/2467/2276 3407/2453/2262
f 3405/2451/2260 3422/2468/2277 3406/2452/2261
f 3406/2452/2261 3422/2468/2277 3421/2467/2276
f 3404/2450/2259 3423/2469/2278 3405/2451/2260
f 3405/2451/2260 3423/2469/2278 3422/2468/2277
f 3404/2450/2259 3424/2470/2279 3423/2469/2278
f 3403/2449/2258 3425/2471/2280 3404/2450/2259
f 3425/2471/2280 3424/2470/2279 3404/2450/2259
f 3424/2470/2279 3426/2472/2281 3423/2469/2278
f 3423/2469/2278 3427/2473/2282 3422/2468/2277
f 3423/2469/2278 3426/2472/2281 3427/2473/2282
f 3422/2468/2277 3427/2473/2282 3428/2474/2283
f 3422/2468/2277 3428/2474/2283 3421/2467/2276
f 3421/2467/2276 3428/2474/2283 3429/2475/2284
f 3421/2467/2276 3429/2475/2284 3420/2466/2275
f 3420/2466/2275 3429/2475/2284 3430/2476/2285
f 3420/2466/2275 3430/2476/2285 3431/2477/2286
f 3419/2465/2274 3420/2466/2275 3431/2477/2286
f 3419/2465/2274 3431/2477/2286 3432/2478/2287
f 3418/2464/2273 3419/2465/2274 3432/2478/2287
f 3432/2478/2287 3433/2478/2288 3418/2464/2273
f 3433/2478/2288 3434/2464/2289 3418/2464/2273
f 3418/2464/2273 3434/2464/2289 3417/2463/2272
f 3417/2463/2272 3435/2463/2290 3416/2462/2271
f 3434/2464/2289 3435/2463/2290 3417/2463/2272
f 3435/2463/2290 3436/2462/2291 3416/2462/2271
f 3416/2462/2271 3436/2462/2291 3415/2461/2270
f 3429/2475/2284 3437/2479/2292 3430/2476/2285
f 3429/2475/2284 3438/2480/2293 3437/2479/2292
f 3428/2474/2283 3438/2480/2293 3429/2475/2284
f 3427/2473/2282 3439/2481/2294 3428/2474/2283
f 3428/2474/2283 3439/2481/2294 3438/2480/2293
f 3426/2472/2281 3440/2482/2295 3427/2473/2282
f 3427/2473/2282 3440/2482/2295 3439/2481/2294
f 3426/2472/2281 3441/2483/2296 3440/2482/2295
f 3442/2484/2297 3441/2483/2296 3426/2472/2281
f 3424/2470/2279 3442/2484/2297 3426/2472/2281
f 3438/2480/2293 3443/2485/2298 3437/2479/2292
f 3439/2481/2294 3444/2486/2299 3438/2480/2293
f 3438/2480/2293 3444/2486/2299 3443/2485/2298
f 3440/2482/2295 3445/2487/2300 3439/2481/2294
f 3439/2481/2294 3445/2487/2300 3444/2486/2299
f 3440/2482/2295 3446/2488/2301 3445/2487/2300
f 3441/2483/2296 3446/2488/2301 3440/2482/2295
f 3444/2486/2299 3447/2489/2302 3443/2485/2298
f 3445/2487/2300 3448/2490/2303 3444/2486/2299
f 3444/2486/2299 3448/2490/2303 3447/2489/2302
f 3446/2488/2301 3449/2491/2304 3445/2487/2300
f 3445/2487/2300 3449/2491/2304 3448/2490/2303
f 3448/2490/2303 3450/2492/2305 3447/2489/2302
f 3449/2491/2304 3451/2493/2306 3448/2490/2303
f 3448/2490/2303 3451/2493/2306 3450/2492/2305
f 3451/2493/2306 3452/2494/2307 3450/2492/2305
f 3453/2495/2308 3412/2458/2267 3414/2460/2269
f 3454/2496/2309 3455/2497/2310 3453/2495/2308
f 3453/2495/2308 3456/2498/2311 3412/2458/2267
f 3455/2497/2310 3456/2498/2311 3453/2495/2308
f 3456/2498/2311 3400/2446/2255 3412/2458/2267
f 3455/2497/2310 3457/2499/2292 3456/2498/2311
f 3457/2499/2292 3458/2500/2312 3456/2498/2311
f 3456/2498/2311 3458/2500/2312 3400/2446/2255
f 3458/2500/2312 3399/2445/2254 3400/2446/2255
f 3457/2499/2292 3459/2501/2313 3458/2500/2312
f 3460/2502/2314 3402/2448/2257 3399/2445/2254
f 3459/2501/2313 3460/2502/2314 3458/2500/2312
f 3458/2500/2312 3460/2502/2314 3399/2445/2254
f 3459/2501/2313 3461/2503/2315 3460/2502/2314
f 3461/2503/2315 3462/2504/2316 3460/2502/2314
f 3462/2504/2316 3403/2449/2258 3402/2448/2257
f 3460/2502/2314 3462/2504/2316 3402/2448/2257
f 3461/2503/2315 3463/2505/2317 3462/2504/2316
f 3463/2505/2317 3464/2506/2318 3462/2504/2316
f 3464/2506/2318 3425/2471/2280 3403/2449/2258
f 3462/2504/2316 3464/2506/2318 3403/2449/2258
f 3463/2505/2317 3465/2507/2319 3464/2506/2318
f 3465/2507/2319 3466/2508/2320 3464/2506/2318
f 3464/2506/2318 3466/2508/2320 3425/2471/2280
f 3467/2509/2321 3442/2484/2297 3424/2470/2279
f 3425/2471/2280 3467/2509/2321 3424/2470/2279
f 3466/2508/2320 3467/2509/2321 3425/2471/2280
f 3454/2496/2309 3453/2495/2308 3468/2510/2322
f 3468/2510/2322 3453/2495/2308 3414/2460/2269
f 3469/2511/2323 3454/2496/2309 3468/2510/2322
f 3436/2462/2291 3470/2461/2324 3415/2461/2270
f 3415/2461/2270 3470/2461/2324 3413/2459/2268
f 3470/2461/2324 3471/2459/2325 3413/2459/2268
f 3413/2459/2268 3471/2459/2325 3414/2460/2269
f 3414/2460/2269 3472/2460/2326 3468/2510/2322
f 3471/2459/2325 3472/2460/2326 3414/2460/2269
f 3468/2510/2322 3473/2510/2327 3469/2511/2323
f 3472/2460/2326 3473/2510/2327 3468/2510/2322
f 3473/2510/2327 3474/2511/2288 3469/2511/2323
f 3475/2512/2328 3476/2513/2329 3477/2514/2330
f 3476/2513/2329 3478/2515/2331 3477/2514/2330
f 3476/2513/2329 3479/2516/2225 3478/2515/2331
f 3477/2514/2330 3478/2515/2331 3480/2517/2332
f 3479/2516/2225 3481/2518/2333 3478/2515/2331
f 3479/2516/2225 3482/2519/2334 3481/2518/2333
f 3478/2515/2331 3481/2518/2333 3483/2520/2335
f 3478/2515/2331 3483/2520/2335 3480/2517/2332
f 3480/2517/2332 3483/2520/2335 3484/2521/2336
f 3482/2519/2334 3485/2522/2337 3481/2518/2333
f 3482/2519/2334 3486/2523/2222 3485/2522/2337
f 3481/2518/2333 3487/2524/2338 3483/2520/2335
f 3481/2518/2333 3485/2522/2337 3487/2524/2338
f 3483/2520/2335 3488/2525/2339 3484/2521/2336
f 3483/2520/2335 3487/2524/2338 3488/2525/2339
f 3484/2521/2336 3488/2525/2339 3489/2526/2340
f 3488/2525/2339 3490/2527/2341 3489/2526/2340
f 3489/2526/2340 3490/2527/2341 3491/2528/2342
f 3488/2525/2339 3492/2529/2343 3490/2527/2341
f 3487/2524/2338 3492/2529/2343 3488/2525/2339
f 3485/2522/2337 3493/2530/2344 3487/2524/2338
f 3487/2524/2338 3493/2530/2344 3492/2529/2343
f 3485/2522/2337 3494/2531/2345 3493/2530/2344
f 3486/2523/2222 3494/2531/2345 3485/2522/2337
f 3486/2523/2222 3495/2532/2346 3494/2531/2345
f 3495/2532/2346 3496/2533/2347 3497/2534/2348
f 3495/2532/2346 3497/2534/2348 3494/2531/2345
f 3494/2531/2345 3498/2535/2349 3493/2530/2344
f 3494/2531/2345 3497/2534/2348 3498/2535/2349
f 3493/2530/2344 3499/2536/2350 3492/2529/2343
f 3493/2530/2344 3498/2535/2349 3499/2536/2350
f 3492/2529/2343 3499/2536/2350 3500/2537/2351
f 3492/2529/2343 3500/2537/2351 3490/2527/2341
f 3490/2527/2341 3501/2538/2352 3491/2528/2342
f 3490/2527/2341 3500/2537/2351 3501/2538/2352
f 3491/2528/2342 3501/2538/2352 3502/2539/2353
f 3496/2533/2347 3503/2540/2354 3504/2541/2355
f 3496/2533/2347 3504/2541/2355 3497/2534/2348
f 3497/2534/2348 3505/2542/2356 3498/2535/2349
f 3497/2534/2348 3504/2541/2355 3505/2542/2356
f 3498/2535/2349 3506/2543/2357 3499/2536/2350
f 3498/2535/2349 3505/2542/2356 3506/2543/2357
f 3499/2536/2350 3506/2543/2357 3507/2544/2358
f 3499/2536/2350 3507/2544/2358 3500/2537/2351
f 3500/2537/2351 3508/2545/2359 3501/2538/2352
f 3500/2537/2351 3507/2544/2358 3508/2545/2359
f 3501/2538/2352 3509/2546/2360 3502/2539/2353
f 3501/2538/2352 3508/2545/2359 3509/2546/2360
f 3502/2539/2353 3509/2546/2360 3510/2547/2361
f 3509/2546/2360 3511/2548/2362 3510/2547/2361
f 3508/2545/2359 3512/2549/2363 3509/2546/2360
f 3509/2546/2360 3512/2549/2363 3511/2548/2362
f 3512/2549/2363 3513/2550/2364 3511/2548/2362
f 3512/2549/2363 3514/2551/2365 3513/2550/2364
f 3514/2551/2365 3515/2552/2366 3513/2550/2364
f 3515/2552/2366 3516/2552/2367 3513/2550/2364
f 3516/2552/2367 3517/2550/2368 3513/2550/2364
f 3513/2550/2364 3517/2550/2368 3511/2548/2362
f 3511/2548/2362 3518/2548/2369 3510/2547/2361
f 3517/2550/2368 3518/2548/2369 3511/2548/2362
f 3518/2548/2369 3519/2547/2370 3510/2547/2361
f 3507/2544/2358 3520/2553/2371 3508/2545/2359
f 3508/2545/2359 3520/2553/2371 3512/2549/2363
f 3520/2553/2371 3514/2551/2365 3512/2549/2363
f 3506/2543/2357 3521/2554/2372 3507/2544/2358
f 3507/2544/2358 3521/2554/2372 3520/2553/2371
f 3506/2543/2357 3522/2555/2373 3521/2554/2372
f 3505/2542/2356 3522/2555/2373 3506/2543/2357
f 3505/2542/2356 3523/2556/2374 3522/2555/2373
f 3504/2541/2355 3523/2556/2374 3505/2542/2356
f 3504/2541/2355 3524/2557/2375 3523/2556/2374
f 3503/2540/2354 3524/2557/2375 3504/2541/2355
f 3503/2540/2354 3525/2558/2376 3524/2557/2375
f 3525/2558/2376 3526/2559/2330 3524/2557/2375
f 3524/2557/2375 3527/2560/2377 3523/2556/2374
f 3524/2557/2375 3526/2559/2330 3527/2560/2377
f 3526/2559/2330 3528/2561/2378 3527/2560/2377
f 3527/2560/2377 3528/2561/2378 3529/2562/2379
f 3528/2561/2378 3530/2563/2380 3529/2562/2379
f 3529/2562/2379 3530/2563/2380 3531/2564/2381
f 3520/2553/2371 3532/2565/2382 3514/2551/2365
f 3521/2554/2372 3532/2565/2382 3520/2553/2371
f 3521/2554/2372 3533/2566/2383 3532/2565/2382
f 3522/2555/2373 3533/2566/2383 3521/2554/2372
f 3523/2556/2374 3527/2560/2377 3534/2567/2384
f 3527/2560/2377 3529/2562/2379 3534/2567/2384
f 3522/2555/2373 3534/2567/2384 3533/2566/2383
f 3523/2556/2374 3534/2567/2384 3522/2555/2373
f 3514/2551/2365 3535/2568/2385 3515/2552/2366
f 3532/2565/2382 3535/2568/2385 3514/2551/2365
f 3532/2565/2382 3536/2569/2386 3535/2568/2385
f 3533/2566/2383 3536/2569/2386 3532/2565/2382
f 3529/2562/2379 3531/2564/2381 3537/2570/2387
f 3533/2566/2383 3537/2570/2387 3536/2569/2386
f 3534/2567/2384 3537/2570/2387 3533/2566/2383
f 3534/2567/2384 3529/2562/2379 3537/2570/2387
f 3536/2569/2386 3538/2571/2388 3535/2568/2385
f 3537/2570/2387 3531/2564/2381 3539/2572/2389
f 3536/2569/2386 3539/2572/2389 3538/2571/2388
f 3537/2570/2387 3539/2572/2389 3536/2569/2386
f 3539/2572/2389 3540/2573/2390 3538/2571/2388
f 3539/2572/2389 3541/2574/2391 3540/2573/2390
f 3531/2564/2381 3541/2574/2391 3539/2572/2389
f 3541/2574/2391 3542/2575/2392 3540/2573/2390
f 3535/2568/2385 3543/2576/2393 3515/2552/2366
f 3535/2568/2385 3538/2571/2388 3543/2576/2393
f 3538/2571/2388 3540/2573/2390 3544/2577/2394
f 3538/2571/2388 3544/2577/2394 3543/2576/2393
f 3540/2573/2390 3545/2578/2395 3544/2577/2394
f 3540/2573/2390 3542/2575/2392 3545/2578/2395
f 3542/2575/2392 3546/2579/2396 3545/2578/2395
f 3530/2563/2380 3547/2580/2397 3531/2564/2381
f 3531/2564/2381 3547/2580/2397 3541/2574/2391
f 3541/2574/2391 3548/2581/2342 3542/2575/2392
f 3547/2580/2397 3548/2581/2342 3541/2574/2391
f 3542/2575/2392 3549/2582/2353 3546/2579/2396
f 3548/2581/2342 3549/2582/2353 3542/2575/2392
f 3549/2582/2353 3550/2583/2398 3546/2579/2396
f 3550/2583/2398 3551/2583/2370 3546/2579/2396
f 3551/2583/2370 3552/2579/2399 3546/2579/2396
f 3546/2579/2396 3552/2579/2399 3545/2578/2395
f 3545/2578/2395 3553/2578/2400 3544/2577/2394
f 3552/2579/2399 3553/2578/2400 3545/2578/2395
f 3553/2578/2400 3554/2577/2401 3544/2577/2394
f 3544/2577/2394 3554/2577/2401 3543/2576/2393
f 3554/2577/2401 3555/2576/2402 3543/2576/2393
f 3543/2576/2393 3555/2576/2402 3515/2552/2366
f 3555/2576/2402 3516/2552/2367 3515/2552/2366
f 3556/2584/2403 3557/2585/2404 3558/2586/2405
f 3557/2585/2404 3556/2584/2403 3559/2587/2406
f 3560/2588/2407 3559/2587/2406 3556/2584/2403
f 3561/2589/2408 3559/2587/2406 3560/2588/2407
f 3561/2589/2408 3562/2590/2409 3559/2587/2406
f 3563/2591/2410 3562/2590/2409 3561/2589/2408
f 3564/2592/2411 3565/2593/2412 3566/2594/2413
f 3567/2595/2414 3564/2592/2411 3566/2594/2413
f 3568/2596/2415 3564/2592/2411 3567/2595/2414
f 3569/2597/2416 3568/2596/2415 3567/2595/2414
f 3570/2598/2417 3571/2599/2418 3572/2600/2419
f 3571/2599/2418 3573/2601/2420 3572/2600/2419
f 3572/2600/2419 3573/2601/2420 3574/2602/2421
f 3573/2601/2420 3575/2603/2422 3574/2602/2421
f 3574/2602/2421 3575/2603/2422 3576/2604/2423
f 3575/2603/2422 3569/2597/2416 3576/2604/2423
f 3569/2597/2416 3567/2595/2414 3577/2605/2424
f 3576/2604/2423 3569/2597/2416 3577/2605/2424
f 3567/2595/2414 3566/2594/2413 3578/2606/2425
f 3577/2605/2424 3567/2595/2414 3578/2606/2425
f 3566/2594/2413 3579/2594/2426 3578/2606/2425
f 3580/2593/2427 3579/2594/2426 3566/2594/2413
f 3565/2593/2412 3580/2593/2427 3566/2594/2413
f 3581/2607/2428 3580/2593/2427 3565/2593/2412
f 3582/2607/2429 3581/2607/2428 3565/2593/2412
f 3583/2608/2430 3582/2607/2429 3565/2593/2412
f 3564/2592/2411 3583/2608/2430 3565/2593/2412
f 3568/2596/2415 3584/2609/2431 3564/2592/2411
f 3584/2609/2431 3583/2608/2430 3564/2592/2411
f 3579/2594/2426 3585/2606/2432 3578/2606/2425
f 3574/2602/2421 3576/2604/2423 3586/2610/2433
f 3572/2600/2419 3574/2602/2421 3587/2611/2434
f 3587/2611/2434 3574/2602/2421 3586/2610/2433
f 3588/2612/2435 3572/2600/2419 3587/2611/2434
f 3570/2598/2417 3572/2600/2419 3588/2612/2435
f 3589/2613/2436 3570/2598/2417 3588/2612/2435
f 3590/2614/2437 3591/2615/2438 3592/2615/2429
f 3593/2614/2439 3590/2614/2437 3592/2615/2429
f 3594/2616/2440 3590/2614/2437 3593/2614/2439
f 3595/2616/2441 3594/2616/2440 3593/2614/2439
f 3596/2617/2442 3594/2616/2440 3595/2616/2441
f 3597/2617/2443 3596/2617/2442 3595/2616/2441
f 3598/2618/2213 3596/2617/2442 3597/2617/2443
f 3599/2618/2444 3598/2618/2213 3597/2617/2443
f 3600/2619/2445 3599/2618/2444 3597/2617/2443
f 3601/2620/2446 3600/2619/2445 3597/2617/2443
f 3586/2610/2433 3600/2619/2445 3601/2620/2446
f 3601/2620/2446 3597/2617/2443 3595/2616/2441
f 3602/2621/2447 3586/2610/2433 3601/2620/2446
f 3587/2611/2434 3586/2610/2433 3602/2621/2447
f 3603/2622/2448 3587/2611/2434 3602/2621/2447
f 3588/2612/2435 3587/2611/2434 3603/2622/2448
f 3604/2623/2449 3588/2612/2435 3603/2622/2448
f 3589/2613/2436 3588/2612/2435 3604/2623/2449
f 3605/2624/2450 3589/2613/2436 3604/2623/2449
f 3606/2625/2451 3595/2616/2441 3593/2614/2439
f 3606/2625/2451 3601/2620/2446 3595/2616/2441
f 3602/2621/2447 3601/2620/2446 3606/2625/2451
f 3603/2622/2448 3602/2621/2447 3607/2626/2452
f 3607/2626/2452 3602/2621/2447 3606/2625/2451
f 3604/2623/2449 3603/2622/2448 3608/2627/2453
f 3608/2627/2453 3603/2622/2448 3607/2626/2452
f 3609/2628/2454 3604/2623/2449 3608/2627/2453
f 3605/2624/2450 3604/2623/2449 3609/2628/2454
f 3610/2629/2455 3605/2624/2450 3609/2628/2454
f 3611/2630/2456 3605/2624/2450 3610/2629/2455
f 3612/2631/2457 3611/2630/2456 3610/2629/2455
f 3612/2631/2457 3610/2629/2455 3613/2632/2458
f 3614/2633/2459 3612/2631/2457 3613/2632/2458
f 3614/2633/2459 3613/2632/2458 3615/2634/2460
f 3616/2635/2461 3614/2633/2459 3615/2634/2460
f 3611/2630/2456 3617/2636/2462 3605/2624/2450
f 3617/2636/2462 3589/2613/2436 3605/2624/2450
f 3618/2637/2463 3617/2636/2462 3611/2630/2456
f 3619/2638/2464 3618/2637/2463 3611/2630/2456
f 3619/2638/2464 3611/2630/2456 3612/2631/2457
f 3620/2639/2465 3612/2631/2457 3614/2633/2459
f 3620/2639/2465 3619/2638/2464 3612/2631/2457
f 3621/2640/2466 3614/2633/2459 3616/2635/2461
f 3621/2640/2466 3620/2639/2465 3614/2633/2459
f 3622/2641/2467 3621/2640/2466 3616/2635/2461
f 3623/2642/2468 3606/2625/2451 3593/2614/2439
f 3607/2626/2452 3606/2625/2451 3623/2642/2468
f 3623/2642/2468 3593/2614/2439 3592/2615/2429
f 3624/2643/2469 3607/2626/2452 3623/2642/2468
f 3608/2627/2453 3607/2626/2452 3624/2643/2469
f 3609/2628/2454 3608/2627/2453 3625/2644/2470
f 3625/2644/2470 3608/2627/2453 3624/2643/2469
f 3613/2632/2458 3610/2629/2455 3626/2645/2471
f 3610/2629/2455 3609/2628/2454 3626/2645/2471
f 3626/2645/2471 3609/2628/2454 3625/2644/2470
f 3613/2632/2458 3626/2645/2471 3627/2646/2472
f 3615/2634/2460 3613/2632/2458 3627/2646/2472
f 3624/2643/2469 3623/2642/2468 3628/2647/2473
f 3628/2647/2473 3623/2642/2468 3592/2615/2429
f 3625/2644/2470 3624/2643/2469 3629/2648/2474
f 3629/2648/2474 3624/2643/2469 3628/2647/2473
f 3627/2646/2472 3626/2645/2471 3630/2649/2475
f 3630/2649/2475 3625/2644/2470 3629/2648/2474
f 3626/2645/2471 3625/2644/2470 3630/2649/2475
f 3631/2650/2476 3632/2651/2477 3633/2652/2478
f 3634/2653/2479 3631/2650/2476 3633/2652/2478
f 3634/2653/2479 3633/2652/2478 3635/2654/2480
f 3636/2655/2481 3631/2650/2476 3634/2653/2479
f 3637/2656/2482 3634/2653/2479 3635/2654/2480
f 3637/2656/2482 3635/2654/2480 3638/2657/2483
f 3639/2658/2484 3634/2653/2479 3637/2656/2482
f 3639/2658/2484 3636/2655/2481 3634/2653/2479
f 3640/2659/2485 3636/2655/2481 3639/2658/2484
f 3641/2660/2486 3637/2656/2482 3638/2657/2483
f 3641/2660/2486 3638/2657/2483 3642/2661/2487
f 3643/2662/2488 3637/2656/2482 3641/2660/2486
f 3643/2662/2488 3639/2658/2484 3637/2656/2482
f 3644/2663/2489 3639/2658/2484 3643/2662/2488
f 3644/2663/2489 3640/2659/2485 3639/2658/2484
f 3645/2664/2490 3640/2659/2485 3644/2663/2489
f 3646/2665/2491 3641/2660/2486 3642/2661/2487
f 3646/2665/2491 3642/2661/2487 3647/2666/2492
f 3648/2667/2493 3643/2662/2488 3641/2660/2486
f 3648/2667/2493 3641/2660/2486 3646/2665/2491
f 3649/2668/2494 3644/2663/2489 3643/2662/2488
f 3649/2668/2494 3643/2662/2488 3648/2667/2493
f 3650/2669/2495 3644/2663/2489 3649/2668/2494
f 3650/2669/2495 3645/2664/2490 3644/2663/2489
f 3651/2670/2403 3645/2664/2490 3650/2669/2495
f 3652/2671/2407 3651/2670/2403 3653/2672/2496
f 3653/2672/2496 3651/2670/2403 3650/2669/2495
f 3654/2673/2497 3650/2669/2495 3649/2668/2494
f 3653/2672/2496 3650/2669/2495 3654/2673/2497
f 3655/2674/2498 3649/2668/2494 3648/2667/2493
f 3654/2673/2497 3649/2668/2494 3655/2674/2498
f 3656/2675/2499 3648/2667/2493 3646/2665/2491
f 3655/2674/2498 3648/2667/2493 3656/2675/2499
f 3656/2675/2499 3646/2665/2491 3657/2676/2500
f 3657/2676/2500 3646/2665/2491 3647/2666/2492
f 3657/2676/2500 3647/2666/2492 3658/2677/2501
f 3659/2678/2502 3657/2676/2500 3658/2677/2501
f 3659/2678/2502 3658/2677/2501 3660/2679/2503
f 3661/2680/2504 3656/2675/2499 3657/2676/2500
f 3661/2680/2504 3657/2676/2500 3659/2678/2502
f 3662/2681/2505 3655/2674/2498 3656/2675/2499
f 3662/2681/2505 3656/2675/2499 3661/2680/2504
f 3663/2682/2506 3654/2673/2497 3655/2674/2498
f 3663/2682/2506 3655/2674/2498 3662/2681/2505
f 3664/2683/2507 3654/2673/2497 3663/2682/2506
f 3664/2683/2507 3653/2672/2496 3654/2673/2497
f 3665/2684/2508 3653/2672/2496 3664/2683/2507
f 3665/2684/2508 3652/2671/2407 3653/2672/2496
f 3666/2685/2509 3652/2671/2407 3665/2684/2508
f 3667/2686/2510 3659/2678/2502 3660/2679/2503
f 3660/2679/2503 3668/2679/2511 3667/2686/2510
f 3669/2687/2512 3659/2678/2502 3667/2686/2510
f 3669/2687/2512 3661/2680/2504 3659/2678/2502
f 3670/2688/2513 3662/2681/2505 3661/2680/2504
f 3670/2688/2513 3661/2680/2504 3669/2687/2512
f 3671/2689/2514 3663/2682/2506 3662/2681/2505
f 3671/2689/2514 3662/2681/2505 3670/2688/2513
f 3672/2690/2515 3664/2683/2507 3663/2682/2506
f 3672/2690/2515 3663/2682/2506 3671/2689/2514
f 3673/2691/2516 3665/2684/2508 3664/2683/2507
f 3673/2691/2516 3664/2683/2507 3672/2690/2515
f 3674/2692/2517 3665/2684/2508 3673/2691/2516
f 3674/2692/2517 3666/2685/2509 3665/2684/2508
f 3675/2693/2518 3666/2685/2509 3674/2692/2517
f 3676/2694/2519 3675/2693/2518 3674/2692/2517
f 3677/2695/2520 3674/2692/2517 3673/2691/2516
f 3676/2694/2519 3674/2692/2517 3677/2695/2520
f 3678/2696/2480 3676/2694/2519 3677/2695/2520
f 3679/2697/2521 3673/2691/2516 3672/2690/2515
f 3677/2695/2520 3673/2691/2516 3679/2697/2521
f 3680/2698/2522 3672/2690/2515 3671/2689/2514
f 3679/2697/2521 3672/2690/2515 3680/2698/2522
f 3680/2698/2522 3671/2689/2514 3681/2699/2523
f 3681/2699/2523 3671/2689/2514 3670/2688/2513
f 3681/2699/2523 3670/2688/2513 3682/2700/2524
f 3682/2700/2524 3670/2688/2513 3669/2687/2512
f 3683/2701/2525 3669/2687/2512 3667/2686/2510
f 3682/2700/2524 3669/2687/2512 3683/2701/2525
f 3668/2679/2511 3684/2686/2526 3667/2686/2510
f 3667/2686/2510 3684/2686/2526 3683/2701/2525
f 3685/2702/2527 3677/2695/2520 3679/2697/2521
f 3678/2696/2480 3677/2695/2520 3685/2702/2527
f 3685/2702/2527 3679/2697/2521 3686/2703/2528
f 3686/2703/2528 3679/2697/2521 3680/2698/2522
f 3686/2703/2528 3680/2698/2522 3687/2704/2529
f 3687/2704/2529 3680/2698/2522 3681/2699/2523
f 3687/2704/2529 3681/2699/2523 3688/2705/2530
f 3688/2705/2530 3681/2699/2523 3682/2700/2524
f 3688/2705/2530 3682/2700/2524 3689/2706/2531
f 3689/2706/2531 3682/2700/2524 3683/2701/2525
f 3684/2686/2526 3690/2701/2532 3683/2701/2525
f 3683/2701/2525 3690/2701/2532 3689/2706/2531
f 3691/2707/2533 3685/2702/2527 3686/2703/2528
f 3691/2707/2533 3686/2703/2528 3692/2708/2534
f 3692/2708/2534 3686/2703/2528 3687/2704/2529
f 3692/2708/2534 3687/2704/2529 3693/2709/2535
f 3693/2709/2535 3687/2704/2529 3688/2705/2530
f 3694/2710/2536 3688/2705/2530 3689/2706/2531
f 3693/2709/2535 3688/2705/2530 3694/2710/2536
f 3690/2701/2532 3695/2706/2537 3689/2706/2531
f 3689/2706/2531 3695/2706/2537 3694/2710/2536
f 3696/2711/2538 3691/2707/2533 3692/2708/2534
f 3697/2712/2539 3692/2708/2534 3693/2709/2535
f 3696/2711/2538 3692/2708/2534 3697/2712/2539
f 3698/2713/2540 3693/2709/2535 3694/2710/2536
f 3697/2712/2539 3693/2709/2535 3698/2713/2540
f 3694/2710/2536 3699/2710/2541 3698/2713/2540
f 3695/2706/2537 3699/2710/2541 3694/2710/2536
f 3700/2714/2542 3696/2711/2538 3697/2712/2539
f 3701/2715/2543 3697/2712/2539 3698/2713/2540
f 3700/2714/2542 3697/2712/2539 3701/2715/2543
f 3698/2713/2540 3702/2713/2544 3701/2715/2543
f 3699/2710/2541 3702/2713/2544 3698/2713/2540
f 3703/2716/2545 3700/2714/2542 3701/2715/2543
f 3702/2713/2544 3704/2715/2546 3701/2715/2543
f 3701/2715/2543 3704/2715/2546 3703/2716/2545
f 3704/2715/2546 3705/2716/2547 3703/2716/2545
f 3706/2717/2483 3678/2696/2480 3685/2702/2527
f 3706/2717/2483 3685/2702/2527 3691/2707/2533
f 3707/2718/2487 3691/2707/2533 3696/2711/2538
f 3707/2718/2487 3706/2717/2483 3691/2707/2533
f 3708/2719/2492 3696/2711/2538 3700/2714/2542
f 3708/2719/2492 3707/2718/2487 3696/2711/2538
f 3709/2720/2548 3708/2719/2492 3700/2714/2542
f 3709/2720/2548 3700/2714/2542 3703/2716/2545
f 3703/2716/2545 3705/2716/2547 3710/2721/2503
f 3710/2721/2503 3709/2720/2548 3703/2716/2545
f 3705/2716/2547 3711/2721/2511 3710/2721/2503
f 3712/2722/2234 3713/2723/2549 3714/2724/2550
f 3713/2723/2549 3715/2725/2551 3716/2726/2552
f 3713/2723/2549 3716/2726/2552 3714/2724/2550
f 3714/2724/2550 3716/2726/2552 3717/2727/2553
f 3715/2725/2551 3718/2728/2554 3716/2726/2552
f 3715/2725/2551 3719/2729/2555 3718/2728/2554
f 3716/2726/2552 3720/2730/2556 3717/2727/2553
f 3716/2726/2552 3718/2728/2554 3720/2730/2556
f 3717/2727/2553 3720/2730/2556 3721/2731/2557
f 3719/2729/2555 3722/2732/2558 3718/2728/2554
f 3719/2729/2555 3723/2733/2559 3722/2732/2558
f 3718/2728/2554 3724/2734/2560 3720/2730/2556
f 3718/2728/2554 3722/2732/2558 3724/2734/2560
f 3720/2730/2556 3724/2734/2560 3725/2735/2561
f 3720/2730/2556 3725/2735/2561 3721/2731/2557
f 3721/2731/2557 3725/2735/2561 3726/2736/2562
f 3723/2733/2559 3727/2737/2563 3722/2732/2558
f 3723/2733/2559 3728/2738/2564 3727/2737/2563
f 3722/2732/2558 3729/2739/2565 3724/2734/2560
f 3722/2732/2558 3727/2737/2563 3729/2739/2565
f 3724/2734/2560 3729/2739/2565 3730/2740/2566
f 3724/2734/2560 3730/2740/2566 3725/2735/2561
f 3725/2735/2561 3731/2741/2567 3726/2736/2562
f 3725/2735/2561 3730/2740/2566 3731/2741/2567
f 3726/2736/2562 3731/2741/2567 3732/2742/2568
f 3728/2738/2564 3733/2743/2569 3727/2737/2563
f 3728/2738/2564 3734/2744/2570 3733/2743/2569
f 3727/2737/2563 3733/2743/2569 3735/2745/2571
f 3727/2737/2563 3735/2745/2571 3729/2739/2565
f 3729/2739/2565 3736/2746/2572 3730/2740/2566
f 3729/2739/2565 3735/2745/2571 3736/2746/2572
f 3730/2740/2566 3737/2747/2573 3731/2741/2567
f 3730/2740/2566 3736/2746/2572 3737/2747/2573
f 3731/2741/2567 3737/2747/2573 3738/2748/2574
f 3731/2741/2567 3738/2748/2574 3732/2742/2568
f 3732/2742/2568 3738/2748/2574 3739/2749/2575
f 3734/2744/2570 3740/2750/2576 3733/2743/2569
f 3734/2744/2570 3741/2751/2577 3740/2750/2576
f 3733/2743/2569 3742/2752/2578 3735/2745/2571
f 3733/2743/2569 3740/2750/2576 3742/2752/2578
f 3735/2745/2571 3742/2752/2578 3743/2753/2579
f 3735/2745/2571 3743/2753/2579 3736/2746/2572
f 3736/2746/2572 3744/2754/2580 3737/2747/2573
f 3736/2746/2572 3743/2753/2579 3744/2754/2580
f 3737/2747/2573 3745/2755/2581 3738/2748/2574
f 3737/2747/2573 3744/2754/2580 3745/2755/2581
f 3738/2748/2574 3745/2755/2581 3746/2756/2582
f 3738/2748/2574 3746/2756/2582 3739/2749/2575
f 3739/2749/2575 3746/2756/2582 3747/2757/2583
f 3748/2758/2584 3749/2757/2585 3747/2757/2583
f 3746/2756/2582 3750/2758/2586 3747/2757/2583
f 3750/2758/2586 3748/2758/2584 3747/2757/2583
f 3746/2756/2582 3751/2759/2587 3750/2758/2586
f 3745/2755/2581 3751/2759/2587 3746/2756/2582
f 3744/2754/2580 3752/2760/2588 3745/2755/2581
f 3745/2755/2581 3752/2760/2588 3751/2759/2587
f 3743/2753/2579 3753/2761/2589 3744/2754/2580
f 3744/2754/2580 3753/2761/2589 3752/2760/2588
f 3743/2753/2579 3754/2762/2590 3753/2761/2589
f 3742/2752/2578 3754/2762/2590 3743/2753/2579
f 3740/2750/2576 3755/2763/2591 3742/2752/2578
f 3742/2752/2578 3755/2763/2591 3754/2762/2590
f 3741/2751/2577 3756/2764/2592 3740/2750/2576
f 3740/2750/2576 3756/2764/2592 3755/2763/2591
f 3741/2751/2577 3757/2765/2234 3756/2764/2592
f 3757/2765/2234 3758/2766/2593 3756/2764/2592
f 3756/2764/2592 3758/2766/2593 3759/2767/2594
f 3756/2764/2592 3759/2767/2594 3755/2763/2591
f 3751/2759/2587 3760/2768/2595 3750/2758/2586
f 3752/2760/2588 3761/2769/2596 3751/2759/2587
f 3751/2759/2587 3761/2769/2596 3760/2768/2595
f 3752/2760/2588 3762/2770/2597 3761/2769/2596
f 3753/2761/2589 3762/2770/2597 3752/2760/2588
f 3754/2762/2590 3763/2771/2598 3753/2761/2589
f 3753/2761/2589 3763/2771/2598 3762/2770/2597
f 3754/2762/2590 3764/2772/2599 3763/2771/2598
f 3755/2763/2591 3759/2767/2594 3764/2772/2599
f 3755/2763/2591 3764/2772/2599 3754/2762/2590
f 3761/2769/2596 3765/2773/2600 3760/2768/2595
f 3761/2769/2596 3766/2774/2601 3765/2773/2600
f 3762/2770/2597 3766/2774/2601 3761/2769/2596
f 3762/2770/2597 3767/2775/2602 3766/2774/2601
f 3763/2771/2598 3767/2775/2602 3762/2770/2597
f 3763/2771/2598 3768/2776/2603 3767/2775/2602
f 3764/2772/2599 3768/2776/2603 3763/2771/2598
f 3764/2772/2599 3769/2777/2604 3768/2776/2603
f 3759/2767/2594 3769/2777/2604 3764/2772/2599
f 3766/2774/2601 3770/2778/2605 3765/2773/2600
f 3766/2774/2601 3771/2779/2606 3770/2778/2605
f 3767/2775/2602 3771/2779/2606 3766/2774/2601
f 3767/2775/2602 3772/2780/2607 3771/2779/2606
f 3768/2776/2603 3772/2780/2607 3767/2775/2602
f 3769/2777/2604 3773/2781/2608 3768/2776/2603
f 3768/2776/2603 3773/2781/2608 3772/2780/2607
f 3771/2779/2606 3774/2782/2609 3770/2778/2605
f 3771/2779/2606 3775/2783/2610 3774/2782/2609
f 3772/2780/2607 3775/2783/2610 3771/2779/2606
f 3772/2780/2607 3776/2784/2611 3775/2783/2610
f 3773/2781/2608 3776/2784/2611 3772/2780/2607
f 3775/2783/2610 3777/2785/2612 3774/2782/2609
f 3775/2783/2610 3778/2786/2613 3777/2785/2612
f 3776/2784/2611 3778/2786/2613 3775/2783/2610
f 3778/2786/2613 3779/2787/2614 3777/2785/2612
f 3758/2766/2593 3780/2788/2615 3759/2767/2594
f 3759/2767/2594 3780/2788/2615 3769/2777/2604
f 3780/2788/2615 3781/2789/2557 3769/2777/2604
f 3769/2777/2604 3781/2789/2557 3773/2781/2608
f 3781/2789/2557 3782/2790/2562 3773/2781/2608
f 3773/2781/2608 3782/2790/2562 3776/2784/2611
f 3776/2784/2611 3783/2791/2568 3778/2786/2613
f 3782/2790/2562 3783/2791/2568 3776/2784/2611
f 3778/2786/2613 3784/2792/2616 3779/2787/2614
f 3783/2791/2568 3784/2792/2616 3778/2786/2613
f 3784/2792/2616 3785/2793/2617 3779/2787/2614
f 3785/2793/2617 3786/2793/2585 3779/2787/2614
f 3779/2787/2614 3787/2787/2618 3777/2785/2612
f 3786/2793/2585 3787/2787/2618 3779/2787/2614
f 3787/2787/2618 3788/2785/2619 3777/2785/2612
f 3777/2785/2612 3788/2785/2619 3774/2782/2609
f 3788/2785/2619 3789/2782/2620 3774/2782/2609
f 3774/2782/2609 3789/2782/2620 3770/2778/2605
f 3789/2782/2620 3790/2778/2621 3770/2778/2605
f 3770/2778/2605 3790/2778/2621 3765/2773/2600
f 3765/2773/2600 3791/2773/2622 3760/2768/2595
f 3790/2778/2621 3791/2773/2622 3765/2773/2600
f 3760/2768/2595 3792/2768/2623 3750/2758/2586
f 3791/2773/2622 3792/2768/2623 3760/2768/2595
f 3792/2768/2623 3748/2758/2584 3750/2758/2586
f 3793/2794/2624 3794/2795/2625 3795/2796/2626
f 3796/2797/2627 3793/2794/2624 3795/2796/2626
f 3796/2797/2627 3795/2796/2626 3797/2798/2628
f 3798/2799/2629 3793/2794/2624 3796/2797/2627
f 3799/2800/2630 3796/2797/2627 3797/2798/2628
f 3799/2800/2630 3797/2798/2628 3800/2801/2631
f 3801/2802/2632 3798/2799/2629 3796/2797/2627
f 3801/2802/2632 3796/2797/2627 3799/2800/2630
f 3802/2803/2633 3798/2799/2629 3801/2802/2632
f 3803/2804/2634 3799/2800/2630 3800/2801/2631
f 3803/2804/2634 3800/2801/2631 3804/2805/2635
f 3805/2806/2636 3799/2800/2630 3803/2804/2634
f 3805/2806/2636 3801/2802/2632 3799/2800/2630
f 3806/2807/2637 3802/2803/2633 3801/2802/2632
f 3806/2807/2637 3801/2802/2632 3805/2806/2636
f 3807/2808/2638 3802/2803/2633 3806/2807/2637
f 3808/2809/2639 3803/2804/2634 3804/2805/2635
f 3808/2809/2639 3804/2805/2635 3809/2810/2640
f 3810/2811/2641 3805/2806/2636 3803/2804/2634
f 3810/2811/2641 3803/2804/2634 3808/2809/2639
f 3811/2812/2642 3805/2806/2636 3810/2811/2641
f 3811/2812/2642 3806/2807/2637 3805/2806/2636
f 3812/2813/2643 3806/2807/2637 3811/2812/2642
f 3812/2813/2643 3807/2808/2638 3806/2807/2637
f 3813/2814/2644 3807/2808/2638 3812/2813/2643
f 3814/2815/2645 3808/2809/2639 3809/2810/2640
f 3814/2815/2645 3809/2810/2640 3815/2816/2646
f 3816/2817/2647 3810/2811/2641 3808/2809/2639
f 3816/2817/2647 3808/2809/2639 3814/2815/2645
f 3817/2818/2648 3811/2812/2642 3810/2811/2641
f 3817/2818/2648 3810/2811/2641 3816/2817/2647
f 3818/2819/2649 3812/2813/2643 3811/2812/2642
f 3818/2819/2649 3811/2812/2642 3817/2818/2648
f 3819/2820/2650 3812/2813/2643 3818/2819/2649
f 3819/2820/2650 3813/2814/2644 3812/2813/2643
f 3820/2821/2651 3813/2814/2644 3819/2820/2650
f 3821/2822/2652 3818/2819/2649 3817/2818/2648
f 3821/2822/2652 3817/2818/2648 3822/2823/2653
f 3822/2823/2653 3817/2818/2648 3816/2817/2647
f 3823/2824/2654 3816/2817/2647 3814/2815/2645
f 3822/2823/2653 3816/2817/2647 3823/2824/2654
f 3823/2824/2654 3814/2815/2645 3824/2825/2655
f 3824/2825/2655 3814/2815/2645 3815/2816/2646
f 3824/2825/2655 3815/2816/2646 3825/2826/2656
f 3826/2827/2657 3824/2825/2655 3825/2826/2656
f 3825/2826/2656 3827/2826/2658 3826/2827/2657
f 3827/2826/2658 3828/2827/2659 3826/2827/2657
f 3826/2827/2657 3828/2827/2659 3829/2828/2660
f 3828/2827/2659 3830/2828/2661 3829/2828/2660
f 3829/2828/2660 3830/2828/2661 3831/2829/2662
f 3830/2828/2661 3832/2829/2663 3831/2829/2662
f 3831/2829/2662 3832/2829/2663 3833/2830/2664
f 3832/2829/2663 3834/2830/2665 3833/2830/2664
f 3833/2830/2664 3834/2830/2665 3835/2831/2666
f 3829/2828/2660 3836/2832/2667 3826/2827/2657
f 3836/2832/2667 3823/2824/2654 3824/2825/2655
f 3836/2832/2667 3824/2825/2655 3826/2827/2657
f 3837/2833/2668 3836/2832/2667 3829/2828/2660
f 3831/2829/2662 3837/2833/2668 3829/2828/2660
f 3833/2830/2664 3838/2834/2669 3831/2829/2662
f 3838/2834/2669 3837/2833/2668 3831/2829/2662
f 3839/2835/2670 3838/2834/2669 3833/2830/2664
f 3835/2831/2666 3839/2835/2670 3833/2830/2664
f 3840/2836/2671 3839/2835/2670 3835/2831/2666
f 3841/2837/2672 3840/2836/2671 3835/2831/2666
f 3842/2838/2673 3840/2836/2671 3841/2837/2672
f 3843/2839/2674 3842/2838/2673 3841/2837/2672
f 3844/2840/2646 3842/2838/2673 3843/2839/2674
f 3845/2841/2675 3844/2840/2646 3843/2839/2674
f 3834/2830/2665 3846/2831/2676 3835/2831/2666
f 3835/2831/2666 3846/2831/2676 3841/2837/2672
f 3846/2831/2676 3847/2837/2677 3841/2837/2672
f 3841/2837/2672 3847/2837/2677 3843/2839/2674
f 3847/2837/2677 3848/2839/2678 3843/2839/2674
f 3843/2839/2674 3848/2839/2678 3845/2841/2675
f 3848/2839/2678 3849/2841/2679 3845/2841/2675
f 3837/2833/2668 3850/2842/2680 3836/2832/2667
f 3850/2842/2680 3822/2823/2653 3823/2824/2654
f 3850/2842/2680 3823/2824/2654 3836/2832/2667
f 3851/2843/2681 3850/2842/2680 3837/2833/2668
f 3838/2834/2669 3851/2843/2681 3837/2833/2668
f 3852/2844/2682 3851/2843/2681 3838/2834/2669
f 3839/2835/2670 3852/2844/2682 3838/2834/2669
f 3840/2836/2671 3853/2845/2683 3839/2835/2670
f 3853/2845/2683 3852/2844/2682 3839/2835/2670
f 3854/2846/2684 3853/2845/2683 3840/2836/2671
f 3842/2838/2673 3854/2846/2684 3840/2836/2671
f 3855/2847/2685 3821/2822/2652 3822/2823/2653
f 3855/2847/2685 3822/2823/2653 3850/2842/2680
f 3851/2843/2681 3855/2847/2685 3850/2842/2680
f 3856/2848/2686 3855/2847/2685 3851/2843/2681
f 3852/2844/2682 3856/2848/2686 3851/2843/2681
f 3857/2849/2687 3856/2848/2686 3852/2844/2682
f 3853/2845/2683 3857/2849/2687 3852/2844/2682
f 3858/2850/2688 3821/2822/2652 3855/2847/2685
f 3856/2848/2686 3858/2850/2688 3855/2847/2685
f 3857/2849/2687 3859/2851/2689 3856/2848/2686
f 3859/2851/2689 3858/2850/2688 3856/2848/2686
f 3859/2851/2689 3860/2852/2690 3858/2850/2688
f 3854/2846/2684 3861/2853/2691 3853/2845/2683
f 3861/2853/2691 3857/2849/2687 3853/2845/2683
f 3862/2854/2692 3859/2851/2689 3857/2849/2687
f 3861/2853/2691 3862/2854/2692 3857/2849/2687
f 3863/2855/2693 3860/2852/2690 3859/2851/2689
f 3862/2854/2692 3863/2855/2693 3859/2851/2689
f 3863/2855/2693 3864/2856/2694 3860/2852/2690
f 3864/2856/2694 3865/2857/2695 3860/2852/2690
f 3865/2857/2695 3820/2821/2651 3819/2820/2650
f 3858/2850/2688 3866/2858/2696 3821/2822/2652
f 3860/2852/2690 3865/2857/2695 3866/2858/2696
f 3865/2857/2695 3819/2820/2650 3866/2858/2696
f 3866/2858/2696 3818/2819/2649 3821/2822/2652
f 3866/2858/2696 3819/2820/2650 3818/2819/2649
f 3860/2852/2690 3866/2858/2696 3858/2850/2688
f 3867/2859/2697 3854/2846/2684 3842/2838/2673
f 3844/2840/2646 3867/2859/2697 3842/2838/2673
f 3868/2860/2635 3861/2853/2691 3854/2846/2684
f 3867/2859/2697 3868/2860/2635 3854/2846/2684
f 3868/2860/2635 3869/2861/2698 3861/2853/2691
f 3869/2861/2698 3862/2854/2692 3861/2853/2691
f 3870/2862/2628 3863/2855/2693 3862/2854/2692
f 3869/2861/2698 3870/2862/2628 3862/2854/2692
f 3870/2862/2628 3871/2863/2699 3863/2855/2693
f 3871/2863/2699 3864/2856/2694 3863/2855/2693
f 3871/2863/2699 3872/2864/2625 3864/2856/2694
f 3873/2865/2700 3820/2821/2651 3865/2857/2695
f 3872/2864/2625 3873/2865/2700 3864/2856/2694
f 3864/2856/2694 3873/2865/2700 3865/2857/2695
f 3874/2866/2701 3875/2867/2702 3876/2868/2703
f 3876/2868/2703 3875/2867/2702 3877/2869/2704
f 3876/2868/2703 3877/2869/2704 3878/2870/2705
f 3878/2870/2705 3877/2869/2704 3879/2871/2706
f 3880/2872/2707 3879/2871/2706 3877/2869/2704
f 3881/2873/2708 3879/2871/2706 3880/2872/2707
f 3882/2874/2463 3883/2875/2709 3884/2876/2710
f 3884/2876/2710 3883/2875/2709 3885/2877/2711
f 3884/2876/2710 3885/2877/2711 3886/2878/2712
f 3886/2878/2712 3885/2877/2711 3887/2879/2713
f 3888/2880/2466 3887/2879/2713 3885/2877/2711
f 3889/2881/2714 3887/2879/2713 3888/2880/2466
f 3890/2882/2715 3891/2883/2716 3892/2884/2144
f 3892/2884/2144 3891/2883/2716 3893/2885/2717
f 3892/2884/2144 3893/2885/2717 3894/2886/2143
f 3894/2886/2143 3893/2885/2717 3895/2887/2718
f 3896/2888/2719 3895/2887/2718 3893/2885/2717
f 3897/2889/2720 3895/2887/2718 3896/2888/2719
f 3898/2890/2721 3899/2891/2722 3900/2892/2723
f 3901/2893/2724 3898/2890/2721 3900/2892/2723
f 3902/2894/2725 3898/2890/2721 3901/2893/2724
f 3903/2895/2726 3902/2894/2725 3901/2893/2724
f 3903/2895/2726 3901/2893/2724 3904/2896/2727
f 3905/2897/2728 3903/2895/2726 3904/2896/2727
f 3905/2897/2728 3904/2896/2727 3906/2898/2729
f 3907/2899/2730 3905/2897/2728 3906/2898/2729
f 3907/2899/2730 3906/2898/2729 3908/2900/2731
f 3909/2901/2732 3907/2899/2730 3908/2900/2731
f 3909/2901/2732 3908/2900/2731 3910/2902/2733
f 3911/2903/2734 3909/2901/2732 3910/2902/2733
f 3911/2903/2734 3910/2902/2733 3912/2904/2735
f 3913/2905/2736 3911/2903/2734 3912/2904/2735
f 3912/2904/2735 3914/2904/2737 3913/2905/2736
f 3914/2904/2737 3915/2905/2738 3913/2905/2736
f 3913/2905/2736 3915/2905/2738 3916/2906/2739
f 3915/2905/2738 3917/2906/2740 3916/2906/2739
f 3918/2907/2741 3902/2894/2725 3903/2895/2726
f 3919/2908/2742 3918/2907/2741 3903/2895/2726
f 3919/2908/2742 3903/2895/2726 3905/2897/2728
f 3920/2909/2743 3905/2897/2728 3907/2899/2730
f 3920/2909/2743 3919/2908/2742 3905/2897/2728
f 3921/2910/2744 3907/2899/2730 3909/2901/2732
f 3921/2910/2744 3920/2909/2743 3907/2899/2730
f 3922/2911/2745 3921/2910/2744 3909/2901/2732
f 3922/2911/2745 3909/2901/2732 3911/2903/2734
f 3923/2912/2746 3922/2911/2745 3911/2903/2734
f 3923/2912/2746 3911/2903/2734 3913/2905/2736
f 3916/2906/2739 3923/2912/2746 3913/2905/2736
f 3924/2913/2747 3914/2904/2737 3912/2904/2735
f 3912/2904/2735 3910/2902/2733 3925/2913/2748
f 3925/2913/2748 3924/2913/2747 3912/2904/2735
f 3910/2902/2733 3926/2914/2749 3925/2913/2748
f 3910/2902/2733 3908/2900/2731 3926/2914/2749
f 3908/2900/2731 3927/2915/2750 3926/2914/2749
f 3908/2900/2731 3906/2898/2729 3927/2915/2750
f 3906/2898/2729 3904/2896/2727 3928/2916/2751
f 3906/2898/2729 3928/2916/2751 3927/2915/2750
f 3904/2896/2727 3929/2917/2752 3928/2916/2751
f 3904/2896/2727 3901/2893/2724 3929/2917/2752
f 3901/2893/2724 3900/2892/2723 3929/2917/2752
f 3898/2890/2721 3930/2918/2753 3899/2891/2722
f 3930/2918/2753 3931/2919/2754 3899/2891/2722
f 3932/2920/2755 3930/2918/2753 3898/2890/2721
f 3902/2894/2725 3932/2920/2755 3898/2890/2721
f 3918/2907/2741 3933/2921/2756 3902/2894/2725
f 3933/2921/2756 3932/2920/2755 3902/2894/2725
f 3934/2922/2757 3933/2921/2756 3918/2907/2741
f 3935/2923/2758 3934/2922/2757 3918/2907/2741
f 3935/2923/2758 3918/2907/2741 3919/2908/2742
f 3936/2924/2759 3935/2923/2758 3919/2908/2742
f 3936/2924/2759 3919/2908/2742 3920/2909/2743
f 3937/2925/2760 3936/2924/2759 3920/2909/2743
f 3937/2925/2760 3920/2909/2743 3921/2910/2744
f 3938/2926/2761 3921/2910/2744 3922/2911/2745
f 3938/2926/2761 3937/2925/2760 3921/2910/2744
f 3939/2927/2762 3922/2911/2745 3923/2912/2746
f 3939/2927/2762 3938/2926/2761 3922/2911/2745
f 3940/2928/2763 3939/2927/2762 3923/2912/2746
f 3940/2928/2763 3923/2912/2746 3916/2906/2739
f 3941/2929/2764 3942/2930/2765 3943/2931/2766
f 3942/2930/2765 3944/2932/2767 3943/2931/2766
f 3943/2931/2766 3944/2932/2767 3945/2933/2768
f 3944/2932/2767 3946/2934/2769 3945/2933/2768
f 3945/2933/2768 3946/2934/2769 3947/2935/2770
f 3946/2934/2769 3948/2936/2771 3947/2935/2770
f 3948/2936/2771 3940/2928/2763 3949/2937/2772
f 3947/2935/2770 3948/2936/2771 3949/2937/2772
f 3949/2937/2772 3940/2928/2763 3916/2906/2739
f 3916/2906/2739 3917/2906/2740 3949/2937/2772
f 3948/2936/2771 3950/2938/2773 3940/2928/2763
f 3950/2938/2773 3939/2927/2762 3940/2928/2763
f 3950/2938/2773 3951/2939/2774 3939/2927/2762
f 3951/2939/2774 3938/2926/2761 3939/2927/2762
f 3952/2940/2775 3937/2925/2760 3938/2926/2761
f 3951/2939/2774 3952/2940/2775 3938/2926/2761
f 3952/2940/2775 3953/2941/2776 3937/2925/2760
f 3953/2941/2776 3936/2924/2759 3937/2925/2760
f 3953/2941/2776 3954/2942/2777 3936/2924/2759
f 3954/2942/2777 3935/2923/2758 3936/2924/2759
f 3954/2942/2777 3955/2943/2778 3935/2923/2758
f 3955/2943/2778 3934/2922/2757 3935/2923/2758
f 3956/2944/2779 3955/2943/2778 3954/2942/2777
f 3957/2945/2780 3956/2944/2779 3954/2942/2777
f 3957/2945/2780 3954/2942/2777 3953/2941/2776
f 3958/2946/2781 3953/2941/2776 3952/2940/2775
f 3958/2946/2781 3957/2945/2780 3953/2941/2776
f 3959/2947/2782 3952/2940/2775 3951/2939/2774
f 3959/2947/2782 3958/2946/2781 3952/2940/2775
f 3960/2948/2783 3951/2939/2774 3950/2938/2773
f 3960/2948/2783 3959/2947/2782 3951/2939/2774
f 3961/2949/2784 3960/2948/2783 3950/2938/2773
f 3961/2949/2784 3950/2938/2773 3948/2936/2771
f 3946/2934/2769 3961/2949/2784 3948/2936/2771
f 3944/2932/2767 3962/2950/2785 3946/2934/2769
f 3962/2950/2785 3961/2949/2784 3946/2934/2769
f 3963/2951/2786 3962/2950/2785 3944/2932/2767
f 3942/2930/2765 3963/2951/2786 3944/2932/2767
f 3963/2951/2786 3964/2952/2787 3962/2950/2785
f 3964/2952/2787 3965/2953/2788 3966/2954/2789
f 3962/2950/2785 3966/2954/2789 3961/2949/2784
f 3964/2952/2787 3966/2954/2789 3962/2950/2785
f 3966/2954/2789 3960/2948/2783 3961/2949/2784
f 3966/2954/2789 3967/2955/2790 3960/2948/2783
f 3965/2953/2788 3967/2955/2790 3966/2954/2789
f 3967/2955/2790 3959/2947/2782 3960/2948/2783
f 3968/2956/2791 3958/2946/2781 3959/2947/2782
f 3967/2955/2790 3968/2956/2791 3959/2947/2782
f 3969/2957/2792 3957/2945/2780 3958/2946/2781
f 3968/2956/2791 3969/2957/2792 3958/2946/2781
f 3970/2958/2793 3956/2944/2779 3957/2945/2780
f 3969/2957/2792 3970/2958/2793 3957/2945/2780
f 3971/2959/2794 3968/2956/2791 3967/2955/2790
f 3965/2953/2788 3971/2959/2794 3967/2955/2790
f 3971/2959/2794 3972/2960/2795 3968/2956/2791
f 3972/2960/2795 3969/2957/2792 3968/2956/2791
f 3972/2960/2795 3973/2961/2754 3969/2957/2792
f 3973/2961/2754 3970/2958/2793 3969/2957/2792
f 3974/2962/2796 3975/2963/2797 3976/2964/2798
f 3977/2965/2799 3974/2962/2796 3976/2964/2798
f 3978/2966/2708 3974/2962/2796 3977/2965/2799
f 3979/2967/2706 3978/2966/2708 3977/2965/2799
f 3976/2964/2798 3975/2963/2797 3980/2968/2800
f 3980/2968/2800 3981/2969/2801 3982/2970/2802
f 3976/2964/2798 3980/2968/2800 3983/2971/2803
f 3983/2971/2803 3980/2968/2800 3982/2970/2802
f 3977/2965/2799 3976/2964/2798 3984/2972/2804
f 3984/2972/2804 3976/2964/2798 3983/2971/2803
f 3985/2973/2805 3977/2965/2799 3984/2972/2804
f 3979/2967/2706 3977/2965/2799 3985/2973/2805
f 3986/2974/2705 3979/2967/2706 3985/2973/2805
f 3987/2975/2802 3988/2976/2806 3989/2977/2807
f 3990/2978/2808 3987/2975/2802 3989/2977/2807
f 3990/2978/2808 3989/2977/2807 3991/2979/2809
f 3992/2980/2810 3990/2978/2808 3991/2979/2809
f 3992/2980/2810 3991/2979/2809 3993/2981/2811
f 3994/2982/2812 3992/2980/2810 3993/2981/2811
f 3994/2982/2812 3993/2981/2811 3995/2983/2813
f 3996/2984/2814 3994/2982/2812 3995/2983/2813
f 3996/2984/2814 3995/2983/2813 3997/2985/2815
f 3998/2986/2816 3996/2984/2814 3997/2985/2815
f 3998/2986/2816 3997/2985/2815 3999/2987/2817
f 4000/2988/2818 3998/2986/2816 3999/2987/2817
f 3981/2969/2801 4000/2988/2818 4001/2989/2819
f 4000/2988/2818 3999/2987/2817 4001/2989/2819
f 3975/2963/2797 4002/2990/2820 3980/2968/2800
f 4002/2990/2820 4000/2988/2818 3981/2969/2801
f 3980/2968/2800 4002/2990/2820 3981/2969/2801
f 4003/2991/2821 3987/2975/2802 3990/2978/2808
f 4004/2992/2822 3990/2978/2808 3992/2980/2810
f 4004/2992/2822 4003/2991/2821 3990/2978/2808
f 4005/2993/2823 3992/2980/2810 3994/2982/2812
f 4005/2993/2823 4004/2992/2822 3992/2980/2810
f 4006/2994/2824 4005/2993/2823 3994/2982/2812
f 4006/2994/2824 3994/2982/2812 3996/2984/2814
f 4007/2995/2825 3996/2984/2814 3998/2986/2816
f 4007/2995/2825 4006/2994/2824 3996/2984/2814
f 4002/2990/2820 4008/2996/2826 4000/2988/2818
f 4008/2996/2826 4007/2995/2825 3998/2986/2816
f 4008/2996/2826 3998/2986/2816 4000/2988/2818
f 4009/2997/2827 4008/2996/2826 4002/2990/2820
f 3975/2963/2797 4009/2997/2827 4002/2990/2820
f 3974/2962/2796 4010/2998/2828 3975/2963/2797
f 4010/2998/2828 4009/2997/2827 3975/2963/2797
f 4011/2999/2829 4010/2998/2828 3974/2962/2796
f 3978/2966/2708 4011/2999/2829 3974/2962/2796
f 4012/3000/2830 4003/2991/2821 4004/2992/2822
f 4013/3001/2831 4004/2992/2822 4005/2993/2823
f 4013/3001/2831 4012/3000/2830 4004/2992/2822
f 4014/3002/2832 4013/3001/2831 4005/2993/2823
f 4014/3002/2832 4005/2993/2823 4006/2994/2824
f 4015/3003/2833 4014/3002/2832 4006/2994/2824
f 4015/3003/2833 4006/2994/2824 4007/2995/2825
f 4009/2997/2827 4016/3004/2834 4008/2996/2826
f 4016/3004/2834 4015/3003/2833 4007/2995/2825
f 4016/3004/2834 4007/2995/2825 4008/2996/2826
f 4017/3005/2835 4016/3004/2834 4009/2997/2827
f 4010/2998/2828 4017/3005/2835 4009/2997/2827
f 4018/3006/2836 4017/3005/2835 4010/2998/2828
f 4011/2999/2829 4018/3006/2836 4010/2998/2828
f 4019/3007/2837 4012/3000/2830 4013/3001/2831
f 4020/3008/2838 4019/3007/2837 4013/3001/2831
f 4020/3008/2838 4013/3001/2831 4014/3002/2832
f 4021/3009/2839 4020/3008/2838 4014/3002/2832
f 4021/3009/2839 4014/3002/2832 4015/3003/2833
f 4022/3010/2840 4021/3009/2839 4015/3003/2833
f 4022/3010/2840 4015/3003/2833 4016/3004/2834
f 4017/3005/2835 4022/3010/2840 4016/3004/2834
f 4018/3006/2836 4023/3011/2841 4017/3005/2835
f 4023/3011/2841 4022/3010/2840 4017/3005/2835
f 4024/3012/2705 4019/3007/2837 4020/3008/2838
f 4025/3013/2842 4024/3012/2705 4020/3008/2838
f 4025/3013/2842 4020/3008/2838 4021/3009/2839
f 4026/3014/2701 4025/3013/2842 4021/3009/2839
f 4026/3014/2701 4021/3009/2839 4022/3010/2840
f 4023/3011/2841 4026/3014/2701 4022/3010/2840
f 3988/2976/2806 4027/3015/2843 4028/3016/2844
f 3989/2977/2807 3988/2976/2806 4028/3016/2844
f 3989/2977/2807 4028/3016/2844 4029/3017/2845
f 3991/2979/2809 3989/2977/2807 4029/3017/2845
f 3993/2981/2811 3991/2979/2809 4030/3018/2846
f 3991/2979/2809 4029/3017/2845 4030/3018/2846
f 3993/2981/2811 4030/3018/2846 4031/3019/2847
f 3995/2983/2813 3993/2981/2811 4031/3019/2847
f 3995/2983/2813 4031/3019/2847 4032/3020/2848
f 3997/2985/2815 3995/2983/2813 4032/3020/2848
f 3999/2987/2817 3997/2985/2815 4033/3021/2849
f 3997/2985/2815 4032/3020/2848 4033/3021/2849
f 4001/2989/2819 3999/2987/2817 4034/3022/2850
f 3999/2987/2817 4033/3021/2849 4034/3022/2850
f 4001/2989/2819 4034/3022/2850 4035/3023/2851
f 3982/2970/2802 3981/2969/2801 4036/3024/2852
f 3981/2969/2801 4001/2989/2819 4036/3024/2852
f 4036/3024/2852 4001/2989/2819 4035/3023/2851
f 4028/3016/2844 4027/3015/2843 4037/3025/2853
f 4028/3016/2844 4037/3025/2853 4038/3026/2854
f 4029/3017/2845 4028/3016/2844 4038/3026/2854
f 4030/3018/2846 4029/3017/2845 4039/3027/2855
f 4029/3017/2845 4038/3026/2854 4039/3027/2855
f 4031/3019/2847 4030/3018/2846 4040/3028/2856
f 4030/3018/2846 4039/3027/2855 4040/3028/2856
f 4031/3019/2847 4040/3028/2856 4041/3029/2857
f 4032/3020/2848 4031/3019/2847 4041/3029/2857
f 4033/3021/2849 4032/3020/2848 4042/3030/2858
f 4032/3020/2848 4041/3029/2857 4042/3030/2858
f 4033/3021/2849 4042/3030/2858 4043/3031/2859
f 4034/3022/2850 4033/3021/2849 4043/3031/2859
f 4034/3022/2850 4043/3031/2859 4044/3032/2860
f 4035/3023/2851 4034/3022/2850 4044/3032/2860
f 4043/3031/2859 4045/3031/2861 4044/3032/2860
f 4045/3031/2861 4046/3032/2862 4044/3032/2860
f 4042/3030/2858 4047/3030/2863 4043/3031/2859
f 4047/3030/2863 4045/3031/2861 4043/3031/2859
f 4041/3029/2857 4048/3029/2864 4042/3030/2858
f 4048/3029/2864 4047/3030/2863 4042/3030/2858
f 4049/3028/2865 4048/3029/2864 4041/3029/2857
f 4040/3028/2856 4049/3028/2865 4041/3029/2857
f 4039/3027/2855 4050/3027/2866 4040/3028/2856
f 4050/3027/2866 4049/3028/2865 4040/3028/2856
f 4051/3026/2867 4050/3027/2866 4039/3027/2855
f 4038/3026/2854 4051/3026/2867 4039/3027/2855
f 4037/3025/2853 4052/3025/2868 4038/3026/2854
f 4052/3025/2868 4051/3026/2867 4038/3026/2854
f 4053/3033/2869 4052/3025/2868 4037/3025/2853
f 4027/3015/2843 4054/3033/2870 4037/3025/2853
f 4054/3033/2870 4053/3033/2869 4037/3025/2853
f 3167/2231/2039 3169/2233/2041 4055/3034/2871
f 4055/3034/2871 3171/2235/2043 3108/2172/1984
f 4055/3034/2871 3108/2172/1984 3089/2153/1965
f 3169/2233/2041 3171/2235/2043 4055/3034/2871
f 3167/2231/2039 4055/3034/2871 4056/3035/2872
f 4056/3035/2872 4055/3034/2871 3089/2153/1965
f 4056/3035/2872 3089/2153/1965 3088/2152/1964
f 3165/2229/2037 3167/2231/2039 4056/3035/2872
f 4057/3036/2873 4056/3035/2872 3088/2152/1964
f 4057/3036/2873 3088/2152/1964 3087/2151/1963
f 3165/2229/2037 4056/3035/2872 4057/3036/2873
f 3163/2227/2035 3165/2229/2037 4057/3036/2873
f 4058/3037/2874 4057/3036/2873 3087/2151/1963
f 3161/2225/2033 3163/2227/2035 4058/3037/2874
f 4058/3037/2874 3087/2151/1963 3086/2150/1962
f 3163/2227/2035 4057/3036/2873 4058/3037/2874
f 4059/3038/2875 4058/3037/2874 3086/2150/1962
f 4059/3038/2875 3086/2150/1962 3085/2149/1961
f 3161/2225/2033 4058/3037/2874 4059/3038/2875
f 3159/2223/2031 3161/2225/2033 4059/3038/2875
f 3158/2222/2030 3159/2223/2031 4060/3039/2876
f 4060/3039/2876 4059/3038/2875 3085/2149/1961
f 3159/2223/2031 4059/3038/2875 4060/3039/2876
f 4061/3040/2877 4062/3041/2878 4063/3042/2879
f 4062/3041/2878 4061/3040/2877 4064/3043/2880
f 4065/3044/2307 4064/3043/2880 4061/3040/2877
f 4066/3045/2306 4064/3043/2880 4065/3044/2307
f 4066/3045/2306 4067/3046/2881 4064/3043/2880
f 4068/3047/2304 4067/3046/2881 4066/3045/2306
f 3124/2188/2000 4069/3048/2882 3125/2189/2001
f 4069/3048/2882 4070/3049/2883 3125/2189/2001
f 3123/2187/1999 4071/3050/2884 3124/2188/2000
f 4071/3050/2884 4069/3048/2882 3124/2188/2000
f 4072/3051/2885 4071/3050/2884 3123/2187/1999
f 3122/2186/1998 4072/3051/2885 3123/2187/1999
f 3121/2185/1997 4073/3052/2886 3122/2186/1998
f 4073/3052/2886 4072/3051/2885 3122/2186/1998
f 3120/2184/1996 4074/3053/2887 3121/2185/1997
f 4074/3053/2887 4073/3052/2886 3121/2185/1997
f 4075/3054/2888 4074/3053/2887 3120/2184/1996
f 3143/2207/2019 4075/3054/2888 3120/2184/1996
f 3142/2206/2018 4076/3055/2889 3143/2207/2019
f 4076/3055/2889 4075/3054/2888 3143/2207/2019
f 4077/3056/2883 4076/3055/2889 3142/2206/2018
f 4078/3057/2890 4077/3056/2883 3142/2206/2018
f 4078/3057/2890 3142/2206/2018 3141/2205/2017
f 3144/2208/1986 4078/3057/2890 3141/2205/2017
f 4079/3058/2891 4080/3059/2892 4081/3060/2893
f 4080/3059/2892 4079/3058/2891 4082/3061/2894
f 4083/3062/2700 4082/3061/2894 4079/3058/2891
f 4084/3063/2625 4082/3061/2894 4083/3062/2700
f 4084/3063/2625 4085/3064/2629 4082/3061/2894
f 4086/3065/2624 4085/3064/2629 4084/3063/2625
f 3917/2906/2740 4087/2937/2895 3949/2937/2772
f 3949/2937/2772 4087/2937/2895 3947/2935/2770
f 3947/2935/2770 4088/2935/2896 3945/2933/2768
f 4087/2937/2895 4088/2935/2896 3947/2935/2770
f 4088/2935/2896 4089/2933/2897 3945/2933/2768
f 3945/2933/2768 4089/2933/2897 3943/2931/2766
f 4089/2933/2897 4090/2931/2898 3943/2931/2766
f 3943/2931/2766 4090/2931/2898 3941/2929/2764
f 4090/2931/2898 4091/2929/2899 3941/2929/2764
f 4092/3066/2889 4093/3067/2900 4094/3068/2901
f 4093/3067/2900 4092/3066/2889 4095/3069/2886
f 4096/3070/2883 4095/3069/2886 4092/3066/2889
f 4097/3071/2882 4095/3069/2886 4096/3070/2883
f 4097/3071/2882 4098/3072/2885 4095/3069/2886
f 4099/3073/2902 4098/3072/2885 4097/3071/2882
f 4100/3074/2903 3584/2609/2431 3568/2596/2415
f 3575/2603/2422 4101/3075/2904 3569/2597/2416
f 4101/3075/2904 3568/2596/2415 3569/2597/2416
f 4101/3075/2904 4100/3074/2903 3568/2596/2415
f 4102/3076/2472 4100/3074/2903 4101/3075/2904
f 4103/3077/2905 4101/3075/2904 3575/2603/2422
f 4103/3077/2905 4102/3076/2472 4101/3075/2904
f 3573/2601/2420 4103/3077/2905 3575/2603/2422
f 4104/3078/2460 4102/3076/2472 4103/3077/2905
f 4105/3079/2906 4103/3077/2905 3573/2601/2420
f 4105/3079/2906 4104/3078/2460 4103/3077/2905
f 3571/2599/2418 4105/3079/2906 3573/2601/2420
f 4106/3080/2461 4104/3078/2460 4105/3079/2906
f 4107/3081/2907 4105/3079/2906 3571/2599/2418
f 4107/3081/2907 4106/3080/2461 4105/3079/2906
f 4108/3082/2467 4106/3080/2461 4107/3081/2907
f 4109/3083/2713 4108/3082/2467 4107/3081/2907
f 4109/3083/2713 4107/3081/2907 4110/3084/2908
f 4110/3084/2908 4107/3081/2907 3571/2599/2418
f 4110/3084/2908 3571/2599/2418 3570/2598/2417
f 4111/3085/2712 4109/3083/2713 4110/3084/2908
f 3617/2636/2462 4112/3086/2909 3589/2613/2436
f 4112/3086/2909 3570/2598/2417 3589/2613/2436
f 4111/3085/2712 4110/3084/2908 4112/3086/2909
f 4112/3086/2909 4110/3084/2908 3570/2598/2417
f 4113/3087/2710 4111/3085/2712 4112/3086/2909
f 4113/3087/2710 4112/3086/2909 3617/2636/2462
f 3618/2637/2463 4113/3087/2710 3617/2636/2462
f 4114/3088/2910 4115/3089/2911 4116/3090/2912
f 4115/3089/2911 4114/3088/2910 4117/3091/2913
f 4118/3092/2914 4117/3091/2913 4114/3088/2910
f 4119/3093/2753 4117/3091/2913 4118/3092/2914
f 4119/3093/2753 4120/3094/2915 4117/3091/2913
f 4121/3095/2916 4120/3094/2915 4119/3093/2753
f 4122/3096/2917 4123/3097/2918 4124/3098/2919
f 4123/3097/2918 4122/3096/2917 4125/3099/2920
f 4126/3100/2219 4125/3099/2920 4122/3096/2917
f 4127/3101/2921 4125/3099/2920 4126/3100/2219
f 4127/3101/2921 4128/3102/2922 4125/3099/2920
f 4129/3103/2180 4128/3102/2922 4127/3101/2921
